{
  "type": "FeatureCollection",
  "generator": "overpass-turbo",
  "copyright": "The data included in this document is from www.openstreetmap.org. The data is made available under ODbL.",
  "timestamp": "2026-02-28T07:23:30Z",
  "features": [
    {
      "type": "Feature",
      "properties": {
        "@id": "node/245721026",
        "name": "Manipur Bagan",
        "place": "village",
        "postal_code": "788165"
      },
      "geometry": {
        "type": "Point",
        "coordinates": [
          92.5624899,
          24.3962465
        ]
      },
      "id": "node/245721026"
    },
    {
      "type": "Feature",
      "properties": {
        "@id": "node/245722358",
        "name": "Dengarband",
        "place": "village"
      },
      "geometry": {
        "type": "Point",
        "coordinates": [
          92.3017,
          24.401
        ]
      },
      "id": "node/245722358"
    },
    {
      "type": "Feature",
      "properties": {
        "@id": "node/245722452",
        "name": "Katlicherra",
        "name:bn": "কাতলিছড়া",
        "place": "town",
        "postal_code": "788161"
      },
      "geometry": {
        "type": "Point",
        "coordinates": [
          92.5581981,
          24.469067
        ]
      },
      "id": "node/245722452"
    },
    {
      "type": "Feature",
      "properties": {
        "@id": "node/245724216",
        "name": "Umednagar",
        "place": "village",
        "source": "GNS"
      },
      "geometry": {
        "type": "Point",
        "coordinates": [
          92.6165021,
          24.5670908
        ]
      },
      "id": "node/245724216"
    },
    {
      "type": "Feature",
      "properties": {
        "@id": "node/245724579",
        "name": "Pātbāri",
        "name:en": "Patbari",
        "place": "hamlet",
        "source:name": "SOI;AND"
      },
      "geometry": {
        "type": "Point",
        "coordinates": [
          92.953132,
          24.5915391
        ]
      },
      "id": "node/245724579"
    },
    {
      "type": "Feature",
      "properties": {
        "@id": "node/245724634",
        "name": "Pathar Kandi",
        "place": "village",
        "postal_code": "788724"
      },
      "geometry": {
        "type": "Point",
        "coordinates": [
          92.3193078,
          24.605525
        ]
      },
      "id": "node/245724634"
    },
    {
      "type": "Feature",
      "properties": {
        "@id": "node/245725264",
        "name": "Hailakandi",
        "name:bn": "হাইলাকান্দি",
        "place": "town",
        "postal_code": "788151",
        "wikidata": "Q914156",
        "wikipedia": "en:Hailakandi"
      },
      "geometry": {
        "type": "Point",
        "coordinates": [
          92.5645836,
          24.6846916
        ]
      },
      "id": "node/245725264"
    },
    {
      "type": "Feature",
      "properties": {
        "@id": "node/245725657",
        "AND_a_nosr_p": "10014962",
        "GNS:dsg_code": "PPL",
        "GNS:dsg_name": "populated place",
        "GNS:id": "-2111806",
        "GNS:modify_date": "2012-09-10T00:00:00.000Z",
        "GNS:uni": "-2931357",
        "name": "Sonāimukh",
        "name:en": "Sonaimukh",
        "place": "village",
        "postal_code": "788119",
        "source": "GNS",
        "source:gnsdata": "geonames.mil (GNS) country file 20241814"
      },
      "geometry": {
        "type": "Point",
        "coordinates": [
          92.8811593,
          24.725556
        ]
      },
      "id": "node/245725657"
    },
    {
      "type": "Feature",
      "properties": {
        "@id": "node/245725775",
        "name": "Silkuri",
        "place": "village",
        "postal_code": "788118"
      },
      "geometry": {
        "type": "Point",
        "coordinates": [
          92.7840477,
          24.7271083
        ]
      },
      "id": "node/245725775"
    },
    {
      "type": "Feature",
      "properties": {
        "@id": "node/245725971",
        "name": "Nilambazar",
        "place": "village",
        "postal_code": "788722",
        "wikidata": "Q24942284"
      },
      "geometry": {
        "type": "Point",
        "coordinates": [
          92.3506634,
          24.7462148
        ]
      },
      "id": "node/245725971"
    },
    {
      "type": "Feature",
      "properties": {
        "@id": "node/245726361",
        "AND_a_nosr_p": "10014907",
        "GNS:dsg_code": "PPL",
        "GNS:dsg_name": "populated place",
        "GNS:id": "-2102326",
        "GNS:modify_date": "2012-09-10T00:00:00.000Z",
        "GNS:uni": "-2918731",
        "name": "Lakhipur",
        "name:bn": "লক্ষীপুর",
        "name:en": "Lakhipur",
        "name:uk": "Лакгіпур",
        "place": "town",
        "population": "5000",
        "postal_code": "788103",
        "source": "geonames.mil (GNS) country file 20242898",
        "wikidata": "Q12450962"
      },
      "geometry": {
        "type": "Point",
        "coordinates": [
          93.0090947,
          24.7928227
        ]
      },
      "id": "node/245726361"
    },
    {
      "type": "Feature",
      "properties": {
        "@id": "node/245726854",
        "name": "Karimganj",
        "name:bn": "করিমগঞ্জ",
        "name:hi": "करीमगंज",
        "place": "town",
        "wikidata": "Q1729385",
        "wikipedia": "en:Karimganj"
      },
      "geometry": {
        "type": "Point",
        "coordinates": [
          92.3681114,
          24.8647214
        ]
      },
      "id": "node/245726854"
    },
    {
      "type": "Feature",
      "properties": {
        "@id": "node/245727857",
        "AND_a_nosr_p": "10014999",
        "GNS:dsg_code": "PPL",
        "GNS:dsg_name": "populated place",
        "GNS:id": "-2113651",
        "GNS:modify_date": "2012-09-10T00:00:00.000Z",
        "GNS:uni": "-2933944",
        "alt_name": "Udarbard;Udarbod;Udarband",
        "name": "Udharbond",
        "name:en": "Udarband",
        "place": "village",
        "postal_code": "788030",
        "source": "GNS",
        "source:alt_name": "geinames.mil (GNS)",
        "source:gnsdata": "geonames.mil (GNS) country file 20241279",
        "source:name:en": "geonames.mil (GNS)",
        "wikidata": "Q48724100"
      },
      "geometry": {
        "type": "Point",
        "coordinates": [
          92.8817754,
          24.8819591
        ]
      },
      "id": "node/245727857"
    },
    {
      "type": "Feature",
      "properties": {
        "@id": "node/245728326",
        "AND_a_nosr_p": "10014996",
        "name": "Kumbhir",
        "place": "village",
        "postal_code": "788108",
        "source": "GNS"
      },
      "geometry": {
        "type": "Point",
        "coordinates": [
          92.96533,
          24.9398536
        ]
      },
      "id": "node/245728326"
    },
    {
      "type": "Feature",
      "properties": {
        "@id": "node/245729854",
        "GNS:dsg_code": "PPL",
        "GNS:dsg_name": "populated place",
        "GNS:id": "-2096996",
        "GNS:modify_date": "2012-09-10T00:00:00.000Z",
        "GNS:uni": "-2911597;-2911596",
        "alt_name": "Haflang;Hāflong",
        "alt_name:eo": "Haflang",
        "name": "Haflong",
        "name:en": "Haflong",
        "place": "town",
        "source:gnsdata": "geonames.mil (GNS) country file 20244050",
        "wikidata": "Q1026900",
        "wikipedia": "en:Haflong"
      },
      "geometry": {
        "type": "Point",
        "coordinates": [
          93.017599,
          25.1645049
        ]
      },
      "id": "node/245729854"
    },
    {
      "type": "Feature",
      "properties": {
        "@id": "node/245730074",
        "GNS:dsg_code": "PPL",
        "GNS:dsg_name": "populated place",
        "GNS:id": "-2103238",
        "GNS:modify_date": "2012-09-10T00:00:00.000Z",
        "GNS:uni": "-2919976",
        "alt_name": "Māhur",
        "name": "Mahur",
        "name:en": "Mahur",
        "place": "town",
        "postal_code": "788830",
        "source": "geonames.mil (GNS) country file 20242891",
        "wikidata": "Q1925068",
        "wikipedia": "en:Mahur, Assam"
      },
      "geometry": {
        "type": "Point",
        "coordinates": [
          93.1133862,
          25.1830797
        ]
      },
      "id": "node/245730074"
    },
    {
      "type": "Feature",
      "properties": {
        "@id": "node/245731951",
        "name": "Maibong",
        "place": "town",
        "postal_code": "788831",
        "wikidata": "Q2563522",
        "wikipedia": "en:Maibang"
      },
      "geometry": {
        "type": "Point",
        "coordinates": [
          93.1332922,
          25.3021275
        ]
      },
      "id": "node/245731951"
    },
    {
      "type": "Feature",
      "properties": {
        "@id": "node/245734459",
        "name": "Langting",
        "place": "town",
        "postal_code": "788832"
      },
      "geometry": {
        "type": "Point",
        "coordinates": [
          93.1136328,
          25.4972313
        ]
      },
      "id": "node/245734459"
    },
    {
      "type": "Feature",
      "properties": {
        "@id": "node/245735323",
        "name": "Lungding",
        "place": "village"
      },
      "geometry": {
        "type": "Point",
        "coordinates": [
          93.1780629,
          25.598688
        ]
      },
      "id": "node/245735323"
    },
    {
      "type": "Feature",
      "properties": {
        "@id": "node/245736203",
        "AND_a_nosr_p": "10015013",
        "name": "Hatikhali",
        "place": "village",
        "postal_code": "788726",
        "source": "GNS"
      },
      "geometry": {
        "type": "Point",
        "coordinates": [
          93.1028021,
          25.6418668
        ]
      },
      "id": "node/245736203"
    },
    {
      "type": "Feature",
      "properties": {
        "@id": "node/245737700",
        "name": "Hatsinigmari",
        "place": "village"
      },
      "geometry": {
        "type": "Point",
        "coordinates": [
          89.8981452,
          25.7228753
        ]
      },
      "id": "node/245737700"
    },
    {
      "type": "Feature",
      "properties": {
        "@id": "node/245738612",
        "AND_a_nosr_p": "10015007",
        "name": "Lumding",
        "name:hi": "लामडिंग",
        "name:ru": "Ламдинг",
        "name:ta": "லாம்டிங்",
        "name:zh": "卢姆丁格",
        "place": "town",
        "population": "31347",
        "population:date": "2011",
        "postal_code": "782447",
        "website": "https://en.wikipedia.org/wiki/Lumding",
        "wikidata": "Q2244284",
        "wikipedia": "en:Lumding"
      },
      "geometry": {
        "type": "Point",
        "coordinates": [
          93.1731676,
          25.7535433
        ]
      },
      "id": "node/245738612"
    },
    {
      "type": "Feature",
      "properties": {
        "@id": "node/245738804",
        "name": "Kheroni",
        "place": "village"
      },
      "geometry": {
        "type": "Point",
        "coordinates": [
          92.8763946,
          25.8494099
        ]
      },
      "id": "node/245738804"
    },
    {
      "type": "Feature",
      "properties": {
        "@id": "node/245739251",
        "AND_a_nosr_p": "10015027",
        "name": "Kseh Kyntang",
        "place": "village",
        "source": "GNS"
      },
      "geometry": {
        "type": "Point",
        "coordinates": [
          92.2760125,
          25.8334773
        ]
      },
      "id": "node/245739251"
    },
    {
      "type": "Feature",
      "properties": {
        "@id": "node/245739605",
        "AND_a_nosr_p": "10015030",
        "name": "Mynser",
        "place": "hamlet",
        "source": "GNS"
      },
      "geometry": {
        "type": "Point",
        "coordinates": [
          92.4090803,
          25.91633
        ]
      },
      "id": "node/245739605"
    },
    {
      "type": "Feature",
      "properties": {
        "@id": "node/245740030",
        "alt_name": "Lankapatti",
        "name": "Lanka",
        "place": "town",
        "postal_code": "782446",
        "wikidata": "Q3826924"
      },
      "geometry": {
        "type": "Point",
        "coordinates": [
          92.9502797,
          25.9207022
        ]
      },
      "id": "node/245740030"
    },
    {
      "type": "Feature",
      "properties": {
        "@id": "node/245740681",
        "AND_a_nosr_p": "10014980",
        "name": "Burakek",
        "place": "village",
        "source": "GNS"
      },
      "geometry": {
        "type": "Point",
        "coordinates": [
          93.1638297,
          26.0030482
        ]
      },
      "id": "node/245740681"
    },
    {
      "type": "Feature",
      "properties": {
        "@id": "node/245740851",
        "name": "Loharghat",
        "place": "village"
      },
      "geometry": {
        "type": "Point",
        "coordinates": [
          91.4829,
          25.9564
        ]
      },
      "id": "node/245740851"
    },
    {
      "type": "Feature",
      "properties": {
        "@id": "node/245741680",
        "name": "Dhubri",
        "name:bn": "ধুবড়ী",
        "name:fa": "دوبری",
        "name:hi": "धुबरी",
        "name:kn": "ಧುಬ್ರೀ",
        "name:ml": "ധുബ്രി",
        "name:ru": "Дхубри",
        "name:zh": "图布里",
        "place": "city",
        "population": "63388",
        "postal_code": "783300",
        "wikidata": "Q1266586",
        "wikipedia": "en:Dhubri"
      },
      "geometry": {
        "type": "Point",
        "coordinates": [
          89.991393,
          26.019642
        ]
      },
      "id": "node/245741680"
    },
    {
      "type": "Feature",
      "properties": {
        "@id": "node/245742016",
        "name": "Chhaygaon",
        "place": "village",
        "postal_code": "781124"
      },
      "geometry": {
        "type": "Point",
        "coordinates": [
          91.3909,
          26.0491
        ]
      },
      "id": "node/245742016"
    },
    {
      "type": "Feature",
      "properties": {
        "@id": "node/245742069",
        "name": "Baida",
        "place": "village"
      },
      "geometry": {
        "type": "Point",
        "coordinates": [
          90.4198837,
          26.0285584
        ]
      },
      "id": "node/245742069"
    },
    {
      "type": "Feature",
      "properties": {
        "@id": "node/245742364",
        "name": "Krishnai",
        "place": "village",
        "postal_code": "783126"
      },
      "geometry": {
        "type": "Point",
        "coordinates": [
          90.6679988,
          26.0320772
        ]
      },
      "id": "node/245742364"
    },
    {
      "type": "Feature",
      "properties": {
        "@id": "node/245743490",
        "name": "Goalpara",
        "name:bn": "গোয়ালপাড়া",
        "name:fa": "گوالپارا",
        "name:hi": "गोवालपारा",
        "name:kn": "ಗೋಲ್ಪರ",
        "name:ml": "ഗോൽപാര",
        "name:ru": "Гоалпара",
        "name:ta": "கோல்பாரா",
        "name:zh": "戈瓦尔巴拉",
        "place": "city",
        "population": "100000",
        "postal_code": "783362",
        "wikidata": "Q579832"
      },
      "geometry": {
        "type": "Point",
        "coordinates": [
          90.6226683,
          26.1783623
        ]
      },
      "id": "node/245743490"
    },
    {
      "type": "Feature",
      "properties": {
        "@id": "node/245744465",
        "name": "Harirhat",
        "place": "village"
      },
      "geometry": {
        "type": "Point",
        "coordinates": [
          89.8342,
          26.1804
        ]
      },
      "id": "node/245744465"
    },
    {
      "type": "Feature",
      "properties": {
        "@id": "node/245744552",
        "name": "Kathiatoli",
        "place": "village"
      },
      "geometry": {
        "type": "Point",
        "coordinates": [
          92.7376834,
          26.1857
        ]
      },
      "id": "node/245744552"
    },
    {
      "type": "Feature",
      "properties": {
        "@id": "node/245744921",
        "name": "Bilasipara",
        "name:bn": "বিলাসীপাড়া",
        "place": "town",
        "postal_code": "783348",
        "wikidata": "Q795803"
      },
      "geometry": {
        "type": "Point",
        "coordinates": [
          90.2324363,
          26.2316753
        ]
      },
      "id": "node/245744921"
    },
    {
      "type": "Feature",
      "properties": {
        "@id": "node/245745347",
        "name": "Jogighopa",
        "name:zh-Hans-CN": "焦吉科巴",
        "place": "village",
        "postal_code": "783382",
        "wikidata": "Q6214788"
      },
      "geometry": {
        "type": "Point",
        "coordinates": [
          90.5731185,
          26.2222913
        ]
      },
      "id": "node/245745347"
    },
    {
      "type": "Feature",
      "properties": {
        "@id": "node/245746325",
        "name": "Barpeta",
        "name:ar": "باربتا",
        "name:bn": "বড়পেটা",
        "name:fa": "بارپتا",
        "name:hi": "बरपेटा",
        "name:kn": "ಬರ್ಪೇಟಾ",
        "name:ml": "ബർപേട്ട",
        "name:ru": "Барпета",
        "name:zh": "巴尔佩塔",
        "place": "city",
        "population": "100000",
        "postal_code": "781300",
        "wikidata": "Q4128071",
        "wikipedia": "en:Barpeta"
      },
      "geometry": {
        "type": "Point",
        "coordinates": [
          91.0075712,
          26.3257824
        ]
      },
      "id": "node/245746325"
    },
    {
      "type": "Feature",
      "properties": {
        "@id": "node/245746478",
        "name": "Santipur",
        "place": "village"
      },
      "geometry": {
        "type": "Point",
        "coordinates": [
          93.8462929,
          26.2972628
        ]
      },
      "id": "node/245746478"
    },
    {
      "type": "Feature",
      "properties": {
        "@id": "node/245747060",
        "name": "Nagaon",
        "name:as": "নগাঁও",
        "name:bh": "नगाँव",
        "name:bn": "নগাঁও",
        "name:eo": "Nagoan",
        "name:fa": "ناگاون",
        "name:hi": "नगाँव",
        "name:kn": "ನಗಾಂವ",
        "name:ml": "നഗാവ്",
        "name:nl": "Nagaon",
        "name:or": "ନଗାଁଓ",
        "name:ru": "Нагаон",
        "name:sa": "नगाँव-नगरम्",
        "name:ta": "நகோன்",
        "name:te": "నాగావ్",
        "name:ur": "ناگاؤں",
        "name:zh": "纳冈",
        "name:zh-Hans-CN": "瑙贡",
        "name:zh-Latn-pinyin": "nao gong",
        "place": "city",
        "population": "117700",
        "postal_code": "782001",
        "wikidata": "Q11938328",
        "wikipedia": "en:Nagaon"
      },
      "geometry": {
        "type": "Point",
        "coordinates": [
          92.6858215,
          26.3482238
        ]
      },
      "id": "node/245747060"
    },
    {
      "type": "Feature",
      "properties": {
        "@id": "node/245748064",
        "name": "Rangia",
        "place": "town",
        "postal_code": "781354",
        "wikidata": "Q2475022",
        "wikipedia": "en:Rangiya"
      },
      "geometry": {
        "type": "Point",
        "coordinates": [
          91.6172816,
          26.4444441
        ]
      },
      "id": "node/245748064"
    },
    {
      "type": "Feature",
      "properties": {
        "@id": "node/245748094",
        "AND_a_nosr_p": "10011890",
        "name": "Mangaldoi",
        "name:hi": "मंगलदोई",
        "name:ko": "망갈도이",
        "name:ml": "മംഗൾദോയ്",
        "name:ta": "மங்கலடாய்",
        "place": "town",
        "population": "25000",
        "postal_code": "784125",
        "source": "survey",
        "wikidata": "Q2308247"
      },
      "geometry": {
        "type": "Point",
        "coordinates": [
          92.0306569,
          26.436303
        ]
      },
      "id": "node/245748094"
    },
    {
      "type": "Feature",
      "properties": {
        "@id": "node/245748181",
        "name": "Nalbari",
        "name:bn": "নলবাড়ী",
        "name:ml": "നൽബാരി",
        "name:zh-Hans-CN": "讷尔巴里",
        "name:zh-Latn-pinyin": "ne er ba li",
        "place": "town",
        "postal_code": "781335",
        "wikidata": "Q2573006",
        "wikipedia": "en:Nalbari"
      },
      "geometry": {
        "type": "Point",
        "coordinates": [
          91.4354335,
          26.445568
        ]
      },
      "id": "node/245748181"
    },
    {
      "type": "Feature",
      "properties": {
        "@id": "node/245748425",
        "name": "Patharughat",
        "place": "village",
        "postal_code": "784144"
      },
      "geometry": {
        "type": "Point",
        "coordinates": [
          91.8803712,
          26.4516652
        ]
      },
      "id": "node/245748425"
    },
    {
      "type": "Feature",
      "properties": {
        "@id": "node/245748446",
        "name": "Dhing",
        "place": "town",
        "postal_code": "782123",
        "wikidata": "Q1259385",
        "wikipedia": "en:Dhing"
      },
      "geometry": {
        "type": "Point",
        "coordinates": [
          92.4819173,
          26.4582273
        ]
      },
      "id": "node/245748446"
    },
    {
      "type": "Feature",
      "properties": {
        "@id": "node/245748464",
        "name": "Moirabari",
        "place": "town"
      },
      "geometry": {
        "type": "Point",
        "coordinates": [
          92.4228752,
          26.4549295
        ]
      },
      "id": "node/245748464"
    },
    {
      "type": "Feature",
      "properties": {
        "@id": "node/245748937",
        "AND_a_nosr_p": "10011846",
        "description": "Urban centre and the seat of administrative operations of the Golaghat district",
        "ele": "95",
        "name": "Golaghat",
        "name:as": "গোলাঘাট",
        "name:bn": "গোলাঘাট",
        "name:ceb": "Golāghāt",
        "name:fa": "گلاغات",
        "name:hi": "गोलाघाट",
        "name:it": "Golaghat",
        "name:ml": "ഗോലാഘട്ട്",
        "name:sv": "Golaghat",
        "name:uk": "Ґолаґгат",
        "name:zh": "戈拉卡德",
        "place": "city",
        "population": "60782",
        "postal_code": "785621",
        "source": "AND",
        "wikidata": "Q1708160",
        "wikipedia": "en:Golaghat"
      },
      "geometry": {
        "type": "Point",
        "coordinates": [
          93.9743686,
          26.5108262
        ]
      },
      "id": "node/245748937"
    },
    {
      "type": "Feature",
      "properties": {
        "@id": "node/245749553",
        "name": "Dhamdhama",
        "place": "village"
      },
      "geometry": {
        "type": "Point",
        "coordinates": [
          91.4793749,
          26.5594067
        ]
      },
      "id": "node/245749553"
    },
    {
      "type": "Feature",
      "properties": {
        "@id": "node/245749879",
        "place": "village"
      },
      "geometry": {
        "type": "Point",
        "coordinates": [
          91.0959116,
          26.5654388
        ]
      },
      "id": "node/245749879"
    },
    {
      "type": "Feature",
      "properties": {
        "@id": "node/245749911",
        "name": "Kochugaon",
        "place": "village",
        "postal_code": "783350"
      },
      "geometry": {
        "type": "Point",
        "coordinates": [
          90.0619788,
          26.5666644
        ]
      },
      "id": "node/245749911"
    },
    {
      "type": "Feature",
      "properties": {
        "@id": "node/245750035",
        "name": "Bagori",
        "place": "village"
      },
      "geometry": {
        "type": "Point",
        "coordinates": [
          93.2788363,
          26.5777789
        ]
      },
      "id": "node/245750035"
    },
    {
      "type": "Feature",
      "properties": {
        "@id": "node/245750088",
        "alt_name": "Titābar",
        "name": "Titabor",
        "place": "town",
        "postal_code": "785630",
        "wikidata": "Q2737015"
      },
      "geometry": {
        "type": "Point",
        "coordinates": [
          94.1951629,
          26.5924877
        ]
      },
      "id": "node/245750088"
    },
    {
      "type": "Feature",
      "properties": {
        "@id": "node/245750237",
        "name": "Kalaigaon",
        "place": "town",
        "postal_code": "784525",
        "wikidata": "Q6350176"
      },
      "geometry": {
        "type": "Point",
        "coordinates": [
          91.9755449,
          26.5741395
        ]
      },
      "id": "node/245750237"
    },
    {
      "type": "Feature",
      "properties": {
        "@id": "node/245750616",
        "AND_a_nosr_p": "10011935",
        "name": "Singri",
        "name:zh-Hans-CN": "辛格里",
        "place": "village",
        "postal_code": "784120",
        "source": "GNS"
      },
      "geometry": {
        "type": "Point",
        "coordinates": [
          92.4808047,
          26.6126533
        ]
      },
      "id": "node/245750616"
    },
    {
      "type": "Feature",
      "properties": {
        "@id": "node/245750977",
        "name": "Tezpur",
        "name:as": "তেজপুৰ",
        "name:bn": "তেজপুর",
        "name:hi": "तेजपुर",
        "name:ja": "テーズプル",
        "name:kn": "ತೇಜ್ಪುರ್",
        "name:ko": "테즈푸르",
        "name:ml": "തേസ്പൂർ",
        "name:zh-Hans-CN": "提斯浦尔",
        "place": "town",
        "population": "5000",
        "postal_code": "784001",
        "wikidata": "Q1021162",
        "wikipedia": "en:Tezpur"
      },
      "geometry": {
        "type": "Point",
        "coordinates": [
          92.7976082,
          26.6229928
        ]
      },
      "id": "node/245750977"
    },
    {
      "type": "Feature",
      "properties": {
        "@id": "node/245750992",
        "name": "Hudukhata",
        "place": "village"
      },
      "geometry": {
        "type": "Point",
        "coordinates": [
          91.1025595,
          26.6109946
        ]
      },
      "id": "node/245750992"
    },
    {
      "type": "Feature",
      "properties": {
        "@id": "node/245751566",
        "name": "Hajua",
        "place": "village"
      },
      "geometry": {
        "type": "Point",
        "coordinates": [
          91.1949286,
          26.7012485
        ]
      },
      "id": "node/245751566"
    },
    {
      "type": "Feature",
      "properties": {
        "@id": "node/245751582",
        "name": "Dhekiajuli",
        "name:hi": "ढेकि‌‌याजुली",
        "place": "village",
        "postal_code": "784110"
      },
      "geometry": {
        "type": "Point",
        "coordinates": [
          92.4823,
          26.7063
        ]
      },
      "id": "node/245751582"
    },
    {
      "type": "Feature",
      "properties": {
        "@id": "node/245751778",
        "alt_name": "Amtika",
        "name": "Āmteka",
        "name:en": "Amteka",
        "place": "village"
      },
      "geometry": {
        "type": "Point",
        "coordinates": [
          90.5353699,
          26.7342943
        ]
      },
      "id": "node/245751778"
    },
    {
      "type": "Feature",
      "properties": {
        "@id": "node/245751784",
        "alt_name": "Jamuguri",
        "name": "Jamugurihat",
        "place": "village"
      },
      "geometry": {
        "type": "Point",
        "coordinates": [
          92.930826,
          26.7230372
        ]
      },
      "id": "node/245751784"
    },
    {
      "type": "Feature",
      "properties": {
        "@id": "node/245752307",
        "name": "Subankhata",
        "place": "village"
      },
      "geometry": {
        "type": "Point",
        "coordinates": [
          91.4292844,
          26.7660969
        ]
      },
      "id": "node/245752307"
    },
    {
      "type": "Feature",
      "properties": {
        "@id": "node/245752537",
        "alt_name:en": "Odalguri",
        "name": "Udalguri",
        "name:as": "ওদালগুৰি",
        "name:en": "Udalguri",
        "name:ko": "우달구리",
        "name:zh-Hans-CN": "乌德尔古里",
        "name:zh-Latn-pinyin": "Wū dé'ěr gǔlǐ",
        "place": "town",
        "postal_code": "784509",
        "wikidata": "Q2726152",
        "wikipedia": "en:Odalguri"
      },
      "geometry": {
        "type": "Point",
        "coordinates": [
          92.0977245,
          26.7503815
        ]
      },
      "id": "node/245752537"
    },
    {
      "type": "Feature",
      "properties": {
        "@id": "node/245752909",
        "AND_a_nosr_p": "10011955",
        "name": "Goibarigoan",
        "place": "village",
        "source": "AND"
      },
      "geometry": {
        "type": "Point",
        "coordinates": [
          91.8367477,
          26.8125417
        ]
      },
      "id": "node/245752909"
    },
    {
      "type": "Feature",
      "properties": {
        "@id": "node/245753279",
        "name": "Amguri",
        "place": "town"
      },
      "geometry": {
        "type": "Point",
        "coordinates": [
          94.5249646,
          26.8098175
        ]
      },
      "id": "node/245753279"
    },
    {
      "type": "Feature",
      "properties": {
        "@id": "node/245753586",
        "name": "Gingia",
        "place": "village"
      },
      "geometry": {
        "type": "Point",
        "coordinates": [
          93.2431005,
          26.8291088
        ]
      },
      "id": "node/245753586"
    },
    {
      "type": "Feature",
      "properties": {
        "@id": "node/245753634",
        "name": "Teok",
        "place": "village",
        "postal_code": "785112"
      },
      "geometry": {
        "type": "Point",
        "coordinates": [
          94.4179545,
          26.8349054
        ]
      },
      "id": "node/245753634"
    },
    {
      "type": "Feature",
      "properties": {
        "@id": "node/245753934",
        "name": "Chariduar",
        "place": "town"
      },
      "geometry": {
        "type": "Point",
        "coordinates": [
          92.7809069,
          26.8628617
        ]
      },
      "id": "node/245753934"
    },
    {
      "type": "Feature",
      "properties": {
        "@id": "node/245753972",
        "name": "Gohpur",
        "place": "town",
        "postal_code": "784168",
        "wikidata": "Q1708616"
      },
      "geometry": {
        "type": "Point",
        "coordinates": [
          93.6138414,
          26.8814942
        ]
      },
      "id": "node/245753972"
    },
    {
      "type": "Feature",
      "properties": {
        "@id": "node/245754015",
        "AND_a_nosr_p": "10011963",
        "name": "Khairabari",
        "name:hi": "Kahibari",
        "place": "village",
        "postal_code": "784522",
        "source": "AND"
      },
      "geometry": {
        "type": "Point",
        "coordinates": [
          92.12448,
          26.84921
        ]
      },
      "id": "node/245754015"
    },
    {
      "type": "Feature",
      "properties": {
        "@id": "node/245754553",
        "GNS:dsg_code": "PPL",
        "GNS:dsg_name": "populated place",
        "GNS:id": "-2106019",
        "GNS:modify_date": "2012-09-17T00:00:00.000Z",
        "GNS:uni": "-2923678",
        "alt_name": "Nāzirā",
        "name": "Nazira",
        "name:en": "Nazira",
        "place": "town",
        "source:gnsdata": "geonames.mil (GNS) country file 20242495",
        "wikidata": "Q2733289"
      },
      "geometry": {
        "type": "Point",
        "coordinates": [
          94.736043,
          26.9164974
        ]
      },
      "id": "node/245754553"
    },
    {
      "type": "Feature",
      "properties": {
        "@id": "node/245754786",
        "name": "Naryanpur",
        "place": "village"
      },
      "geometry": {
        "type": "Point",
        "coordinates": [
          93.8561117,
          26.9520479
        ]
      },
      "id": "node/245754786"
    },
    {
      "type": "Feature",
      "properties": {
        "@id": "node/245754927",
        "AND_a_nosr_p": "10011966",
        "name": "Bhutiachang",
        "place": "village",
        "source": "AND"
      },
      "geometry": {
        "type": "Point",
        "coordinates": [
          92.603,
          26.9423
        ]
      },
      "id": "node/245754927"
    },
    {
      "type": "Feature",
      "properties": {
        "@id": "node/245755348",
        "alt_name": "Sibsagar",
        "name": "Sivasagar",
        "name:ar": "شيفساغار",
        "name:fa": "شیوساگر",
        "name:hi": "शिवसागर",
        "name:zh": "锡布萨格尔",
        "old_name": "Rangpur",
        "place": "city",
        "postal_code": "785600",
        "wikidata": "Q1284453",
        "wikipedia": "en:Sivasagar"
      },
      "geometry": {
        "type": "Point",
        "coordinates": [
          94.6394226,
          26.9834936
        ]
      },
      "id": "node/245755348"
    },
    {
      "type": "Feature",
      "properties": {
        "@id": "node/245755518",
        "name": "Nargargaon",
        "place": "village"
      },
      "geometry": {
        "type": "Point",
        "coordinates": [
          94.1652801,
          27.0116178
        ]
      },
      "id": "node/245755518"
    },
    {
      "type": "Feature",
      "properties": {
        "@id": "node/245756072",
        "name": "Dimow",
        "place": "town"
      },
      "geometry": {
        "type": "Point",
        "coordinates": [
          94.7405111,
          27.1272894
        ]
      },
      "id": "node/245756072"
    },
    {
      "type": "Feature",
      "properties": {
        "@id": "node/245756524",
        "name": "Borhat",
        "place": "village",
        "postal_code": "785693",
        "wikidata": "Q4945097"
      },
      "geometry": {
        "type": "Point",
        "coordinates": [
          95.2768719,
          27.163159
        ]
      },
      "id": "node/245756524"
    },
    {
      "type": "Feature",
      "properties": {
        "@id": "node/245757287",
        "capital": "5",
        "name": "North Lakhimpur",
        "name:as": "উত্তৰ লখিমপুৰ",
        "name:en": "North Lakhimpur",
        "name:hi": "उत्तरी लखीमपुर",
        "name:kn": "ಲಖಿಂಪುರ್",
        "name:ko": "노스라킴푸르",
        "name:zh": "北勒金布尔",
        "place": "town",
        "population": "50000",
        "postal_code": "787001",
        "wikidata": "Q2088889"
      },
      "geometry": {
        "type": "Point",
        "coordinates": [
          94.1038765,
          27.236211
        ]
      },
      "id": "node/245757287"
    },
    {
      "type": "Feature",
      "properties": {
        "@id": "node/245757650",
        "name": "Naharkatia",
        "place": "town",
        "wikidata": "Q2733371"
      },
      "geometry": {
        "type": "Point",
        "coordinates": [
          95.3258308,
          27.286295
        ]
      },
      "id": "node/245757650"
    },
    {
      "type": "Feature",
      "properties": {
        "@id": "node/245757880",
        "name": "Dejoo",
        "name:en": "Dejoo",
        "place": "village"
      },
      "geometry": {
        "type": "Point",
        "coordinates": [
          94.024071,
          27.2727813
        ]
      },
      "id": "node/245757880"
    },
    {
      "type": "Feature",
      "properties": {
        "@id": "node/245760898",
        "addr:city": "Dimow",
        "name": "Dijmur",
        "place": "village"
      },
      "geometry": {
        "type": "Point",
        "coordinates": [
          94.8938544,
          27.6228253
        ]
      },
      "id": "node/245760898"
    },
    {
      "type": "Feature",
      "properties": {
        "@id": "node/245761687",
        "name": "Dhola",
        "place": "village"
      },
      "geometry": {
        "type": "Point",
        "coordinates": [
          95.596791,
          27.7540542
        ]
      },
      "id": "node/245761687"
    },
    {
      "type": "Feature",
      "properties": {
        "@id": "node/245762207",
        "name": "Kundil Bazar",
        "place": "village"
      },
      "geometry": {
        "type": "Point",
        "coordinates": [
          95.6991577,
          27.8390382
        ]
      },
      "id": "node/245762207"
    },
    {
      "type": "Feature",
      "properties": {
        "@id": "node/299448214",
        "alt_name:ar": "ديبروجاره",
        "name": "Dibrugarh",
        "name:ar": "دبروغاره",
        "name:as": "ডিব্ৰুগড়",
        "name:bn": "ডিব্রুগড়",
        "name:en": "Dibrugarh",
        "name:fa": "دیبروگر",
        "name:hi": "डिब्रूगढ",
        "name:ja": "ディブルガル",
        "name:kn": "ಡಿಬ್ರುಗಡ",
        "name:ml": "ദിബ്രുഗഡ്",
        "name:ru": "Дибругарх",
        "name:ta": "திப்ருகார்",
        "name:ur": "ڈبروگڑھ",
        "name:zh": "迪布鲁格尔",
        "place": "city",
        "population": "140000",
        "postal_code": "786001",
        "wikidata": "Q1266637",
        "wikipedia": "en:Dibrugarh"
      },
      "geometry": {
        "type": "Point",
        "coordinates": [
          94.9019447,
          27.4844597
        ]
      },
      "id": "node/299448214"
    },
    {
      "type": "Feature",
      "properties": {
        "@id": "node/299448217",
        "name": "Chabua",
        "name:en": "Chabua",
        "place": "town",
        "postal_code": "786184",
        "wikidata": "Q861884"
      },
      "geometry": {
        "type": "Point",
        "coordinates": [
          95.1730318,
          27.4826767
        ]
      },
      "id": "node/299448217"
    },
    {
      "type": "Feature",
      "properties": {
        "@id": "node/299448219",
        "name": "Lengeri Gaon",
        "place": "village"
      },
      "geometry": {
        "type": "Point",
        "coordinates": [
          95.0276473,
          27.2760232
        ]
      },
      "id": "node/299448219"
    },
    {
      "type": "Feature",
      "properties": {
        "@id": "node/342098065",
        "name": "Oraog",
        "place": "village"
      },
      "geometry": {
        "type": "Point",
        "coordinates": [
          92.3305535,
          26.6988425
        ]
      },
      "id": "node/342098065"
    },
    {
      "type": "Feature",
      "properties": {
        "@id": "node/342098185",
        "name": "Rowta",
        "place": "village",
        "wikidata": "Q7372294"
      },
      "geometry": {
        "type": "Point",
        "coordinates": [
          92.2064629,
          26.7125125
        ]
      },
      "id": "node/342098185"
    },
    {
      "type": "Feature",
      "properties": {
        "@id": "node/342098225",
        "name": "Bhairab Kund",
        "place": "village"
      },
      "geometry": {
        "type": "Point",
        "coordinates": [
          92.1126169,
          26.8836472
        ]
      },
      "id": "node/342098225"
    },
    {
      "type": "Feature",
      "properties": {
        "@id": "node/342099191",
        "name": "Helem",
        "place": "village",
        "postal_code": "784170"
      },
      "geometry": {
        "type": "Point",
        "coordinates": [
          93.4759927,
          26.8435625
        ]
      },
      "id": "node/342099191"
    },
    {
      "type": "Feature",
      "properties": {
        "@id": "node/342099543",
        "name": "Bishwanath Charaili",
        "place": "town",
        "wikidata": "Q859133",
        "wikipedia": "en:Biswanath Chariali"
      },
      "geometry": {
        "type": "Point",
        "coordinates": [
          93.1495466,
          26.7283548
        ]
      },
      "id": "node/342099543"
    },
    {
      "type": "Feature",
      "properties": {
        "@id": "node/342099566",
        "name": "Chutia",
        "place": "village"
      },
      "geometry": {
        "type": "Point",
        "coordinates": [
          93.03635,
          26.73798
        ]
      },
      "id": "node/342099566"
    },
    {
      "type": "Feature",
      "properties": {
        "@id": "node/342099609",
        "name": "Khunamukh",
        "place": "village"
      },
      "geometry": {
        "type": "Point",
        "coordinates": [
          92.84546,
          26.80389
        ]
      },
      "id": "node/342099609"
    },
    {
      "type": "Feature",
      "properties": {
        "@id": "node/342099620",
        "name": "Balipara",
        "place": "village"
      },
      "geometry": {
        "type": "Point",
        "coordinates": [
          92.7798718,
          26.8225305
        ]
      },
      "id": "node/342099620"
    },
    {
      "type": "Feature",
      "properties": {
        "@id": "node/342099922",
        "name": "Majarbari Ghat",
        "place": "village"
      },
      "geometry": {
        "type": "Point",
        "coordinates": [
          94.9083595,
          27.5946843
        ]
      },
      "id": "node/342099922"
    },
    {
      "type": "Feature",
      "properties": {
        "@id": "node/342099988",
        "name": "Kharupetia",
        "place": "town",
        "wikidata": "Q2120118",
        "wikipedia": "en:Kharupetia"
      },
      "geometry": {
        "type": "Point",
        "coordinates": [
          92.1469174,
          26.5174808
        ]
      },
      "id": "node/342099988"
    },
    {
      "type": "Feature",
      "properties": {
        "@id": "node/342100005",
        "name": "Dalgoan",
        "name:zh-Hans-CN": "德尔冈",
        "place": "town",
        "wikidata": "Q5210834",
        "wikipedia": "en:Dalgaon"
      },
      "geometry": {
        "type": "Point",
        "coordinates": [
          92.2003464,
          26.556165
        ]
      },
      "id": "node/342100005"
    },
    {
      "type": "Feature",
      "properties": {
        "@id": "node/342100221",
        "name": "Sipajhar",
        "name:hi": "सिपाझार",
        "place": "town",
        "population": "22355",
        "wikidata": "Q16866899",
        "wikipedia": "en:Sipajhar"
      },
      "geometry": {
        "type": "Point",
        "coordinates": [
          91.89652,
          26.3974
        ]
      },
      "id": "node/342100221"
    },
    {
      "type": "Feature",
      "properties": {
        "@id": "node/342100373",
        "GNS:dsg_code": "PPL",
        "GNS:dsg_name": "populated place",
        "GNS:id": "-2092150",
        "GNS:modify_date": "2012-09-10T00:00:00.000Z",
        "GNS:uni": "-2905016",
        "alt_name": "Bokākhāt",
        "name": "Bokakhat",
        "name:en": "Bokakhat",
        "place": "village",
        "source:gnsdata": "geonames.mil (GNS) country file 20244877"
      },
      "geometry": {
        "type": "Point",
        "coordinates": [
          93.6005065,
          26.6401815
        ]
      },
      "id": "node/342100373"
    },
    {
      "type": "Feature",
      "properties": {
        "@id": "node/342100459",
        "name": "Kali Ghat",
        "place": "hamlet"
      },
      "geometry": {
        "type": "Point",
        "coordinates": [
          94.120265,
          27.0636092
        ]
      },
      "id": "node/342100459"
    },
    {
      "type": "Feature",
      "properties": {
        "@id": "node/342100465",
        "name": "Pahumara",
        "place": "village"
      },
      "geometry": {
        "type": "Point",
        "coordinates": [
          94.053239,
          27.2013447
        ]
      },
      "id": "node/342100465"
    },
    {
      "type": "Feature",
      "properties": {
        "@id": "node/342100483",
        "name": "Dergaon",
        "place": "town",
        "wikidata": "Q1189812",
        "wikipedia": "en:Dergaon"
      },
      "geometry": {
        "type": "Point",
        "coordinates": [
          93.97019,
          26.71463
        ]
      },
      "id": "node/342100483"
    },
    {
      "type": "Feature",
      "properties": {
        "@id": "node/342100536",
        "name": "Changsari",
        "place": "village",
        "wikidata": "Q5072106",
        "wikipedia": "en:Changsari"
      },
      "geometry": {
        "type": "Point",
        "coordinates": [
          91.6963761,
          26.263269
        ]
      },
      "id": "node/342100536"
    },
    {
      "type": "Feature",
      "properties": {
        "@id": "node/566672795",
        "name": "Hajo",
        "name:bn": "হাজো",
        "place": "town",
        "postal_code": "781102",
        "wikidata": "Q12059365",
        "wikipedia": "en:Hajo"
      },
      "geometry": {
        "type": "Point",
        "coordinates": [
          91.5265279,
          26.2491886
        ]
      },
      "id": "node/566672795"
    },
    {
      "type": "Feature",
      "properties": {
        "@id": "node/566672797",
        "capital": "4",
        "is_capital": "state",
        "is_in:country": "India",
        "name": "Dispur",
        "name:as": "দিছপুৰ",
        "name:bn": "দিসপুর",
        "name:en": "Dispur",
        "name:hi": "दिसपुर",
        "name:ja": "ディスプル",
        "name:ko": "디스푸르",
        "name:ml": "ദിസ്പൂർ",
        "name:mr": "दिसपुर",
        "name:ru": "Диспур",
        "name:ta": "திஸ்பூர்",
        "name:uk": "Діспур",
        "name:zh-Hans-CN": "迪斯浦尔",
        "place": "town",
        "postal_code": "781005",
        "wikidata": "Q271911",
        "wikipedia": "en:Dispur"
      },
      "geometry": {
        "type": "Point",
        "coordinates": [
          91.7910265,
          26.1409355
        ]
      },
      "id": "node/566672797"
    },
    {
      "type": "Feature",
      "properties": {
        "@id": "node/566672798",
        "name": "Jorabat",
        "name:bn": "জোরাবাত",
        "name:hi": "जोराबात",
        "place": "town",
        "wikidata": "Q6276242"
      },
      "geometry": {
        "type": "Point",
        "coordinates": [
          91.8773204,
          26.0993157
        ]
      },
      "id": "node/566672798"
    },
    {
      "type": "Feature",
      "properties": {
        "@id": "node/566672800",
        "name": "Sonapur",
        "name:bn": "সোনাপুর",
        "place": "town",
        "postal_code": "782402",
        "wikidata": "Q7560793"
      },
      "geometry": {
        "type": "Point",
        "coordinates": [
          91.9702229,
          26.1192493
        ]
      },
      "id": "node/566672800"
    },
    {
      "type": "Feature",
      "properties": {
        "@id": "node/566672801",
        "name": "Nakhola",
        "name:bn": "নাখোলা",
        "place": "town",
        "population": "5000"
      },
      "geometry": {
        "type": "Point",
        "coordinates": [
          92.2012506,
          26.1248565
        ]
      },
      "id": "node/566672801"
    },
    {
      "type": "Feature",
      "properties": {
        "@id": "node/566672802",
        "alt_name": "গুৱাহাটী",
        "int_name": "Guwahati",
        "is_in:country": "India",
        "is_in:country_code": "IN",
        "name": "Guwahati",
        "name:ar": "غواهاتي",
        "name:as": "গুৱাহাটী",
        "name:be": "Гувахаці",
        "name:bh": "गुवाहाटी",
        "name:bn": "গুয়াহাটি",
        "name:cs": "Guváhátí",
        "name:de": "Guwahati",
        "name:el": "Γκαουχάτι",
        "name:en": "Guwahati",
        "name:eo": "Guvahati",
        "name:es": "Guwahati",
        "name:fa": "گوآهاتی",
        "name:fr": "Guwahati",
        "name:gu": "ગુવાહાટી",
        "name:he": "גוואתי",
        "name:hi": "गुवाहाटी",
        "name:hu": "Gauháti",
        "name:hy": "Գաուհատի",
        "name:ja": "グワーハーティー",
        "name:ka": "გუვაჰატი",
        "name:kn": "ಗುವಾಹಾಟಿ",
        "name:ko": "구와하티",
        "name:ky": "Гаухати",
        "name:lt": "Guvahatis",
        "name:lv": "Gauhātī",
        "name:ml": "ഗുവഹാത്തി",
        "name:mr": "गुवाहाटी",
        "name:my": "ဂူဝါဟာတီမြို့",
        "name:ne": "गुवाहाटी",
        "name:or": "ଗୁଆହାଟୀ",
        "name:pa": "ਗੁਹਾਟੀ",
        "name:ps": "گواهتي",
        "name:ru": "Гувахати",
        "name:sa": "गुवाहाटी",
        "name:sq": "Guvahati",
        "name:sr": "Гувахати",
        "name:ta": "குவஹாத்தி",
        "name:te": "గువహాటి",
        "name:th": "คุวาหาฏี",
        "name:uk": "Ґувахаті",
        "name:ur": "گوہاٹی",
        "name:zh": "古瓦哈提",
        "name:zh-Hans-CN": "高哈蒂",
        "old_name": "Gauhati",
        "old_name:bn": "গৌহাটি",
        "place": "city",
        "place:cca": "b2",
        "population": "1000000",
        "postal_code": "781015",
        "source": "Yahoo",
        "wikidata": "Q199605",
        "wikipedia": "en:Guwahati"
      },
      "geometry": {
        "type": "Point",
        "coordinates": [
          91.753943,
          26.1805978
        ]
      },
      "id": "node/566672802"
    },
    {
      "type": "Feature",
      "properties": {
        "@id": "node/567371808",
        "name": "Kumar Gaon",
        "place": "village"
      },
      "geometry": {
        "type": "Point",
        "coordinates": [
          94.2472911,
          26.8281866
        ]
      },
      "id": "node/567371808"
    },
    {
      "type": "Feature",
      "properties": {
        "@id": "node/567378604",
        "name": "Numaligarh",
        "place": "village",
        "postal_code": "785615"
      },
      "geometry": {
        "type": "Point",
        "coordinates": [
          93.7267655,
          26.6304927
        ]
      },
      "id": "node/567378604"
    },
    {
      "type": "Feature",
      "properties": {
        "@id": "node/567383141",
        "name": "Marigaon",
        "name:as": "মৰিগাঁও",
        "name:bn": "মরিগাঁও",
        "name:kn": "ಮರಿಗಾಂವ",
        "place": "town",
        "population": "5000",
        "postal_code": "782105",
        "wikidata": "Q2484039",
        "wikipedia": "en:Morigaon"
      },
      "geometry": {
        "type": "Point",
        "coordinates": [
          92.3443835,
          26.2514907
        ]
      },
      "id": "node/567383141"
    },
    {
      "type": "Feature",
      "properties": {
        "@id": "node/567383142",
        "name": "Samaguri",
        "place": "village",
        "postal_code": "782140"
      },
      "geometry": {
        "type": "Point",
        "coordinates": [
          92.8446824,
          26.4189384
        ]
      },
      "id": "node/567383142"
    },
    {
      "type": "Feature",
      "properties": {
        "@id": "node/567383143",
        "name": "Missa",
        "place": "village",
        "postal_code": "782138"
      },
      "geometry": {
        "type": "Point",
        "coordinates": [
          92.9448929,
          26.4850996
        ]
      },
      "id": "node/567383143"
    },
    {
      "type": "Feature",
      "properties": {
        "@id": "node/567777060",
        "alt_name:ar": "سيلشار;سيلكار",
        "alt_name:ur": "سیلچار",
        "is_in:country": "India",
        "is_in:country_code": "IN",
        "name": "Silchar",
        "name:ar": "سلشر",
        "name:as": "শিলচৰ",
        "name:bn": "শিলচর",
        "name:de": "Silchar",
        "name:en": "Silchar",
        "name:es": "Silchar",
        "name:fa": "سلچر",
        "name:fr": "Silchar",
        "name:hi": "सिलचर",
        "name:ja": "スィルチャル",
        "name:kn": "ಶಿಲಚರ",
        "name:ml": "സിൽചർ",
        "name:ur": "سلچر",
        "name:zh": "锡尔杰尔",
        "place": "city",
        "population": "172800",
        "postal_code": "788014",
        "wikidata": "Q944769",
        "wikipedia": "en:Silchar"
      },
      "geometry": {
        "type": "Point",
        "coordinates": [
          92.797148,
          24.829588
        ]
      },
      "id": "node/567777060"
    },
    {
      "type": "Feature",
      "properties": {
        "@id": "node/567779839",
        "name": "Katakhal",
        "place": "village",
        "wikidata": "Q25248087"
      },
      "geometry": {
        "type": "Point",
        "coordinates": [
          92.6318201,
          24.832364
        ]
      },
      "id": "node/567779839"
    },
    {
      "type": "Feature",
      "properties": {
        "@id": "node/569210357",
        "name": "North Salmara",
        "place": "village"
      },
      "geometry": {
        "type": "Point",
        "coordinates": [
          90.626498,
          26.3692782
        ]
      },
      "id": "node/569210357"
    },
    {
      "type": "Feature",
      "properties": {
        "@id": "node/569243331",
        "name": "Bongaigaon",
        "name:ar": "بونجايجاون",
        "name:as": "বঙাইগাঁও",
        "name:bn": "বঙাইগাঁও",
        "name:eo": "Bongaigan",
        "name:fa": "بونگایگائون",
        "name:gu": "બોંગાઇગાંવ",
        "name:hi": "बंगाईगाँव",
        "name:ja": "ボーンガーイーガーオン",
        "name:kn": "ಬೊನಇಗಾಂ",
        "name:ml": "ബോംഗൈഗാവ്",
        "name:mr": "बाँगाइगांव",
        "name:nl": "Bongaigaon",
        "name:or": "ବୋଙ୍ଗାଇଗାଓଁ",
        "name:ru": "Бонгайгаон",
        "name:ta": "போங்கைகாவொன்",
        "name:te": "బొంగైగావ్",
        "name:ur": "بونگائی گاؤں",
        "name:zh": "邦格艾加奥恩",
        "name:zh-Hans-CN": "邦盖加翁",
        "place": "city",
        "population": "139034",
        "postal_code": "783380",
        "wikidata": "Q3429538",
        "wikipedia": "en:Bongaigaon"
      },
      "geometry": {
        "type": "Point",
        "coordinates": [
          90.5580387,
          26.4800126
        ]
      },
      "id": "node/569243331"
    },
    {
      "type": "Feature",
      "properties": {
        "@id": "node/569366501",
        "name": "Gauripur",
        "name:bn": "গৌরীপুর",
        "name:en": "Gauripur",
        "place": "town",
        "postal_code": "783331",
        "wikidata": "Q279871"
      },
      "geometry": {
        "type": "Point",
        "coordinates": [
          89.964662,
          26.0865358
        ]
      },
      "id": "node/569366501"
    },
    {
      "type": "Feature",
      "properties": {
        "@id": "node/569366516",
        "name": "Sapatgram",
        "name:bn": "সপ্তগ্রাম",
        "place": "town",
        "postal_code": "783337"
      },
      "geometry": {
        "type": "Point",
        "coordinates": [
          90.1078152,
          26.3309065
        ]
      },
      "id": "node/569366516"
    },
    {
      "type": "Feature",
      "properties": {
        "@id": "node/569366522",
        "name": "Kokrajhar",
        "name:bn": "কোকড়াঝাড়",
        "name:en": "Kokrajhar",
        "place": "town",
        "postal_code": "783370",
        "source": "User Knowledge",
        "wikidata": "Q2728994",
        "wikipedia": "en:Kokrajhar"
      },
      "geometry": {
        "type": "Point",
        "coordinates": [
          90.2710412,
          26.4003745
        ]
      },
      "id": "node/569366522"
    },
    {
      "type": "Feature",
      "properties": {
        "@id": "node/569366524",
        "name": "Patgaon",
        "place": "village"
      },
      "geometry": {
        "type": "Point",
        "coordinates": [
          90.2176147,
          26.5676868
        ]
      },
      "id": "node/569366524"
    },
    {
      "type": "Feature",
      "properties": {
        "@id": "node/746951099",
        "name": "Dangari",
        "place": "village"
      },
      "geometry": {
        "type": "Point",
        "coordinates": [
          95.5709047,
          27.7031105
        ]
      },
      "id": "node/746951099"
    },
    {
      "type": "Feature",
      "properties": {
        "@id": "node/830103529",
        "name": "Abhayapuri",
        "name:bn": "অভয়পুরী",
        "place": "town",
        "wikidata": "Q490701"
      },
      "geometry": {
        "type": "Point",
        "coordinates": [
          90.6669044,
          26.334307
        ]
      },
      "id": "node/830103529"
    },
    {
      "type": "Feature",
      "properties": {
        "@id": "node/830103551",
        "name": "Dullabhcherra",
        "name:bn": "দুল্লভছড়া",
        "name:en": "Dullabhcherra",
        "place": "town",
        "wikidata": "Q48726625"
      },
      "geometry": {
        "type": "Point",
        "coordinates": [
          92.4355853,
          24.48627
        ]
      },
      "id": "node/830103551"
    },
    {
      "type": "Feature",
      "properties": {
        "@id": "node/831176590",
        "name": "Nahorani",
        "place": "village"
      },
      "geometry": {
        "type": "Point",
        "coordinates": [
          94.0066218,
          26.6705712
        ]
      },
      "id": "node/831176590"
    },
    {
      "type": "Feature",
      "properties": {
        "@id": "node/831311257",
        "name": "Kuwarital",
        "place": "village"
      },
      "geometry": {
        "type": "Point",
        "coordinates": [
          92.9416917,
          26.5554356
        ]
      },
      "id": "node/831311257"
    },
    {
      "type": "Feature",
      "properties": {
        "@id": "node/832590772",
        "alt_name": "Roha",
        "name": "Raha",
        "place": "town"
      },
      "geometry": {
        "type": "Point",
        "coordinates": [
          92.5168395,
          26.2297145
        ]
      },
      "id": "node/832590772"
    },
    {
      "type": "Feature",
      "properties": {
        "@id": "node/832854432",
        "name": "Jhanji",
        "place": "village"
      },
      "geometry": {
        "type": "Point",
        "coordinates": [
          94.4962783,
          26.8494679
        ]
      },
      "id": "node/832854432"
    },
    {
      "type": "Feature",
      "properties": {
        "@id": "node/957093807",
        "is_in": "Asia,India,Assam,Dibrugarh",
        "name": "Duliajan",
        "place": "town",
        "postal_code": "786602",
        "wikidata": "Q1387076",
        "wikipedia": "en:Duliajan"
      },
      "geometry": {
        "type": "Point",
        "coordinates": [
          95.3192307,
          27.3559134
        ]
      },
      "id": "node/957093807"
    },
    {
      "type": "Feature",
      "properties": {
        "@id": "node/958035180",
        "name": "Saikhoa Ghat",
        "name:zh": "赛考卡德",
        "place": "village",
        "population": "5000",
        "postal_code": "786154"
      },
      "geometry": {
        "type": "Point",
        "coordinates": [
          95.5653695,
          27.7632145
        ]
      },
      "id": "node/958035180"
    },
    {
      "type": "Feature",
      "properties": {
        "@id": "node/958035755",
        "name": "Makum",
        "place": "town",
        "postal_code": "786170"
      },
      "geometry": {
        "type": "Point",
        "coordinates": [
          95.4381283,
          27.4845427
        ]
      },
      "id": "node/958035755"
    },
    {
      "type": "Feature",
      "properties": {
        "@id": "node/980533471",
        "name": "Sepon",
        "place": "village"
      },
      "geometry": {
        "type": "Point",
        "coordinates": [
          94.8516485,
          27.1155187
        ]
      },
      "id": "node/980533471"
    },
    {
      "type": "Feature",
      "properties": {
        "@id": "node/1013465768",
        "name": "Bordubi",
        "place": "village"
      },
      "geometry": {
        "type": "Point",
        "coordinates": [
          95.3241361,
          27.392937
        ]
      },
      "id": "node/1013465768"
    },
    {
      "type": "Feature",
      "properties": {
        "@id": "node/1133036828",
        "name": "Bijni",
        "name:bn": "বিজনী",
        "name:zh-Hans-CN": "比杰尼",
        "place": "town",
        "wikidata": "Q797126"
      },
      "geometry": {
        "type": "Point",
        "coordinates": [
          90.7014587,
          26.4969244
        ]
      },
      "id": "node/1133036828"
    },
    {
      "type": "Feature",
      "properties": {
        "@id": "node/1262014487",
        "name": "Ratacherra",
        "place": "village"
      },
      "geometry": {
        "type": "Point",
        "coordinates": [
          92.4614441,
          25.0318901
        ]
      },
      "id": "node/1262014487"
    },
    {
      "type": "Feature",
      "properties": {
        "@id": "node/1262015292",
        "AND_a_nosr_p": "10015034",
        "name": "Khanduli",
        "place": "village",
        "source": "US Army map"
      },
      "geometry": {
        "type": "Point",
        "coordinates": [
          92.4420621,
          25.7253214
        ]
      },
      "id": "node/1262015292"
    },
    {
      "type": "Feature",
      "properties": {
        "@id": "node/1329752274",
        "name": "Dudhnai",
        "name:bn": "দুধনাই",
        "place": "town",
        "population": "5000",
        "postal_code": "783124",
        "wikidata": "Q5311749",
        "wikipedia": "en:Dudhnoi"
      },
      "geometry": {
        "type": "Point",
        "coordinates": [
          90.7824497,
          25.9827514
        ]
      },
      "id": "node/1329752274"
    },
    {
      "type": "Feature",
      "properties": {
        "@id": "node/1351481042",
        "is_in:country": "India",
        "is_in:region": "Assam",
        "name": "Goreswar",
        "place": "town",
        "wikidata": "Q15221886",
        "wikipedia": "en:Goreswar"
      },
      "geometry": {
        "type": "Point",
        "coordinates": [
          91.7249869,
          26.5282906
        ]
      },
      "id": "node/1351481042"
    },
    {
      "type": "Feature",
      "properties": {
        "@id": "node/1352601587",
        "name": "Tihu",
        "place": "village",
        "population": "4301"
      },
      "geometry": {
        "type": "Point",
        "coordinates": [
          91.2695796,
          26.4728201
        ]
      },
      "id": "node/1352601587"
    },
    {
      "type": "Feature",
      "properties": {
        "@id": "node/1364843581",
        "name": "Howly",
        "name:bn": "হাউলী",
        "place": "town",
        "wikidata": "Q1707538",
        "wikipedia": "en:Howly"
      },
      "geometry": {
        "type": "Point",
        "coordinates": [
          90.9712027,
          26.4249628
        ]
      },
      "id": "node/1364843581"
    },
    {
      "type": "Feature",
      "properties": {
        "@id": "node/1380070099",
        "name": "Sualkuchi",
        "name:as": "শুৱালকুছি",
        "name:bn": "শুয়ালকুছি",
        "place": "town",
        "tourism": "attraction",
        "wikidata": "Q249311",
        "wikipedia": "en:Sualkuchi"
      },
      "geometry": {
        "type": "Point",
        "coordinates": [
          91.5708517,
          26.1699129
        ]
      },
      "id": "node/1380070099"
    },
    {
      "type": "Feature",
      "properties": {
        "@id": "node/1403967925",
        "name": "Barama",
        "place": "town"
      },
      "geometry": {
        "type": "Point",
        "coordinates": [
          91.3503161,
          26.5258068
        ]
      },
      "id": "node/1403967925"
    },
    {
      "type": "Feature",
      "properties": {
        "@id": "node/1403967931",
        "name": "Kakilabari",
        "place": "hamlet"
      },
      "geometry": {
        "type": "Point",
        "coordinates": [
          91.1985717,
          26.7490846
        ]
      },
      "id": "node/1403967931"
    },
    {
      "type": "Feature",
      "properties": {
        "@id": "node/1403967946",
        "name": "Pathsala",
        "name:bn": "পাঠশালা",
        "place": "town"
      },
      "geometry": {
        "type": "Point",
        "coordinates": [
          91.1778073,
          26.5051095
        ]
      },
      "id": "node/1403967946"
    },
    {
      "type": "Feature",
      "properties": {
        "@id": "node/1437215869",
        "name": "Bordoloni",
        "place": "village",
        "postal_code": "787026"
      },
      "geometry": {
        "type": "Point",
        "coordinates": [
          94.4222545,
          27.4111286
        ]
      },
      "id": "node/1437215869"
    },
    {
      "type": "Feature",
      "properties": {
        "@id": "node/1437215871",
        "alt_name:ks": "دہیماجی",
        "alt_name:ur": "دہیماجی",
        "name": "Dhemaji",
        "name:ar": "دهيماجى",
        "name:fa": "دهماجی",
        "name:ko": "데마지",
        "name:ks": "دھیماجی",
        "name:pnb": "دھیماجی",
        "name:ur": "دھیماجی",
        "name:zh": "德马吉",
        "place": "town",
        "postal_code": "787057",
        "wikidata": "Q1264822",
        "wikipedia": "en:Dhemaji",
        "wikipedia:ur": "دھیماجی"
      },
      "geometry": {
        "type": "Point",
        "coordinates": [
          94.5629622,
          27.4763797
        ]
      },
      "id": "node/1437215871"
    },
    {
      "type": "Feature",
      "properties": {
        "@id": "node/1437223037",
        "name": "Chapakhowa",
        "place": "town",
        "wikidata": "Q5072898"
      },
      "geometry": {
        "type": "Point",
        "coordinates": [
          95.7644593,
          27.9165575
        ]
      },
      "id": "node/1437223037"
    },
    {
      "type": "Feature",
      "properties": {
        "@id": "node/1492148094",
        "name": "Fakiragram",
        "name:bn": "ফকিরাগ্রাম",
        "name:en": "Fakiragram",
        "place": "town"
      },
      "geometry": {
        "type": "Point",
        "coordinates": [
          90.1802714,
          26.3632189
        ]
      },
      "id": "node/1492148094"
    },
    {
      "type": "Feature",
      "properties": {
        "@id": "node/1492149181",
        "name": "Gossaigaon",
        "place": "village",
        "population": "9068",
        "wikidata": "Q1707386"
      },
      "geometry": {
        "type": "Point",
        "coordinates": [
          89.9787602,
          26.4398676
        ]
      },
      "id": "node/1492149181"
    },
    {
      "type": "Feature",
      "properties": {
        "@id": "node/1495287081",
        "alt_name": "Hāorāghāt",
        "alt_name:en": "Haoraghat",
        "name": "Howraghat",
        "name:en": "Howraghat",
        "place": "village",
        "source:name": "SOI",
        "wikidata": "Q1706398"
      },
      "geometry": {
        "type": "Point",
        "coordinates": [
          93.0358845,
          26.1126342
        ]
      },
      "id": "node/1495287081"
    },
    {
      "type": "Feature",
      "properties": {
        "@id": "node/1495287082",
        "name": "Parkhowa Bazaar",
        "place": "village"
      },
      "geometry": {
        "type": "Point",
        "coordinates": [
          92.9591092,
          26.1932953
        ]
      },
      "id": "node/1495287082"
    },
    {
      "type": "Feature",
      "properties": {
        "@id": "node/1495483762",
        "alt_name": "Gupta Kashi",
        "name": "Bishwanath Ghat",
        "place": "village"
      },
      "geometry": {
        "type": "Point",
        "coordinates": [
          93.1657799,
          26.6614794
        ]
      },
      "id": "node/1495483762"
    },
    {
      "type": "Feature",
      "properties": {
        "@id": "node/1495483768",
        "name": "Kaliabor",
        "place": "village"
      },
      "geometry": {
        "type": "Point",
        "coordinates": [
          92.9292061,
          26.5387146
        ]
      },
      "id": "node/1495483768"
    },
    {
      "type": "Feature",
      "properties": {
        "@id": "node/1668476766",
        "name": "Borghat",
        "place": "village"
      },
      "geometry": {
        "type": "Point",
        "coordinates": [
          92.7041251,
          26.3174313
        ]
      },
      "id": "node/1668476766"
    },
    {
      "type": "Feature",
      "properties": {
        "@id": "node/1668476771",
        "name": "Bebejia",
        "place": "village"
      },
      "geometry": {
        "type": "Point",
        "coordinates": [
          92.6230714,
          26.2986844
        ]
      },
      "id": "node/1668476771"
    },
    {
      "type": "Feature",
      "properties": {
        "@id": "node/1668476775",
        "name": "Uriagaon",
        "place": "village"
      },
      "geometry": {
        "type": "Point",
        "coordinates": [
          92.7446584,
          26.3442368
        ]
      },
      "id": "node/1668476775"
    },
    {
      "type": "Feature",
      "properties": {
        "@id": "node/1668496397",
        "name": "Rangapara",
        "place": "town",
        "wikidata": "Q2732997"
      },
      "geometry": {
        "type": "Point",
        "coordinates": [
          92.6862372,
          26.8177808
        ]
      },
      "id": "node/1668496397"
    },
    {
      "type": "Feature",
      "properties": {
        "@id": "node/1676604025",
        "name": "Harmutigaon",
        "place": "village"
      },
      "geometry": {
        "type": "Point",
        "coordinates": [
          93.8563873,
          27.1255698
        ]
      },
      "id": "node/1676604025"
    },
    {
      "type": "Feature",
      "properties": {
        "@id": "node/1681545138",
        "alt_name": "Kohara",
        "name": "Kohora",
        "name:en": "Kohara",
        "place": "village",
        "source:alt_name": "SOI"
      },
      "geometry": {
        "type": "Point",
        "coordinates": [
          93.4105813,
          26.5869979
        ]
      },
      "id": "node/1681545138"
    },
    {
      "type": "Feature",
      "properties": {
        "@id": "node/1692837264",
        "name": "Lalpool",
        "place": "village"
      },
      "geometry": {
        "type": "Point",
        "coordinates": [
          92.1742407,
          26.6521054
        ]
      },
      "id": "node/1692837264"
    },
    {
      "type": "Feature",
      "properties": {
        "@id": "node/1692837269",
        "name": "Tumuki",
        "place": "village"
      },
      "geometry": {
        "type": "Point",
        "coordinates": [
          92.6320986,
          26.6835019
        ]
      },
      "id": "node/1692837269"
    },
    {
      "type": "Feature",
      "properties": {
        "@id": "node/1692837275",
        "name": "Sherfanguri",
        "place": "village"
      },
      "geometry": {
        "type": "Point",
        "coordinates": [
          90.1444057,
          26.5527019
        ]
      },
      "id": "node/1692837275"
    },
    {
      "type": "Feature",
      "properties": {
        "@id": "node/1692837279",
        "name": "Batamari",
        "place": "village"
      },
      "geometry": {
        "type": "Point",
        "coordinates": [
          92.8420404,
          26.6394811
        ]
      },
      "id": "node/1692837279"
    },
    {
      "type": "Feature",
      "properties": {
        "@id": "node/1692837282",
        "name": "Duminichowki",
        "place": "village"
      },
      "geometry": {
        "type": "Point",
        "coordinates": [
          91.8229091,
          26.3502805
        ]
      },
      "id": "node/1692837282"
    },
    {
      "type": "Feature",
      "properties": {
        "@id": "node/1699239233",
        "name": "Jonai",
        "place": "town",
        "population": "1000",
        "postal_code": "787060",
        "wikidata": "Q6271960"
      },
      "geometry": {
        "type": "Point",
        "coordinates": [
          95.2234184,
          27.8291446
        ]
      },
      "id": "node/1699239233"
    },
    {
      "type": "Feature",
      "properties": {
        "@id": "node/1739922352",
        "name": "Fakirganj",
        "place": "village"
      },
      "geometry": {
        "type": "Point",
        "coordinates": [
          90.0723641,
          25.9528387
        ]
      },
      "id": "node/1739922352"
    },
    {
      "type": "Feature",
      "properties": {
        "@id": "node/1739986503",
        "name": "Bhatiu",
        "name:en": "Bhatiu",
        "place": "village"
      },
      "geometry": {
        "type": "Point",
        "coordinates": [
          95.1375349,
          27.4743649
        ]
      },
      "id": "node/1739986503"
    },
    {
      "type": "Feature",
      "properties": {
        "@id": "node/1739986506",
        "name": "Dikom",
        "place": "village"
      },
      "geometry": {
        "type": "Point",
        "coordinates": [
          95.0830283,
          27.4652113
        ]
      },
      "id": "node/1739986506"
    },
    {
      "type": "Feature",
      "properties": {
        "@id": "node/1739986511",
        "name": "Panitola",
        "name:en": "Panitola",
        "place": "village"
      },
      "geometry": {
        "type": "Point",
        "coordinates": [
          95.2575999,
          27.4951618
        ]
      },
      "id": "node/1739986511"
    },
    {
      "type": "Feature",
      "properties": {
        "@id": "node/1740005438",
        "name": "Dett Rupai",
        "place": "village"
      },
      "geometry": {
        "type": "Point",
        "coordinates": [
          95.5671548,
          27.6034781
        ]
      },
      "id": "node/1740005438"
    },
    {
      "type": "Feature",
      "properties": {
        "@id": "node/1740005447",
        "addr:postcode": "786152",
        "name": "Tilak Nagar",
        "place": "village"
      },
      "geometry": {
        "type": "Point",
        "coordinates": [
          95.667004,
          27.6379803
        ]
      },
      "id": "node/1740005447"
    },
    {
      "type": "Feature",
      "properties": {
        "@id": "node/1740028720",
        "name": "Naguli Ghat",
        "place": "village"
      },
      "geometry": {
        "type": "Point",
        "coordinates": [
          95.0136445,
          27.5254404
        ]
      },
      "id": "node/1740028720"
    },
    {
      "type": "Feature",
      "properties": {
        "@id": "node/1810911320",
        "name": "Bohori",
        "name:bn": "বহরী",
        "place": "town",
        "wikidata": "Q858282"
      },
      "geometry": {
        "type": "Point",
        "coordinates": [
          91.137184,
          26.2570007
        ]
      },
      "id": "node/1810911320"
    },
    {
      "type": "Feature",
      "properties": {
        "@id": "node/1810911323",
        "name": "Panpur",
        "place": "village"
      },
      "geometry": {
        "type": "Point",
        "coordinates": [
          92.9369717,
          26.6776696
        ]
      },
      "id": "node/1810911323"
    },
    {
      "type": "Feature",
      "properties": {
        "@id": "node/1811210915",
        "name": "Sontoli",
        "place": "village"
      },
      "geometry": {
        "type": "Point",
        "coordinates": [
          91.1319667,
          26.1425108
        ]
      },
      "id": "node/1811210915"
    },
    {
      "type": "Feature",
      "properties": {
        "@id": "node/1934213746",
        "name": "Jagduwar",
        "place": "village"
      },
      "geometry": {
        "type": "Point",
        "coordinates": [
          94.4411157,
          26.837569
        ]
      },
      "id": "node/1934213746"
    },
    {
      "type": "Feature",
      "properties": {
        "@id": "node/1934228034",
        "name": "Kaliapani",
        "place": "village"
      },
      "geometry": {
        "type": "Point",
        "coordinates": [
          94.4554458,
          26.8385335
        ]
      },
      "id": "node/1934228034"
    },
    {
      "type": "Feature",
      "properties": {
        "@id": "node/1937610133",
        "name": "Jamuguri",
        "place": "village"
      },
      "geometry": {
        "type": "Point",
        "coordinates": [
          94.5001026,
          26.8707794
        ]
      },
      "id": "node/1937610133"
    },
    {
      "type": "Feature",
      "properties": {
        "@id": "node/1937617872",
        "name": "Phulpanisiga",
        "place": "village"
      },
      "geometry": {
        "type": "Point",
        "coordinates": [
          94.522063,
          26.9107944
        ]
      },
      "id": "node/1937617872"
    },
    {
      "type": "Feature",
      "properties": {
        "@id": "node/1939486219",
        "alt_name": "Ladoigarh",
        "name": "Lahdoigarh",
        "place": "village"
      },
      "geometry": {
        "type": "Point",
        "coordinates": [
          94.3256738,
          26.7974067
        ]
      },
      "id": "node/1939486219"
    },
    {
      "type": "Feature",
      "properties": {
        "@id": "node/2081915203",
        "name": "Jātinga",
        "name:as": "জাতিঙ্গা",
        "name:en": "Jatinga",
        "name:hi": "जातिंगा",
        "place": "village",
        "population:tribe": "KHASI",
        "source:population:tribe": "SOI",
        "wikidata": "Q3827773"
      },
      "geometry": {
        "type": "Point",
        "coordinates": [
          93.0217299,
          25.1309773
        ]
      },
      "id": "node/2081915203"
    },
    {
      "type": "Feature",
      "properties": {
        "@id": "node/2081915944",
        "name": "Mupa",
        "name:en": "Mupa",
        "place": "village",
        "source:name": "SOI"
      },
      "geometry": {
        "type": "Point",
        "coordinates": [
          93.1196532,
          25.3743929
        ]
      },
      "id": "node/2081915944"
    },
    {
      "type": "Feature",
      "properties": {
        "@id": "node/2081966210",
        "name": "Hajaichak",
        "name:en": "Hajaichak",
        "place": "hamlet",
        "source:name": "SOI"
      },
      "geometry": {
        "type": "Point",
        "coordinates": [
          93.3383108,
          25.2249733
        ]
      },
      "id": "node/2081966210"
    },
    {
      "type": "Feature",
      "properties": {
        "@id": "node/2081966224",
        "name": "Laisong Bāgān",
        "name:en": "Laisong Bagan",
        "place": "hamlet",
        "source:name": "SOI"
      },
      "geometry": {
        "type": "Point",
        "coordinates": [
          93.3542526,
          25.2360371
        ]
      },
      "id": "node/2081966224"
    },
    {
      "type": "Feature",
      "properties": {
        "@id": "node/2084597264",
        "place": "village"
      },
      "geometry": {
        "type": "Point",
        "coordinates": [
          93.0925484,
          24.5832038
        ]
      },
      "id": "node/2084597264"
    },
    {
      "type": "Feature",
      "properties": {
        "@id": "node/2138091867",
        "name": "Jorhat",
        "name:as": "যোৰহাট",
        "name:bn": "যোরহাট",
        "name:fa": "جورهات",
        "name:hi": "जोरहाट",
        "name:ja": "ジョールハート",
        "name:kn": "ಜೊರ್ಹಾಟ್",
        "name:ml": "ജോർഹാട്ട്",
        "name:ru": "Джорхат",
        "name:te": "జోర్హాట్",
        "name:zh": "焦尔哈德",
        "place": "city",
        "population": "126736",
        "wikidata": "Q1937201",
        "wikipedia": "en:Jorhat"
      },
      "geometry": {
        "type": "Point",
        "coordinates": [
          94.2079645,
          26.7577925
        ]
      },
      "id": "node/2138091867"
    },
    {
      "type": "Feature",
      "properties": {
        "@id": "node/2319238562",
        "name": "Tamarhat",
        "place": "village"
      },
      "geometry": {
        "type": "Point",
        "coordinates": [
          89.8494711,
          26.3011218
        ]
      },
      "id": "node/2319238562"
    },
    {
      "type": "Feature",
      "properties": {
        "@id": "node/2329495882",
        "name": "Barpathar",
        "place": "town"
      },
      "geometry": {
        "type": "Point",
        "coordinates": [
          93.9021107,
          26.2765594
        ]
      },
      "id": "node/2329495882"
    },
    {
      "type": "Feature",
      "properties": {
        "@id": "node/2329495972",
        "name": "Bokajan",
        "place": "town",
        "wikidata": "Q633816"
      },
      "geometry": {
        "type": "Point",
        "coordinates": [
          93.7707012,
          26.0235087
        ]
      },
      "id": "node/2329495972"
    },
    {
      "type": "Feature",
      "properties": {
        "@id": "node/2329587324",
        "name": "Barapujia",
        "place": "town"
      },
      "geometry": {
        "type": "Point",
        "coordinates": [
          92.4992256,
          26.274224
        ]
      },
      "id": "node/2329587324"
    },
    {
      "type": "Feature",
      "properties": {
        "@id": "node/2329587325",
        "name": "Kahibari",
        "place": "town"
      },
      "geometry": {
        "type": "Point",
        "coordinates": [
          92.4551642,
          26.2852477
        ]
      },
      "id": "node/2329587325"
    },
    {
      "type": "Feature",
      "properties": {
        "@id": "node/2329587327",
        "name": "Tamulibari",
        "place": "village"
      },
      "geometry": {
        "type": "Point",
        "coordinates": [
          92.4325349,
          26.351051
        ]
      },
      "id": "node/2329587327"
    },
    {
      "type": "Feature",
      "properties": {
        "@id": "node/2365222325",
        "name": "Bhawanipur",
        "name:bn": "ভবানীপুর",
        "place": "town"
      },
      "geometry": {
        "type": "Point",
        "coordinates": [
          91.0654076,
          26.4622386
        ]
      },
      "id": "node/2365222325"
    },
    {
      "type": "Feature",
      "properties": {
        "@id": "node/2365222326",
        "name": "Sarupeta",
        "name:bn": "সরুপেটা",
        "place": "town",
        "postal_code": "781318",
        "wikidata": "Q18378018",
        "wikipedia": "en:Sarupeta"
      },
      "geometry": {
        "type": "Point",
        "coordinates": [
          91.0776156,
          26.4985058
        ]
      },
      "id": "node/2365222326"
    },
    {
      "type": "Feature",
      "properties": {
        "@id": "node/2385333812",
        "name": "Khairabari",
        "place": "town"
      },
      "geometry": {
        "type": "Point",
        "coordinates": [
          91.8146519,
          26.6042737
        ]
      },
      "id": "node/2385333812"
    },
    {
      "type": "Feature",
      "properties": {
        "@id": "node/2385333813",
        "name": "Mazbat",
        "place": "town"
      },
      "geometry": {
        "type": "Point",
        "coordinates": [
          92.2910036,
          26.7911078
        ]
      },
      "id": "node/2385333813"
    },
    {
      "type": "Feature",
      "properties": {
        "@id": "node/2385334057",
        "name": "Bechimari",
        "place": "village"
      },
      "geometry": {
        "type": "Point",
        "coordinates": [
          92.177368,
          26.6263042
        ]
      },
      "id": "node/2385334057"
    },
    {
      "type": "Feature",
      "properties": {
        "@id": "node/2398002936",
        "name": "Boko",
        "name:bn": "বোকো",
        "place": "town",
        "wikidata": "Q4938802",
        "wikipedia": "en:Boko, Kamrup"
      },
      "geometry": {
        "type": "Point",
        "coordinates": [
          91.2276033,
          25.9753282
        ]
      },
      "id": "node/2398002936"
    },
    {
      "type": "Feature",
      "properties": {
        "@id": "node/2468833075",
        "alt_name": "Doboka",
        "name": "Daboka",
        "place": "town",
        "postal_code": "782440",
        "wikidata": "Q1263589",
        "wikipedia": "en:Dabaka"
      },
      "geometry": {
        "type": "Point",
        "coordinates": [
          92.8658755,
          26.1129473
        ]
      },
      "id": "node/2468833075"
    },
    {
      "type": "Feature",
      "properties": {
        "@id": "node/2469894280",
        "name": "Manja",
        "place": "town",
        "wikidata": "Q6750323"
      },
      "geometry": {
        "type": "Point",
        "coordinates": [
          93.4373259,
          25.9695246
        ]
      },
      "id": "node/2469894280"
    },
    {
      "type": "Feature",
      "properties": {
        "@id": "node/2469900614",
        "name": "Dengaon",
        "place": "village"
      },
      "geometry": {
        "type": "Point",
        "coordinates": [
          92.976613,
          26.2230483
        ]
      },
      "id": "node/2469900614"
    },
    {
      "type": "Feature",
      "properties": {
        "@id": "node/2550872823",
        "name": "Srirampur",
        "place": "village"
      },
      "geometry": {
        "type": "Point",
        "coordinates": [
          89.8996384,
          26.4387528
        ]
      },
      "id": "node/2550872823"
    },
    {
      "type": "Feature",
      "properties": {
        "@id": "node/2682824097",
        "name": "Wati Yim",
        "place": "village"
      },
      "geometry": {
        "type": "Point",
        "coordinates": [
          94.3736904,
          26.5372306
        ]
      },
      "id": "node/2682824097"
    },
    {
      "type": "Feature",
      "properties": {
        "@id": "node/2682824938",
        "name": "Chungtia Yimsen",
        "place": "village"
      },
      "geometry": {
        "type": "Point",
        "coordinates": [
          94.3732612,
          26.5372594
        ]
      },
      "id": "node/2682824938"
    },
    {
      "type": "Feature",
      "properties": {
        "@id": "node/2885001473",
        "name": "Sapekhati",
        "place": "village"
      },
      "geometry": {
        "type": "Point",
        "coordinates": [
          95.1593276,
          27.1106207
        ]
      },
      "id": "node/2885001473"
    },
    {
      "type": "Feature",
      "properties": {
        "@id": "node/2885039362",
        "name": "Amlakhi",
        "place": "village",
        "wikidata": "Q4747050"
      },
      "geometry": {
        "type": "Point",
        "coordinates": [
          93.4904099,
          25.9646841
        ]
      },
      "id": "node/2885039362"
    },
    {
      "type": "Feature",
      "properties": {
        "@id": "node/2885039363",
        "name": "Nikashi",
        "place": "village"
      },
      "geometry": {
        "type": "Point",
        "coordinates": [
          91.378034,
          26.7279614
        ]
      },
      "id": "node/2885039363"
    },
    {
      "type": "Feature",
      "properties": {
        "@id": "node/2885039364",
        "name": "Kalitakuchi",
        "place": "village"
      },
      "geometry": {
        "type": "Point",
        "coordinates": [
          91.5133347,
          26.2740378
        ]
      },
      "id": "node/2885039364"
    },
    {
      "type": "Feature",
      "properties": {
        "@id": "node/2885039365",
        "name": "Patacharkuchi",
        "place": "village"
      },
      "geometry": {
        "type": "Point",
        "coordinates": [
          91.2599822,
          26.5145709
        ]
      },
      "id": "node/2885039365"
    },
    {
      "type": "Feature",
      "properties": {
        "@id": "node/2885091536",
        "name": "Badlichar",
        "place": "village"
      },
      "geometry": {
        "type": "Point",
        "coordinates": [
          92.2608774,
          26.5471069
        ]
      },
      "id": "node/2885091536"
    },
    {
      "type": "Feature",
      "properties": {
        "@id": "node/2885091537",
        "name": "Bhuragaon",
        "place": "town",
        "wikidata": "Q30675461"
      },
      "geometry": {
        "type": "Point",
        "coordinates": [
          92.2343866,
          26.4049192
        ]
      },
      "id": "node/2885091537"
    },
    {
      "type": "Feature",
      "properties": {
        "@id": "node/2885143477",
        "name": "Borghuli",
        "place": "village"
      },
      "geometry": {
        "type": "Point",
        "coordinates": [
          95.3236055,
          27.5923506
        ]
      },
      "id": "node/2885143477"
    },
    {
      "type": "Feature",
      "properties": {
        "@id": "node/2885143478",
        "name": "Guijan",
        "place": "village"
      },
      "geometry": {
        "type": "Point",
        "coordinates": [
          95.327234,
          27.5692211
        ]
      },
      "id": "node/2885143478"
    },
    {
      "type": "Feature",
      "properties": {
        "@id": "node/2885248522",
        "name": "Burisuti",
        "place": "village"
      },
      "geometry": {
        "type": "Point",
        "coordinates": [
          95.0391506,
          27.6865466
        ]
      },
      "id": "node/2885248522"
    },
    {
      "type": "Feature",
      "properties": {
        "@id": "node/2885248524",
        "name": "Dakhinpat",
        "place": "village"
      },
      "geometry": {
        "type": "Point",
        "coordinates": [
          94.2760072,
          26.9129592
        ]
      },
      "id": "node/2885248524"
    },
    {
      "type": "Feature",
      "properties": {
        "@id": "node/2885248526",
        "name": "Nimati",
        "place": "village"
      },
      "geometry": {
        "type": "Point",
        "coordinates": [
          94.2543355,
          26.8526998
        ]
      },
      "id": "node/2885248526"
    },
    {
      "type": "Feature",
      "properties": {
        "@id": "node/2885275504",
        "name": "Deodia",
        "place": "village"
      },
      "geometry": {
        "type": "Point",
        "coordinates": [
          94.1676921,
          26.956618
        ]
      },
      "id": "node/2885275504"
    },
    {
      "type": "Feature",
      "properties": {
        "@id": "node/2885275505",
        "name": "Kaibatra",
        "place": "village"
      },
      "geometry": {
        "type": "Point",
        "coordinates": [
          94.1540261,
          26.9805515
        ]
      },
      "id": "node/2885275505"
    },
    {
      "type": "Feature",
      "properties": {
        "@id": "node/2885275507",
        "name": "Kamalabari",
        "place": "town"
      },
      "geometry": {
        "type": "Point",
        "coordinates": [
          94.1657745,
          26.9465639
        ]
      },
      "id": "node/2885275507"
    },
    {
      "type": "Feature",
      "properties": {
        "@id": "node/2885288331",
        "name": "Birinabari",
        "place": "village"
      },
      "geometry": {
        "type": "Point",
        "coordinates": [
          94.0585172,
          26.9245446
        ]
      },
      "id": "node/2885288331"
    },
    {
      "type": "Feature",
      "properties": {
        "@id": "node/2885288332",
        "name": "Kakarikata",
        "place": "village"
      },
      "geometry": {
        "type": "Point",
        "coordinates": [
          94.1212673,
          26.9327158
        ]
      },
      "id": "node/2885288332"
    },
    {
      "type": "Feature",
      "properties": {
        "@id": "node/2913304438",
        "name": "Gogamukh",
        "place": "town"
      },
      "geometry": {
        "type": "Point",
        "coordinates": [
          94.3160033,
          27.4348123
        ]
      },
      "id": "node/2913304438"
    },
    {
      "type": "Feature",
      "properties": {
        "@id": "node/3158957159",
        "name": "Badarpur",
        "name:bn": "বদরপুর",
        "name:ta": "பதார்பூர்",
        "place": "town",
        "wikidata": "Q2563426"
      },
      "geometry": {
        "type": "Point",
        "coordinates": [
          92.558515,
          24.8711319
        ]
      },
      "id": "node/3158957159"
    },
    {
      "type": "Feature",
      "properties": {
        "@id": "node/3158968781",
        "alt_name": "Pāilāpur",
        "alt_name:en": "Pailapur",
        "name": "Pailapool",
        "name:bn": "পাইলাপুল",
        "place": "town"
      },
      "geometry": {
        "type": "Point",
        "coordinates": [
          93.0253248,
          24.8285252
        ]
      },
      "id": "node/3158968781"
    },
    {
      "type": "Feature",
      "properties": {
        "@id": "node/3160230156",
        "AND_a_nosr_p": "10014958",
        "GNS:dsg_code": "PPL",
        "GNS:dsg_name": "populated place",
        "GNS:id": "-2104775",
        "GNS:modify_date": "2012-09-10T00:00:00.000Z",
        "GNS:uni": "-2921999",
        "name": "Moragang",
        "name:en": "Moragang",
        "place": "village",
        "source": "geonames.mil (GNS) country file 20242511"
      },
      "geometry": {
        "type": "Point",
        "coordinates": [
          92.6346292,
          24.6312697
        ]
      },
      "id": "node/3160230156"
    },
    {
      "type": "Feature",
      "properties": {
        "@id": "node/3160367468",
        "name": "Masimpur",
        "place": "village"
      },
      "geometry": {
        "type": "Point",
        "coordinates": [
          92.7968881,
          24.7582519
        ]
      },
      "id": "node/3160367468"
    },
    {
      "type": "Feature",
      "properties": {
        "@id": "node/3309060539",
        "name": "Bura Mayang",
        "place": "village"
      },
      "geometry": {
        "type": "Point",
        "coordinates": [
          92.0219298,
          26.2666782
        ]
      },
      "id": "node/3309060539"
    },
    {
      "type": "Feature",
      "properties": {
        "@id": "node/3309060540",
        "name": "Diprang",
        "place": "village"
      },
      "geometry": {
        "type": "Point",
        "coordinates": [
          92.064847,
          26.1989584
        ]
      },
      "id": "node/3309060540"
    },
    {
      "type": "Feature",
      "properties": {
        "@id": "node/3309060541",
        "name": "Hilloikhunda",
        "place": "village"
      },
      "geometry": {
        "type": "Point",
        "coordinates": [
          92.0161284,
          26.2773637
        ]
      },
      "id": "node/3309060541"
    },
    {
      "type": "Feature",
      "properties": {
        "@id": "node/3309060542",
        "alt_name:en": "Mayong",
        "name": "মায়ং",
        "name:as": "মায়ং",
        "name:en": "Mayang",
        "name:hi": "मायंग",
        "name:mr": "मायोंग",
        "place": "village"
      },
      "geometry": {
        "type": "Point",
        "coordinates": [
          92.0413225,
          26.2591485
        ]
      },
      "id": "node/3309060542"
    },
    {
      "type": "Feature",
      "properties": {
        "@id": "node/3309060543",
        "name": "Sanaka",
        "place": "village"
      },
      "geometry": {
        "type": "Point",
        "coordinates": [
          91.9970744,
          26.2677327
        ]
      },
      "id": "node/3309060543"
    },
    {
      "type": "Feature",
      "properties": {
        "@id": "node/3309060544",
        "name": "Sildubi",
        "place": "village"
      },
      "geometry": {
        "type": "Point",
        "coordinates": [
          92.0760722,
          26.2424183
        ]
      },
      "id": "node/3309060544"
    },
    {
      "type": "Feature",
      "properties": {
        "@id": "node/3309067377",
        "name": "Bhaktagaon",
        "place": "village"
      },
      "geometry": {
        "type": "Point",
        "coordinates": [
          92.1089832,
          26.2300804
        ]
      },
      "id": "node/3309067377"
    },
    {
      "type": "Feature",
      "properties": {
        "@id": "node/3309067378",
        "name": "Bordia",
        "place": "village"
      },
      "geometry": {
        "type": "Point",
        "coordinates": [
          92.0704296,
          26.2523205
        ]
      },
      "id": "node/3309067378"
    },
    {
      "type": "Feature",
      "properties": {
        "@id": "node/3309067379",
        "name": "Gobhali",
        "place": "village"
      },
      "geometry": {
        "type": "Point",
        "coordinates": [
          92.0064878,
          26.2364513
        ]
      },
      "id": "node/3309067379"
    },
    {
      "type": "Feature",
      "properties": {
        "@id": "node/3309067380",
        "name": "Kajoli",
        "place": "village"
      },
      "geometry": {
        "type": "Point",
        "coordinates": [
          91.9721634,
          26.2512658
        ]
      },
      "id": "node/3309067380"
    },
    {
      "type": "Feature",
      "properties": {
        "@id": "node/3309067381",
        "name": "Kamarpur",
        "place": "village"
      },
      "geometry": {
        "type": "Point",
        "coordinates": [
          92.0320315,
          26.2223407
        ]
      },
      "id": "node/3309067381"
    },
    {
      "type": "Feature",
      "properties": {
        "@id": "node/3337652501",
        "name": "Niz Lakuk",
        "place": "town"
      },
      "geometry": {
        "type": "Point",
        "coordinates": [
          93.9314185,
          27.1206808
        ]
      },
      "id": "node/3337652501"
    },
    {
      "type": "Feature",
      "properties": {
        "@id": "node/3546651598",
        "name": "Boikunthapur",
        "place": "village",
        "population": "700"
      },
      "geometry": {
        "type": "Point",
        "coordinates": [
          95.0536193,
          27.7501363
        ]
      },
      "id": "node/3546651598"
    },
    {
      "type": "Feature",
      "properties": {
        "@id": "node/3546733170",
        "name": "Laimekuri",
        "place": "village"
      },
      "geometry": {
        "type": "Point",
        "coordinates": [
          95.0787185,
          27.7453884
        ]
      },
      "id": "node/3546733170"
    },
    {
      "type": "Feature",
      "properties": {
        "@id": "node/3546735198",
        "name": "Sikari",
        "place": "village"
      },
      "geometry": {
        "type": "Point",
        "coordinates": [
          95.0957413,
          27.7491676
        ]
      },
      "id": "node/3546735198"
    },
    {
      "type": "Feature",
      "properties": {
        "@id": "node/3546755824",
        "name": "Gali",
        "place": "village"
      },
      "geometry": {
        "type": "Point",
        "coordinates": [
          95.1220316,
          27.754749
        ]
      },
      "id": "node/3546755824"
    },
    {
      "type": "Feature",
      "properties": {
        "@id": "node/3546761360",
        "name": "Junkareng",
        "place": "village"
      },
      "geometry": {
        "type": "Point",
        "coordinates": [
          95.1667838,
          27.781412
        ]
      },
      "id": "node/3546761360"
    },
    {
      "type": "Feature",
      "properties": {
        "@id": "node/3546804846",
        "name": "Kuli Tiniali",
        "place": "village"
      },
      "geometry": {
        "type": "Point",
        "coordinates": [
          95.2108218,
          27.7997209
        ]
      },
      "id": "node/3546804846"
    },
    {
      "type": "Feature",
      "properties": {
        "@id": "node/3547241346",
        "name": "Rest-Camp",
        "place": "village"
      },
      "geometry": {
        "type": "Point",
        "coordinates": [
          95.050485,
          27.7531909
        ]
      },
      "id": "node/3547241346"
    },
    {
      "type": "Feature",
      "properties": {
        "@id": "node/3547243302",
        "name": "Rakut-Koke:",
        "place": "village"
      },
      "geometry": {
        "type": "Point",
        "coordinates": [
          95.0660418,
          27.7472471
        ]
      },
      "id": "node/3547243302"
    },
    {
      "type": "Feature",
      "properties": {
        "@id": "node/3547246363",
        "name": "Tako-Gítung",
        "place": "village"
      },
      "geometry": {
        "type": "Point",
        "coordinates": [
          95.0811695,
          27.7460318
        ]
      },
      "id": "node/3547246363"
    },
    {
      "type": "Feature",
      "properties": {
        "@id": "node/3547340610",
        "name": "Telam Bédum",
        "place": "village"
      },
      "geometry": {
        "type": "Point",
        "coordinates": [
          95.0043494,
          27.7626574
        ]
      },
      "id": "node/3547340610"
    },
    {
      "type": "Feature",
      "properties": {
        "@id": "node/3555194768",
        "name": "Dolabari",
        "place": "village"
      },
      "geometry": {
        "type": "Point",
        "coordinates": [
          92.8225664,
          26.6515029
        ]
      },
      "id": "node/3555194768"
    },
    {
      "type": "Feature",
      "properties": {
        "@id": "node/3555194770",
        "name": "Porua Chariali",
        "place": "village"
      },
      "geometry": {
        "type": "Point",
        "coordinates": [
          92.7955593,
          26.6528287
        ]
      },
      "id": "node/3555194770"
    },
    {
      "type": "Feature",
      "properties": {
        "@id": "node/3555382456",
        "name": "Majulipur",
        "place": "village"
      },
      "geometry": {
        "type": "Point",
        "coordinates": [
          95.0649173,
          27.7559299
        ]
      },
      "id": "node/3555382456"
    },
    {
      "type": "Feature",
      "properties": {
        "@id": "node/3677614762",
        "name": "Bahalpur",
        "place": "village"
      },
      "geometry": {
        "type": "Point",
        "coordinates": [
          90.4667432,
          26.3133477
        ]
      },
      "id": "node/3677614762"
    },
    {
      "type": "Feature",
      "properties": {
        "@id": "node/3677614763",
        "name": "Bhutiachang",
        "place": "village"
      },
      "geometry": {
        "type": "Point",
        "coordinates": [
          91.8652443,
          26.8160607
        ]
      },
      "id": "node/3677614763"
    },
    {
      "type": "Feature",
      "properties": {
        "@id": "node/3677614764",
        "name": "Chamrang",
        "place": "village"
      },
      "geometry": {
        "type": "Point",
        "coordinates": [
          91.8357734,
          26.8625896
        ]
      },
      "id": "node/3677614764"
    },
    {
      "type": "Feature",
      "properties": {
        "@id": "node/3677614765",
        "name": "Dotma",
        "place": "village"
      },
      "geometry": {
        "type": "Point",
        "coordinates": [
          90.1473815,
          26.4695841
        ]
      },
      "id": "node/3677614765"
    },
    {
      "type": "Feature",
      "properties": {
        "@id": "node/3677614766",
        "name": "Bagānpāra",
        "name:en": "Baganpara",
        "place": "village",
        "source:name": "SOI"
      },
      "geometry": {
        "type": "Point",
        "coordinates": [
          91.4491726,
          26.6509642
        ]
      },
      "id": "node/3677614766"
    },
    {
      "type": "Feature",
      "properties": {
        "@id": "node/3677614767",
        "alt_name": "Mochālpur;Machalpur",
        "name": "Mushalpur",
        "place": "town",
        "wikidata": "Q3867471"
      },
      "geometry": {
        "type": "Point",
        "coordinates": [
          91.3410716,
          26.6620387
        ]
      },
      "id": "node/3677614767"
    },
    {
      "type": "Feature",
      "properties": {
        "@id": "node/3677614768",
        "name": "Phutkibari",
        "place": "village"
      },
      "geometry": {
        "type": "Point",
        "coordinates": [
          90.2101113,
          26.3309993
        ]
      },
      "id": "node/3677614768"
    },
    {
      "type": "Feature",
      "properties": {
        "@id": "node/3677614769",
        "name": "Tamulpur",
        "place": "town",
        "postal_code": "781367"
      },
      "geometry": {
        "type": "Point",
        "coordinates": [
          91.5761562,
          26.6108401
        ]
      },
      "id": "node/3677614769"
    },
    {
      "type": "Feature",
      "properties": {
        "@id": "node/3677627289",
        "name": "Barangajuli",
        "place": "village"
      },
      "geometry": {
        "type": "Point",
        "coordinates": [
          91.8134469,
          26.7387444
        ]
      },
      "id": "node/3677627289"
    },
    {
      "type": "Feature",
      "properties": {
        "@id": "node/3677627290",
        "name": "Bengbari",
        "place": "village"
      },
      "geometry": {
        "type": "Point",
        "coordinates": [
          91.954741,
          26.7341398
        ]
      },
      "id": "node/3677627290"
    },
    {
      "type": "Feature",
      "properties": {
        "@id": "node/3677627291",
        "name": "Paneri",
        "place": "village"
      },
      "geometry": {
        "type": "Point",
        "coordinates": [
          91.8991475,
          26.7434131
        ]
      },
      "id": "node/3677627291"
    },
    {
      "type": "Feature",
      "properties": {
        "@id": "node/3677642605",
        "name": "Agia",
        "place": "village"
      },
      "geometry": {
        "type": "Point",
        "coordinates": [
          90.5627132,
          26.0869153
        ]
      },
      "id": "node/3677642605"
    },
    {
      "type": "Feature",
      "properties": {
        "@id": "node/3677642606",
        "name": "Lakhipur",
        "name:bn": "লক্ষীপুর",
        "name:uk": "Лакгіпур",
        "place": "town",
        "wikidata": "Q25110848",
        "wikipedia": "en:Lakhipur, Goalpara"
      },
      "geometry": {
        "type": "Point",
        "coordinates": [
          90.3017871,
          26.0344991
        ]
      },
      "id": "node/3677642606"
    },
    {
      "type": "Feature",
      "properties": {
        "@id": "node/3677642607",
        "name": "Pancharatna",
        "place": "village"
      },
      "geometry": {
        "type": "Point",
        "coordinates": [
          90.5479657,
          26.1558824
        ]
      },
      "id": "node/3677642607"
    },
    {
      "type": "Feature",
      "properties": {
        "@id": "node/3677642608",
        "name": "Solmari",
        "place": "village"
      },
      "geometry": {
        "type": "Point",
        "coordinates": [
          90.5806694,
          26.1186962
        ]
      },
      "id": "node/3677642608"
    },
    {
      "type": "Feature",
      "properties": {
        "@id": "node/3964170398",
        "name": "Hojai",
        "place": "town",
        "wikidata": "Q640538"
      },
      "geometry": {
        "type": "Point",
        "coordinates": [
          92.8522896,
          26.0031945
        ]
      },
      "id": "node/3964170398"
    },
    {
      "type": "Feature",
      "properties": {
        "@id": "node/4160645674",
        "name": "Borigaon",
        "place": "village"
      },
      "geometry": {
        "type": "Point",
        "coordinates": [
          92.4629054,
          26.3702759
        ]
      },
      "id": "node/4160645674"
    },
    {
      "type": "Feature",
      "properties": {
        "@id": "node/4192831028",
        "name": "Margherita",
        "name:as": "মাৰ্ঘেৰিটা",
        "name:en": "Margherita",
        "place": "town"
      },
      "geometry": {
        "type": "Point",
        "coordinates": [
          95.6727142,
          27.2895321
        ]
      },
      "id": "node/4192831028"
    },
    {
      "type": "Feature",
      "properties": {
        "@id": "node/4193219848",
        "name": "Kamba",
        "name:en": "Kamba",
        "place": "village"
      },
      "geometry": {
        "type": "Point",
        "coordinates": [
          95.7983329,
          27.3170138
        ]
      },
      "id": "node/4193219848"
    },
    {
      "type": "Feature",
      "properties": {
        "@id": "node/4193219849",
        "name": "Jagun",
        "name:en": "Jagun",
        "place": "town"
      },
      "geometry": {
        "type": "Point",
        "coordinates": [
          95.900287,
          27.3829158
        ]
      },
      "id": "node/4193219849"
    },
    {
      "type": "Feature",
      "properties": {
        "@id": "node/4193235569",
        "name": "Wara",
        "place": "village"
      },
      "geometry": {
        "type": "Point",
        "coordinates": [
          95.9648263,
          27.3501145
        ]
      },
      "id": "node/4193235569"
    },
    {
      "type": "Feature",
      "properties": {
        "@id": "node/4193235570",
        "name": "Mungkam",
        "name:en": "Mungkam",
        "place": "village"
      },
      "geometry": {
        "type": "Point",
        "coordinates": [
          95.9567911,
          27.3620726
        ]
      },
      "id": "node/4193235570"
    },
    {
      "type": "Feature",
      "properties": {
        "@id": "node/4193235571",
        "name": "Upper Mallong I",
        "place": "village"
      },
      "geometry": {
        "type": "Point",
        "coordinates": [
          95.7702409,
          27.2811737
        ]
      },
      "id": "node/4193235571"
    },
    {
      "type": "Feature",
      "properties": {
        "@id": "node/4193235572",
        "name": "Mallong II",
        "place": "village"
      },
      "geometry": {
        "type": "Point",
        "coordinates": [
          95.777048,
          27.286081
        ]
      },
      "id": "node/4193235572"
    },
    {
      "type": "Feature",
      "properties": {
        "@id": "node/4194553499",
        "name": "Kharang Kong (Cholim Basti)",
        "place": "village"
      },
      "geometry": {
        "type": "Point",
        "coordinates": [
          95.8363744,
          27.3715676
        ]
      },
      "id": "node/4194553499"
    },
    {
      "type": "Feature",
      "properties": {
        "@id": "node/4194553500",
        "name": "Kharang Kong",
        "place": "village"
      },
      "geometry": {
        "type": "Point",
        "coordinates": [
          95.8271154,
          27.3730444
        ]
      },
      "id": "node/4194553500"
    },
    {
      "type": "Feature",
      "properties": {
        "@id": "node/4194553501",
        "name": "Ninggam Tai Phake Village",
        "place": "village"
      },
      "geometry": {
        "type": "Point",
        "coordinates": [
          95.8282419,
          27.3809996
        ]
      },
      "id": "node/4194553501"
    },
    {
      "type": "Feature",
      "properties": {
        "@id": "node/4194553502",
        "name": "Hewe Ninggam",
        "place": "village"
      },
      "geometry": {
        "type": "Point",
        "coordinates": [
          95.8154102,
          27.3889828
        ]
      },
      "id": "node/4194553502"
    },
    {
      "type": "Feature",
      "properties": {
        "@id": "node/4194553503",
        "name": "Phulbari",
        "name:en": "Phulbari",
        "place": "village"
      },
      "geometry": {
        "type": "Point",
        "coordinates": [
          95.9212397,
          27.3716532
        ]
      },
      "id": "node/4194553503"
    },
    {
      "type": "Feature",
      "properties": {
        "@id": "node/4194555089",
        "name": "Lakla",
        "place": "village"
      },
      "geometry": {
        "type": "Point",
        "coordinates": [
          95.912367,
          27.3908021
        ]
      },
      "id": "node/4194555089"
    },
    {
      "type": "Feature",
      "properties": {
        "@id": "node/4194555889",
        "name": "Malou Pahar",
        "place": "village"
      },
      "geometry": {
        "type": "Point",
        "coordinates": [
          95.7435422,
          27.2840359
        ]
      },
      "id": "node/4194555889"
    },
    {
      "type": "Feature",
      "properties": {
        "@id": "node/4194576167",
        "name": "Lower Mallong I",
        "place": "village"
      },
      "geometry": {
        "type": "Point",
        "coordinates": [
          95.7674135,
          27.2848463
        ]
      },
      "id": "node/4194576167"
    },
    {
      "type": "Feature",
      "properties": {
        "@id": "node/4196332289",
        "name": "Inthem (Singpho village)",
        "place": "village"
      },
      "geometry": {
        "type": "Point",
        "coordinates": [
          95.7803902,
          27.3893835
        ]
      },
      "id": "node/4196332289"
    },
    {
      "type": "Feature",
      "properties": {
        "@id": "node/4196334863",
        "name": "Ing Thong (Singpho Village)",
        "place": "village"
      },
      "geometry": {
        "type": "Point",
        "coordinates": [
          95.6989235,
          27.330451
        ]
      },
      "id": "node/4196334863"
    },
    {
      "type": "Feature",
      "properties": {
        "@id": "node/4196334864",
        "name": "Ketetong Market",
        "place": "village"
      },
      "geometry": {
        "type": "Point",
        "coordinates": [
          95.7020349,
          27.3366461
        ]
      },
      "id": "node/4196334864"
    },
    {
      "type": "Feature",
      "properties": {
        "@id": "node/4196334865",
        "name": "Ketetong (Singpho Village)",
        "place": "village"
      },
      "geometry": {
        "type": "Point",
        "coordinates": [
          95.7079894,
          27.3403439
        ]
      },
      "id": "node/4196334865"
    },
    {
      "type": "Feature",
      "properties": {
        "@id": "node/4196339702",
        "name": "Dibong (Singpho Village)",
        "place": "village"
      },
      "geometry": {
        "type": "Point",
        "coordinates": [
          95.6873042,
          27.328945
        ]
      },
      "id": "node/4196339702"
    },
    {
      "type": "Feature",
      "properties": {
        "@id": "node/4196339705",
        "name": "Pawaimukh (Tai Khamyang Village)",
        "place": "village"
      },
      "geometry": {
        "type": "Point",
        "coordinates": [
          95.5729401,
          27.2889062
        ]
      },
      "id": "node/4196339705"
    },
    {
      "type": "Feature",
      "properties": {
        "@id": "node/4196342889",
        "name": "Bisa (Singpho village in Assam)",
        "place": "village"
      },
      "geometry": {
        "type": "Point",
        "coordinates": [
          95.7668887,
          27.3252271
        ]
      },
      "id": "node/4196342889"
    },
    {
      "type": "Feature",
      "properties": {
        "@id": "node/4196342890",
        "name": "Kumchai Kong (Singpho Village)",
        "place": "village"
      },
      "geometry": {
        "type": "Point",
        "coordinates": [
          95.7978736,
          27.3655434
        ]
      },
      "id": "node/4196342890"
    },
    {
      "type": "Feature",
      "properties": {
        "@id": "node/4198158291",
        "name": "Tipam Phake",
        "name:as": "তিপাম ফাকিয়াল",
        "name:phk": "မ︀ꩫ︀်ၸ︀ႃက︀ေ︀တ︀ႃ",
        "place": "village"
      },
      "geometry": {
        "type": "Point",
        "coordinates": [
          95.3953686,
          27.2792465
        ]
      },
      "id": "node/4198158291"
    },
    {
      "type": "Feature",
      "properties": {
        "@id": "node/4198158292",
        "alt_name": "Dihing Kinar Nocte Gaon",
        "name": "Phaltan Basti",
        "place": "village"
      },
      "geometry": {
        "type": "Point",
        "coordinates": [
          95.3876546,
          27.2833097
        ]
      },
      "id": "node/4198158292"
    },
    {
      "type": "Feature",
      "properties": {
        "@id": "node/4198158293",
        "alt_name": "Nam Phake",
        "name": "Namphakey",
        "name:as": "নামফাকে",
        "name:phk": "မ︀ꩫ︀်ၸ︀ႃက︀ေ︀တ︀ၞ်",
        "place": "village"
      },
      "geometry": {
        "type": "Point",
        "coordinates": [
          95.3687189,
          27.2821688
        ]
      },
      "id": "node/4198158293"
    },
    {
      "type": "Feature",
      "properties": {
        "@id": "node/4242463140",
        "name": "NK Darranga",
        "place": "village"
      },
      "geometry": {
        "type": "Point",
        "coordinates": [
          91.5073165,
          26.7918108
        ]
      },
      "id": "node/4242463140"
    },
    {
      "type": "Feature",
      "properties": {
        "@id": "node/4242479652",
        "name": "Naokata",
        "place": "village"
      },
      "geometry": {
        "type": "Point",
        "coordinates": [
          91.7262496,
          26.6392302
        ]
      },
      "id": "node/4242479652"
    },
    {
      "type": "Feature",
      "properties": {
        "@id": "node/4281853611",
        "GNS:dsg_code": "PPL",
        "GNS:dsg_name": "populated place",
        "GNS:id": "-2102287",
        "GNS:modify_date": "2012-09-10T00:00:00.000Z",
        "GNS:uni": "-2918680",
        "name": "Laisong",
        "name:en": "Laisong",
        "place": "village",
        "source": "geonames.mil (GNS) country file 20242858"
      },
      "geometry": {
        "type": "Point",
        "coordinates": [
          93.2981468,
          25.2062516
        ]
      },
      "id": "node/4281853611"
    },
    {
      "type": "Feature",
      "properties": {
        "@id": "node/4323994882",
        "name": "Tinsukia",
        "name:ar": "تينسوكيا",
        "name:el": "Τινσούκια",
        "name:fa": "تینسوکیا",
        "name:ja": "ティンスキヤー",
        "name:ko": "틴수키아",
        "name:ks": "تینسوکیا",
        "name:ml": "ടിൻസുകിയ",
        "name:pnb": "ٹنسوکیا",
        "name:ur": "تنسوکیا",
        "name:zh": "丁苏吉亚",
        "name:zh-Hans": "丁苏吉亚",
        "name:zh-Hans-CN": "丁苏吉亚",
        "name:zh-Hant": "丁蘇吉亞",
        "place": "town",
        "population": "10000",
        "postal_code": "786100",
        "wikidata": "Q2249428",
        "wikipedia": "en:Tinsukia",
        "wikipedia:ur": "تنسوکیا"
      },
      "geometry": {
        "type": "Point",
        "coordinates": [
          95.3601855,
          27.4879722
        ]
      },
      "id": "node/4323994882"
    },
    {
      "type": "Feature",
      "properties": {
        "@id": "node/4324640177",
        "ele": "123",
        "name": "Joypur",
        "name:as": "জয়পুৰ",
        "name:en": "Joypur",
        "name:hi": "जयपुर",
        "name:pa": "ਜੈਪੁਰ",
        "name:zh": "斋浦尔",
        "name_alt": "Jaipur",
        "place": "village",
        "population": "2491"
      },
      "geometry": {
        "type": "Point",
        "coordinates": [
          95.3895606,
          27.2681601
        ]
      },
      "id": "node/4324640177"
    },
    {
      "type": "Feature",
      "properties": {
        "@id": "node/4332977533",
        "capital": "5",
        "name": "Diphu",
        "place": "town",
        "postal_code": "782460",
        "wikidata": "Q1227167",
        "wikipedia": "en:Diphu"
      },
      "geometry": {
        "type": "Point",
        "coordinates": [
          93.4381214,
          25.8456705
        ]
      },
      "id": "node/4332977533"
    },
    {
      "type": "Feature",
      "properties": {
        "@id": "node/4343368415",
        "name": "Digboi",
        "name:as": "ডিগবৈ",
        "name:bn": "দিগ্বই",
        "name:en": "Digboi",
        "name:hi": "डिगबै",
        "name:kn": "ಡಿಗ್ಬೈ",
        "name:ta": "டிக்பாய்",
        "name:zh": "迪格博伊",
        "place": "town",
        "population": "50000",
        "postal_code": "786171",
        "wikidata": "Q1267577"
      },
      "geometry": {
        "type": "Point",
        "coordinates": [
          95.614868,
          27.3956145
        ]
      },
      "id": "node/4343368415"
    },
    {
      "type": "Feature",
      "properties": {
        "@id": "node/4509196600",
        "name": "Sorbogh",
        "name:as": "সৰভোগ",
        "name:en": "Sorbhog",
        "place": "village"
      },
      "geometry": {
        "type": "Point",
        "coordinates": [
          90.8892792,
          26.4909609
        ]
      },
      "id": "node/4509196600"
    },
    {
      "type": "Feature",
      "properties": {
        "@id": "node/4509196601",
        "name": "Dimow",
        "place": "village",
        "population": "2000",
        "postal_code": "787059",
        "wikidata": "Q24943594",
        "wikipedia": "en:Dimow"
      },
      "geometry": {
        "type": "Point",
        "coordinates": [
          94.8111854,
          27.6717985
        ]
      },
      "id": "node/4509196601"
    },
    {
      "type": "Feature",
      "properties": {
        "@id": "node/4667620988",
        "name": "Phukangaon",
        "place": "village"
      },
      "geometry": {
        "type": "Point",
        "coordinates": [
          94.6033303,
          27.5409552
        ]
      },
      "id": "node/4667620988"
    },
    {
      "type": "Feature",
      "properties": {
        "@id": "node/4667621489",
        "name": "Huliagaon",
        "place": "village"
      },
      "geometry": {
        "type": "Point",
        "coordinates": [
          94.5199249,
          27.5809334
        ]
      },
      "id": "node/4667621489"
    },
    {
      "type": "Feature",
      "properties": {
        "@id": "node/4668787051",
        "addr:city": "Silapathar",
        "addr:postcode": "787059",
        "name": "Silapathar",
        "name:zh-Hans-CN": "西拉帕塔尔",
        "place": "town",
        "wikidata": "Q2229047",
        "wikipedia": "en:Silapathar"
      },
      "geometry": {
        "type": "Point",
        "coordinates": [
          94.7255857,
          27.5893833
        ]
      },
      "id": "node/4668787051"
    },
    {
      "type": "Feature",
      "properties": {
        "@id": "node/4726719498",
        "addr:city": "Silapathar",
        "name": "Sisi Bargaon",
        "place": "village",
        "population": "5000",
        "postal_code": "786110"
      },
      "geometry": {
        "type": "Point",
        "coordinates": [
          94.6797056,
          27.5304146
        ]
      },
      "id": "node/4726719498"
    },
    {
      "type": "Feature",
      "properties": {
        "@id": "node/4726836613",
        "name": "Kulajan",
        "place": "town",
        "wikidata": "Q6442750",
        "wikipedia": "en:Kulajan"
      },
      "geometry": {
        "type": "Point",
        "coordinates": [
          94.7287378,
          27.5247513
        ]
      },
      "id": "node/4726836613"
    },
    {
      "type": "Feature",
      "properties": {
        "@id": "node/4740596562",
        "name": "Sunpura",
        "place": "village"
      },
      "geometry": {
        "type": "Point",
        "coordinates": [
          95.8864135,
          27.8500661
        ]
      },
      "id": "node/4740596562"
    },
    {
      "type": "Feature",
      "properties": {
        "@id": "node/4740749855",
        "alt_name": "Dum Duma",
        "name": "Doom Dooma",
        "place": "town",
        "postal_code": "786151",
        "wikidata": "Q1387064"
      },
      "geometry": {
        "type": "Point",
        "coordinates": [
          95.5539549,
          27.5699757
        ]
      },
      "id": "node/4740749855"
    },
    {
      "type": "Feature",
      "properties": {
        "@id": "node/4740750106",
        "name": "Borhapjan",
        "place": "village"
      },
      "geometry": {
        "type": "Point",
        "coordinates": [
          95.5004602,
          27.5363699
        ]
      },
      "id": "node/4740750106"
    },
    {
      "type": "Feature",
      "properties": {
        "@id": "node/4751245343",
        "alt_name": "Lido",
        "alt_name:en": "Lido",
        "alt_name:zh": "雷多",
        "alt_name:zh-Hans": "雷多",
        "alt_name:zh-Hant": "雷多",
        "name": "Ledo",
        "name:en": "Ledo",
        "name:zh": "利多",
        "name:zh-Hans": "利多",
        "name:zh-Hant": "利多",
        "place": "town",
        "postal_code": "786182",
        "wikidata": "Q11753628",
        "wikipedia": "en:Ledo, Assam"
      },
      "geometry": {
        "type": "Point",
        "coordinates": [
          95.73688,
          27.2945211
        ]
      },
      "id": "node/4751245343"
    },
    {
      "type": "Feature",
      "properties": {
        "@id": "node/4775180839",
        "name": "Tangla",
        "place": "town",
        "postal_code": "784521",
        "wikidata": "Q2733004"
      },
      "geometry": {
        "type": "Point",
        "coordinates": [
          91.9087761,
          26.6589755
        ]
      },
      "id": "node/4775180839"
    },
    {
      "type": "Feature",
      "properties": {
        "@id": "node/4806814527",
        "name": "Barpeta Road",
        "name:bn": "বড়পেটা রোড",
        "name:zh-Hans-CN": "巴尔佩塔罗阿德",
        "place": "town"
      },
      "geometry": {
        "type": "Point",
        "coordinates": [
          90.9667636,
          26.5048418
        ]
      },
      "id": "node/4806814527"
    },
    {
      "type": "Feature",
      "properties": {
        "@id": "node/4806821432",
        "place": "village"
      },
      "geometry": {
        "type": "Point",
        "coordinates": [
          89.9922419,
          25.9514144
        ]
      },
      "id": "node/4806821432"
    },
    {
      "type": "Feature",
      "properties": {
        "@id": "node/4806821433",
        "place": "village"
      },
      "geometry": {
        "type": "Point",
        "coordinates": [
          90.017592,
          25.9923028
        ]
      },
      "id": "node/4806821433"
    },
    {
      "type": "Feature",
      "properties": {
        "@id": "node/4885324853",
        "place": "hamlet"
      },
      "geometry": {
        "type": "Point",
        "coordinates": [
          95.6025123,
          27.9498479
        ]
      },
      "id": "node/4885324853"
    },
    {
      "type": "Feature",
      "properties": {
        "@id": "node/4885324854",
        "place": "hamlet"
      },
      "geometry": {
        "type": "Point",
        "coordinates": [
          95.5995726,
          27.9129176
        ]
      },
      "id": "node/4885324854"
    },
    {
      "type": "Feature",
      "properties": {
        "@id": "node/4885324855",
        "place": "hamlet"
      },
      "geometry": {
        "type": "Point",
        "coordinates": [
          95.6086492,
          27.9189282
        ]
      },
      "id": "node/4885324855"
    },
    {
      "type": "Feature",
      "properties": {
        "@id": "node/4885324856",
        "place": "hamlet"
      },
      "geometry": {
        "type": "Point",
        "coordinates": [
          95.596118,
          27.9009903
        ]
      },
      "id": "node/4885324856"
    },
    {
      "type": "Feature",
      "properties": {
        "@id": "node/4885384525",
        "name": "Islampur",
        "place": "village"
      },
      "geometry": {
        "type": "Point",
        "coordinates": [
          95.7446051,
          27.8792181
        ]
      },
      "id": "node/4885384525"
    },
    {
      "type": "Feature",
      "properties": {
        "@id": "node/4885601111",
        "name": "Chandkhira",
        "place": "village"
      },
      "geometry": {
        "type": "Point",
        "coordinates": [
          92.2942113,
          24.5655081
        ]
      },
      "id": "node/4885601111"
    },
    {
      "type": "Feature",
      "properties": {
        "@id": "node/4911457176",
        "name": "Kurijhār",
        "name:en": "Kurijhar",
        "place": "village",
        "source:name": "SOI"
      },
      "geometry": {
        "type": "Point",
        "coordinates": [
          91.006161,
          26.6355962
        ]
      },
      "id": "node/4911457176"
    },
    {
      "type": "Feature",
      "properties": {
        "@id": "node/4911457375",
        "name": "Sonbāri",
        "name:en": "Sonbari",
        "place": "village",
        "source:name": "SOI"
      },
      "geometry": {
        "type": "Point",
        "coordinates": [
          91.0025561,
          26.6238859
        ]
      },
      "id": "node/4911457375"
    },
    {
      "type": "Feature",
      "properties": {
        "@id": "node/5232412908",
        "name": "Bilaipur",
        "place": "village"
      },
      "geometry": {
        "type": "Point",
        "coordinates": [
          92.7279246,
          24.5204583
        ]
      },
      "id": "node/5232412908"
    },
    {
      "type": "Feature",
      "properties": {
        "@id": "node/5263416924",
        "name": "Garamur",
        "name:ko": "가라무르",
        "place": "town"
      },
      "geometry": {
        "type": "Point",
        "coordinates": [
          94.1574452,
          26.980306
        ]
      },
      "id": "node/5263416924"
    },
    {
      "type": "Feature",
      "properties": {
        "@id": "node/5623038906",
        "name": "Kurua",
        "place": "village"
      },
      "geometry": {
        "type": "Point",
        "coordinates": [
          91.8206191,
          26.2376126
        ]
      },
      "id": "node/5623038906"
    },
    {
      "type": "Feature",
      "properties": {
        "@id": "node/5766103458",
        "name": "Tuolpui",
        "place": "village"
      },
      "geometry": {
        "type": "Point",
        "coordinates": [
          93.2675957,
          25.1952529
        ]
      },
      "id": "node/5766103458"
    },
    {
      "type": "Feature",
      "properties": {
        "@id": "node/5775285633",
        "name": "Panigaon",
        "place": "town"
      },
      "geometry": {
        "type": "Point",
        "coordinates": [
          94.1113007,
          27.1406337
        ]
      },
      "id": "node/5775285633"
    },
    {
      "type": "Feature",
      "properties": {
        "@id": "node/5789836398",
        "name": "Umparoi",
        "place": "village"
      },
      "geometry": {
        "type": "Point",
        "coordinates": [
          92.3266554,
          25.9531442
        ]
      },
      "id": "node/5789836398"
    },
    {
      "type": "Feature",
      "properties": {
        "@id": "node/5789836399",
        "name": "Rombai",
        "place": "village"
      },
      "geometry": {
        "type": "Point",
        "coordinates": [
          92.3332643,
          25.9427637
        ]
      },
      "id": "node/5789836399"
    },
    {
      "type": "Feature",
      "properties": {
        "@id": "node/5789836400",
        "name": "Ale Kunjil",
        "place": "village"
      },
      "geometry": {
        "type": "Point",
        "coordinates": [
          92.3531985,
          25.9552472
        ]
      },
      "id": "node/5789836400"
    },
    {
      "type": "Feature",
      "properties": {
        "@id": "node/5789836401",
        "name": "Rapdang",
        "place": "village"
      },
      "geometry": {
        "type": "Point",
        "coordinates": [
          92.2150754,
          25.9269018
        ]
      },
      "id": "node/5789836401"
    },
    {
      "type": "Feature",
      "properties": {
        "@id": "node/5789836402",
        "name": "Mawlen",
        "place": "village"
      },
      "geometry": {
        "type": "Point",
        "coordinates": [
          92.2347736,
          25.9265545
        ]
      },
      "id": "node/5789836402"
    },
    {
      "type": "Feature",
      "properties": {
        "@id": "node/5789836403",
        "name": "Umswai",
        "place": "village"
      },
      "geometry": {
        "type": "Point",
        "coordinates": [
          92.2385287,
          25.9406412
        ]
      },
      "id": "node/5789836403"
    },
    {
      "type": "Feature",
      "properties": {
        "@id": "node/5789836404",
        "name": "Umswah",
        "place": "village"
      },
      "geometry": {
        "type": "Point",
        "coordinates": [
          92.2339797,
          25.9472209
        ]
      },
      "id": "node/5789836404"
    },
    {
      "type": "Feature",
      "properties": {
        "@id": "node/5789836405",
        "name": "Chikdamakha",
        "place": "village"
      },
      "geometry": {
        "type": "Point",
        "coordinates": [
          92.221663,
          25.9428216
        ]
      },
      "id": "node/5789836405"
    },
    {
      "type": "Feature",
      "properties": {
        "@id": "node/5789836406",
        "name": "Bormarlong",
        "place": "village"
      },
      "geometry": {
        "type": "Point",
        "coordinates": [
          92.2074151,
          25.9517164
        ]
      },
      "id": "node/5789836406"
    },
    {
      "type": "Feature",
      "properties": {
        "@id": "node/5806577175",
        "name": "Shitoyi",
        "place": "village"
      },
      "geometry": {
        "type": "Point",
        "coordinates": [
          93.8077926,
          25.9981671
        ]
      },
      "id": "node/5806577175"
    },
    {
      "type": "Feature",
      "properties": {
        "@id": "node/5806577176",
        "name": "Chongajan",
        "place": "village"
      },
      "geometry": {
        "type": "Point",
        "coordinates": [
          93.8472318,
          26.008967
        ]
      },
      "id": "node/5806577176"
    },
    {
      "type": "Feature",
      "properties": {
        "@id": "node/5806577177",
        "name": "Rengmapani",
        "place": "village"
      },
      "geometry": {
        "type": "Point",
        "coordinates": [
          93.9036548,
          26.0026511
        ]
      },
      "id": "node/5806577177"
    },
    {
      "type": "Feature",
      "properties": {
        "@id": "node/5806577178",
        "name": "Ratan",
        "place": "village"
      },
      "geometry": {
        "type": "Point",
        "coordinates": [
          93.9495098,
          26.0093526
        ]
      },
      "id": "node/5806577178"
    },
    {
      "type": "Feature",
      "properties": {
        "@id": "node/5819395478",
        "name": "Tirap Sakan (Yongkuk Village)",
        "place": "village"
      },
      "geometry": {
        "type": "Point",
        "coordinates": [
          95.9053892,
          27.2903599
        ]
      },
      "id": "node/5819395478"
    },
    {
      "type": "Feature",
      "properties": {
        "@id": "node/5839997990",
        "name": "Sarthebari",
        "name:bn": "সার্থেবারী",
        "place": "town",
        "wikidata": "Q2733013"
      },
      "geometry": {
        "type": "Point",
        "coordinates": [
          91.223334,
          26.3692537
        ]
      },
      "id": "node/5839997990"
    },
    {
      "type": "Feature",
      "properties": {
        "@id": "node/5943791367",
        "name": "Mankachar",
        "name:bn": "মানকাছার",
        "name:en": "Mankachar",
        "place": "town",
        "wikidata": "Q720860"
      },
      "geometry": {
        "type": "Point",
        "coordinates": [
          89.8627782,
          25.5352682
        ]
      },
      "id": "node/5943791367"
    },
    {
      "type": "Feature",
      "properties": {
        "@id": "node/6096685708",
        "name": "Muktiar",
        "place": "village"
      },
      "geometry": {
        "type": "Point",
        "coordinates": [
          95.0549718,
          27.7322472
        ]
      },
      "id": "node/6096685708"
    },
    {
      "type": "Feature",
      "properties": {
        "@id": "node/6096685710",
        "name": "Dikhari",
        "place": "village"
      },
      "geometry": {
        "type": "Point",
        "coordinates": [
          95.0560583,
          27.7256118
        ]
      },
      "id": "node/6096685710"
    },
    {
      "type": "Feature",
      "properties": {
        "@id": "node/6096685711",
        "name": "Ramdhon",
        "place": "village"
      },
      "geometry": {
        "type": "Point",
        "coordinates": [
          95.0594983,
          27.7290614
        ]
      },
      "id": "node/6096685711"
    },
    {
      "type": "Feature",
      "properties": {
        "@id": "node/6096685712",
        "name": "Koroibari",
        "place": "village"
      },
      "geometry": {
        "type": "Point",
        "coordinates": [
          95.0507458,
          27.7398039
        ]
      },
      "id": "node/6096685712"
    },
    {
      "type": "Feature",
      "properties": {
        "@id": "node/6096685713",
        "name": "Borodondi",
        "place": "village"
      },
      "geometry": {
        "type": "Point",
        "coordinates": [
          95.0373612,
          27.7472431
        ]
      },
      "id": "node/6096685713"
    },
    {
      "type": "Feature",
      "properties": {
        "@id": "node/6096685714",
        "name": "Lakhipur Bédum",
        "place": "village"
      },
      "geometry": {
        "type": "Point",
        "coordinates": [
          95.0270138,
          27.7645032
        ]
      },
      "id": "node/6096685714"
    },
    {
      "type": "Feature",
      "properties": {
        "@id": "node/6096685715",
        "name": "Borhati",
        "place": "village"
      },
      "geometry": {
        "type": "Point",
        "coordinates": [
          95.025252,
          27.7450954
        ]
      },
      "id": "node/6096685715"
    },
    {
      "type": "Feature",
      "properties": {
        "@id": "node/6128048387",
        "name": "Golakganj",
        "name:bn": "গোলকগঞ্জ",
        "name:en": "Golakganj",
        "name:uk": "Ґолакґандж",
        "place": "town"
      },
      "geometry": {
        "type": "Point",
        "coordinates": [
          89.8252916,
          26.1047528
        ]
      },
      "id": "node/6128048387"
    },
    {
      "type": "Feature",
      "properties": {
        "@id": "node/6148371634",
        "name": "Basbari",
        "place": "village"
      },
      "geometry": {
        "type": "Point",
        "coordinates": [
          89.9034512,
          26.1897647
        ]
      },
      "id": "node/6148371634"
    },
    {
      "type": "Feature",
      "properties": {
        "@id": "node/6163787851",
        "name": "Maligaon",
        "name:as": "মালিগাঁও",
        "name:bn": "মালিগাঁও",
        "name:hi": "मालीगांव",
        "place": "town",
        "wikidata": "Q6743488"
      },
      "geometry": {
        "type": "Point",
        "coordinates": [
          91.6958086,
          26.1600453
        ]
      },
      "id": "node/6163787851"
    },
    {
      "type": "Feature",
      "properties": {
        "@id": "node/6169689391",
        "alt_name:hi": "चंद्रपुर",
        "name": "Chandrapur",
        "name:hi": "चन्द्रपुर",
        "name:pa": "ਚੰਦਰਪੁਰ",
        "place": "village"
      },
      "geometry": {
        "type": "Point",
        "coordinates": [
          91.9258814,
          26.2351111
        ]
      },
      "id": "node/6169689391"
    },
    {
      "type": "Feature",
      "properties": {
        "@id": "node/6231262187",
        "name": "Dholai",
        "place": "village",
        "wikidata": "Q24287054"
      },
      "geometry": {
        "type": "Point",
        "coordinates": [
          92.8463656,
          24.5958997
        ]
      },
      "id": "node/6231262187"
    },
    {
      "type": "Feature",
      "properties": {
        "@id": "node/6234572370",
        "gns:dsg_code": "PPL",
        "gns:dsg_string": "populated place",
        "gns:id": "-2098664",
        "gns:uni": "-2913765",
        "name": "Jirighāt",
        "name:en": "Jirighat",
        "place": "village",
        "source": "geonames.nga.mil(GNS)-country file (20220324))",
        "wikidata": "Q6203057"
      },
      "geometry": {
        "type": "Point",
        "coordinates": [
          93.109868,
          24.807212
        ]
      },
      "id": "node/6234572370"
    },
    {
      "type": "Feature",
      "properties": {
        "@id": "node/6240693696",
        "name": "Gunjong",
        "place": "village",
        "source": "GNS"
      },
      "geometry": {
        "type": "Point",
        "coordinates": [
          93.0101466,
          25.3175912
        ]
      },
      "id": "node/6240693696"
    },
    {
      "type": "Feature",
      "properties": {
        "@id": "node/6241309608",
        "name": "Sonai",
        "name:bn": "সোনাই",
        "place": "town",
        "wikidata": "Q28169357"
      },
      "geometry": {
        "type": "Point",
        "coordinates": [
          92.8903055,
          24.7334137
        ]
      },
      "id": "node/6241309608"
    },
    {
      "type": "Feature",
      "properties": {
        "@id": "node/6241309610",
        "name": "Irongmara",
        "place": "village"
      },
      "geometry": {
        "type": "Point",
        "coordinates": [
          92.7418989,
          24.6890483
        ]
      },
      "id": "node/6241309610"
    },
    {
      "type": "Feature",
      "properties": {
        "@id": "node/6241314331",
        "name": "Dwarband",
        "place": "village",
        "source": "GNS"
      },
      "geometry": {
        "type": "Point",
        "coordinates": [
          92.7103185,
          24.6329744
        ]
      },
      "id": "node/6241314331"
    },
    {
      "type": "Feature",
      "properties": {
        "@id": "node/6241314333",
        "name": "Lala",
        "name:bn": "লালা",
        "place": "town",
        "wikidata": "Q1929695"
      },
      "geometry": {
        "type": "Point",
        "coordinates": [
          92.6078313,
          24.5599949
        ]
      },
      "id": "node/6241314333"
    },
    {
      "type": "Feature",
      "properties": {
        "@id": "node/6244036969",
        "name": "Amreng",
        "place": "village",
        "source": "US Army map"
      },
      "geometry": {
        "type": "Point",
        "coordinates": [
          92.8147959,
          25.7437183
        ]
      },
      "id": "node/6244036969"
    },
    {
      "type": "Feature",
      "properties": {
        "@id": "node/6244305246",
        "name": "Harangajao",
        "place": "village",
        "source": "GNS"
      },
      "geometry": {
        "type": "Point",
        "coordinates": [
          92.8571534,
          25.1166986
        ]
      },
      "id": "node/6244305246"
    },
    {
      "type": "Feature",
      "properties": {
        "@id": "node/6244446903",
        "name": "Malangpa",
        "place": "hamlet",
        "source": "US Army map"
      },
      "geometry": {
        "type": "Point",
        "coordinates": [
          92.8190607,
          25.2128961
        ]
      },
      "id": "node/6244446903"
    },
    {
      "type": "Feature",
      "properties": {
        "@id": "node/6245693270",
        "name": "Kumbhirgram",
        "place": "village",
        "source": "US Army map"
      },
      "geometry": {
        "type": "Point",
        "coordinates": [
          92.9816294,
          24.9069316
        ]
      },
      "id": "node/6245693270"
    },
    {
      "type": "Feature",
      "properties": {
        "@id": "node/6245693663",
        "name": "Subhang",
        "place": "village",
        "source": "US Army map"
      },
      "geometry": {
        "type": "Point",
        "coordinates": [
          92.8023183,
          24.9494293
        ]
      },
      "id": "node/6245693663"
    },
    {
      "type": "Feature",
      "properties": {
        "@id": "node/6246654287",
        "name": "Longshep",
        "place": "village",
        "source": "US Army map"
      },
      "geometry": {
        "type": "Point",
        "coordinates": [
          93.1579041,
          25.2881435
        ]
      },
      "id": "node/6246654287"
    },
    {
      "type": "Feature",
      "properties": {
        "@id": "node/6246654288",
        "name": "Gidingpur",
        "place": "village",
        "source": "US Army map"
      },
      "geometry": {
        "type": "Point",
        "coordinates": [
          93.1475508,
          25.300036
        ]
      },
      "id": "node/6246654288"
    },
    {
      "type": "Feature",
      "properties": {
        "@id": "node/6247258124",
        "GNS:dsg_code": "PPL",
        "GNS:dsg_name": "populated place",
        "GNS:id": "-2113017",
        "GNS:modify_date": "2012-09-10T00:00:00.000Z",
        "GNS:uni": "-2933010",
        "name": "Thingje",
        "name:en": "Thingje",
        "note": "GNS location moved into residential area",
        "place": "village",
        "population:tribe": "NĀGA",
        "source": "geonames.mil (GNS) country file 20241380",
        "source:population:tribe": "SOI"
      },
      "geometry": {
        "type": "Point",
        "coordinates": [
          93.3771157,
          25.2612065
        ]
      },
      "id": "node/6247258124"
    },
    {
      "type": "Feature",
      "properties": {
        "@id": "node/6247259728",
        "name": "Binnakandi",
        "place": "village",
        "source": "GNS"
      },
      "geometry": {
        "type": "Point",
        "coordinates": [
          92.9789847,
          24.7250744
        ]
      },
      "id": "node/6247259728"
    },
    {
      "type": "Feature",
      "properties": {
        "@id": "node/6247491664",
        "name": "Lakhichara",
        "place": "village",
        "source": "US Army map"
      },
      "geometry": {
        "type": "Point",
        "coordinates": [
          93.1316721,
          24.834585
        ]
      },
      "id": "node/6247491664"
    },
    {
      "type": "Feature",
      "properties": {
        "@id": "node/6247491758",
        "name": "Diglāng",
        "name:en": "Diglang",
        "place": "hamlet",
        "source": "US Army map",
        "source:name": "SOI"
      },
      "geometry": {
        "type": "Point",
        "coordinates": [
          93.1499863,
          24.8720996
        ]
      },
      "id": "node/6247491758"
    },
    {
      "type": "Feature",
      "properties": {
        "@id": "node/6247909755",
        "GNS:dsg_code": "PPL",
        "GNS:dsg_name": "populated place",
        "GNS:id": "11647369",
        "GNS:modify_date": "2012-11-09T00:00:00.000Z",
        "GNS:uni": "13986101",
        "name": "Kerhlām",
        "name:en": "Kerhlam",
        "note": "GNS location moved into residential area",
        "place": "village",
        "source": "US Army map",
        "source:gnsdata": "geonames.mil (GNS) country file 20246416"
      },
      "geometry": {
        "type": "Point",
        "coordinates": [
          93.1809604,
          25.0246592
        ]
      },
      "id": "node/6247909755"
    },
    {
      "type": "Feature",
      "properties": {
        "@id": "node/6247910684",
        "GNS:dsg_code": "PPL",
        "GNS:dsg_name": "populated place",
        "GNS:id": "-2097110",
        "GNS:modify_date": "2012-09-10T00:00:00.000Z",
        "GNS:uni": "-2911752",
        "name": "Hāngrum",
        "name:en": "Hangrum",
        "place": "village",
        "source": "geonames.mil (GNS) country file 20243930",
        "source:name": "SOI"
      },
      "geometry": {
        "type": "Point",
        "coordinates": [
          93.3021372,
          25.1386511
        ]
      },
      "id": "node/6247910684"
    },
    {
      "type": "Feature",
      "properties": {
        "@id": "node/6248985957",
        "name": "Baitha-Langso",
        "place": "village",
        "source": "GNS"
      },
      "geometry": {
        "type": "Point",
        "coordinates": [
          92.5946563,
          25.9702661
        ]
      },
      "id": "node/6248985957"
    },
    {
      "type": "Feature",
      "properties": {
        "@id": "node/6250025455",
        "name": "Lektheh",
        "place": "hamlet",
        "source": "US Army map"
      },
      "geometry": {
        "type": "Point",
        "coordinates": [
          92.3894674,
          25.973642
        ]
      },
      "id": "node/6250025455"
    },
    {
      "type": "Feature",
      "properties": {
        "@id": "node/6251245454",
        "name": "Digar Kharo",
        "name:en": "Digar Kharo",
        "place": "hamlet",
        "population:tribe": "KACHĀRI",
        "source:name": "SOI",
        "source:population:tribe": "SOI"
      },
      "geometry": {
        "type": "Point",
        "coordinates": [
          93.3099425,
          25.3518409
        ]
      },
      "id": "node/6251245454"
    },
    {
      "type": "Feature",
      "properties": {
        "@id": "node/6251245455",
        "name": "Bara Digar",
        "name:en": "Bara Digar",
        "place": "hamlet",
        "population:tribe": "KACHĀRI",
        "source:name": "SOI",
        "source:population:tribe": "SOI"
      },
      "geometry": {
        "type": "Point",
        "coordinates": [
          93.3057261,
          25.3718801
        ]
      },
      "id": "node/6251245455"
    },
    {
      "type": "Feature",
      "properties": {
        "@id": "node/6263361653",
        "name": "Fulertal",
        "place": "village"
      },
      "geometry": {
        "type": "Point",
        "coordinates": [
          93.0280369,
          24.7896372
        ]
      },
      "id": "node/6263361653"
    },
    {
      "type": "Feature",
      "properties": {
        "@id": "node/6265884238",
        "name": "Karigaon",
        "place": "village"
      },
      "geometry": {
        "type": "Point",
        "coordinates": [
          90.3425544,
          26.5526347
        ]
      },
      "id": "node/6265884238"
    },
    {
      "type": "Feature",
      "properties": {
        "@id": "node/6266333914",
        "name": "Dokmoka",
        "place": "village",
        "wikidata": "Q1258336"
      },
      "geometry": {
        "type": "Point",
        "coordinates": [
          93.0518442,
          26.2109382
        ]
      },
      "id": "node/6266333914"
    },
    {
      "type": "Feature",
      "properties": {
        "@id": "node/6284459627",
        "name": "Talap",
        "place": "town"
      },
      "geometry": {
        "type": "Point",
        "coordinates": [
          95.5645966,
          27.6751482
        ]
      },
      "id": "node/6284459627"
    },
    {
      "type": "Feature",
      "properties": {
        "@id": "node/6293977985",
        "name": "Lekhapani",
        "name:en": "Lekhapani",
        "name:zh": "利克巴尼",
        "place": "village"
      },
      "geometry": {
        "type": "Point",
        "coordinates": [
          95.8346798,
          27.3269957
        ]
      },
      "id": "node/6293977985"
    },
    {
      "type": "Feature",
      "properties": {
        "@id": "node/6301170168",
        "is_in:district": "Dima Hasao",
        "is_in:state": "Assam",
        "name": "Umrangso",
        "place": "town",
        "population": "10376",
        "wikidata": "Q781743",
        "wikipedia": "en:Umrangso"
      },
      "geometry": {
        "type": "Point",
        "coordinates": [
          92.7342802,
          25.5078273
        ]
      },
      "id": "node/6301170168"
    },
    {
      "type": "Feature",
      "properties": {
        "@id": "node/6336198471",
        "name": "Kalachand",
        "place": "village"
      },
      "geometry": {
        "type": "Point",
        "coordinates": [
          93.131597,
          25.3415632
        ]
      },
      "id": "node/6336198471"
    },
    {
      "type": "Feature",
      "properties": {
        "@id": "node/6336366881",
        "name": "Baraigram",
        "place": "village"
      },
      "geometry": {
        "type": "Point",
        "coordinates": [
          92.3431778,
          24.6806549
        ]
      },
      "id": "node/6336366881"
    },
    {
      "type": "Feature",
      "properties": {
        "@id": "node/6338319948",
        "name": "Ramkrishna Nagar",
        "name:bn": "রামকৃষ্ণ নগর",
        "name:en": "Ramkrishna Nagar",
        "place": "town",
        "short_name": "R K Nagar",
        "wikidata": "Q7289692"
      },
      "geometry": {
        "type": "Point",
        "coordinates": [
          92.4617958,
          24.5664058
        ]
      },
      "id": "node/6338319948"
    },
    {
      "type": "Feature",
      "properties": {
        "@id": "node/6464778886",
        "name": "Hamren",
        "place": "town"
      },
      "geometry": {
        "type": "Point",
        "coordinates": [
          92.5748777,
          25.8449919
        ]
      },
      "id": "node/6464778886"
    },
    {
      "type": "Feature",
      "properties": {
        "@id": "node/6482378186",
        "name": "Kajalgaon",
        "name:bn": "কাজলগাঁও",
        "place": "town"
      },
      "geometry": {
        "type": "Point",
        "coordinates": [
          90.525509,
          26.513931
        ]
      },
      "id": "node/6482378186"
    },
    {
      "type": "Feature",
      "properties": {
        "@id": "node/6874965813",
        "name": "Borchahaki",
        "place": "village"
      },
      "geometry": {
        "type": "Point",
        "coordinates": [
          94.9207004,
          27.1015907
        ]
      },
      "id": "node/6874965813"
    },
    {
      "type": "Feature",
      "properties": {
        "@id": "node/6888318382",
        "alt_name": "Ranglua",
        "name": "Kamkuh Russa",
        "place": "village"
      },
      "geometry": {
        "type": "Point",
        "coordinates": [
          95.2700019,
          27.0732837
        ]
      },
      "id": "node/6888318382"
    },
    {
      "type": "Feature",
      "properties": {
        "@id": "node/6993697243",
        "name": "Agamoni",
        "place": "village"
      },
      "geometry": {
        "type": "Point",
        "coordinates": [
          89.7842431,
          26.1985638
        ]
      },
      "id": "node/6993697243"
    },
    {
      "type": "Feature",
      "properties": {
        "@id": "node/7017989704",
        "description": "Tulsibari is a village under Rangia sub division in Kamrup District ",
        "name": "Tulsibari",
        "name:as": "তুলসীবাৰী",
        "place": "village",
        "population": "10000"
      },
      "geometry": {
        "type": "Point",
        "coordinates": [
          91.597889,
          26.5045214
        ]
      },
      "id": "node/7017989704"
    },
    {
      "type": "Feature",
      "properties": {
        "@id": "node/7079174910",
        "name": "Mornai",
        "place": "village"
      },
      "geometry": {
        "type": "Point",
        "coordinates": [
          90.7475753,
          26.1043945
        ]
      },
      "id": "node/7079174910"
    },
    {
      "type": "Feature",
      "properties": {
        "@id": "node/7152463889",
        "name": "Mendipathar",
        "place": "village"
      },
      "geometry": {
        "type": "Point",
        "coordinates": [
          90.6337738,
          25.9210013
        ]
      },
      "id": "node/7152463889"
    },
    {
      "type": "Feature",
      "properties": {
        "@id": "node/7157275460",
        "name": "Kamalpur",
        "place": "village"
      },
      "geometry": {
        "type": "Point",
        "coordinates": [
          91.6801679,
          26.3484407
        ]
      },
      "id": "node/7157275460"
    },
    {
      "type": "Feature",
      "properties": {
        "@id": "node/7157454052",
        "alt_name": "Sālbāri",
        "name": "Salbari",
        "place": "village"
      },
      "geometry": {
        "type": "Point",
        "coordinates": [
          91.0966587,
          26.6412255
        ]
      },
      "id": "node/7157454052"
    },
    {
      "type": "Feature",
      "properties": {
        "@id": "node/7158274936",
        "name": "Kampur",
        "place": "village"
      },
      "geometry": {
        "type": "Point",
        "coordinates": [
          92.6577258,
          26.1600411
        ]
      },
      "id": "node/7158274936"
    },
    {
      "type": "Feature",
      "properties": {
        "@id": "node/7158694224",
        "name": "Tingkhong",
        "place": "village"
      },
      "geometry": {
        "type": "Point",
        "coordinates": [
          95.1749038,
          27.2171019
        ]
      },
      "id": "node/7158694224"
    },
    {
      "type": "Feature",
      "properties": {
        "@id": "node/7158947568",
        "name": "Bhowraguri",
        "place": "village"
      },
      "geometry": {
        "type": "Point",
        "coordinates": [
          90.0639148,
          26.4296239
        ]
      },
      "id": "node/7158947568"
    },
    {
      "type": "Feature",
      "properties": {
        "@id": "node/7159004379",
        "name": "Chapar",
        "name:bn": "চাপর",
        "place": "town"
      },
      "geometry": {
        "type": "Point",
        "coordinates": [
          90.4422855,
          26.2717515
        ]
      },
      "id": "node/7159004379"
    },
    {
      "type": "Feature",
      "properties": {
        "@id": "node/7159006604",
        "name": "Bagribari",
        "place": "village"
      },
      "geometry": {
        "type": "Point",
        "coordinates": [
          90.1401186,
          26.1985734
        ]
      },
      "id": "node/7159006604"
    },
    {
      "type": "Feature",
      "properties": {
        "@id": "node/7159010046",
        "name": "Boitamari",
        "place": "village"
      },
      "geometry": {
        "type": "Point",
        "coordinates": [
          90.510478,
          26.351998
        ]
      },
      "id": "node/7159010046"
    },
    {
      "type": "Feature",
      "properties": {
        "@id": "node/7159026712",
        "name": "Bengtol",
        "place": "village"
      },
      "geometry": {
        "type": "Point",
        "coordinates": [
          90.4791498,
          26.6398446
        ]
      },
      "id": "node/7159026712"
    },
    {
      "type": "Feature",
      "properties": {
        "@id": "node/7159046934",
        "name": "Balijana",
        "place": "village"
      },
      "geometry": {
        "type": "Point",
        "coordinates": [
          90.541377,
          26.0808185
        ]
      },
      "id": "node/7159046934"
    },
    {
      "type": "Feature",
      "properties": {
        "@id": "node/7159052459",
        "name": "Rangjuli",
        "place": "village"
      },
      "geometry": {
        "type": "Point",
        "coordinates": [
          90.9367132,
          25.9684624
        ]
      },
      "id": "node/7159052459"
    },
    {
      "type": "Feature",
      "properties": {
        "@id": "node/7159054303",
        "name": "Matia",
        "place": "village"
      },
      "geometry": {
        "type": "Point",
        "coordinates": [
          90.8027744,
          26.0856944
        ]
      },
      "id": "node/7159054303"
    },
    {
      "type": "Feature",
      "properties": {
        "@id": "node/7159255409",
        "name": "Kalgachia",
        "place": "village"
      },
      "geometry": {
        "type": "Point",
        "coordinates": [
          90.8700657,
          26.3601311
        ]
      },
      "id": "node/7159255409"
    },
    {
      "type": "Feature",
      "properties": {
        "@id": "node/7159255410",
        "name": "Srijangram",
        "place": "village"
      },
      "geometry": {
        "type": "Point",
        "coordinates": [
          90.7058072,
          26.3817589
        ]
      },
      "id": "node/7159255410"
    },
    {
      "type": "Feature",
      "properties": {
        "@id": "node/7159263817",
        "name": "Palasbari",
        "place": "village"
      },
      "geometry": {
        "type": "Point",
        "coordinates": [
          91.4521694,
          26.1206485
        ]
      },
      "id": "node/7159263817"
    },
    {
      "type": "Feature",
      "properties": {
        "@id": "node/7159263818",
        "name": "Mukalmua",
        "place": "village"
      },
      "geometry": {
        "type": "Point",
        "coordinates": [
          91.34943,
          26.2719824
        ]
      },
      "id": "node/7159263818"
    },
    {
      "type": "Feature",
      "properties": {
        "@id": "node/7159264903",
        "alt_name": "Baghbar",
        "name": "Baghbor",
        "place": "village"
      },
      "geometry": {
        "type": "Point",
        "coordinates": [
          90.8494019,
          26.2174401
        ]
      },
      "id": "node/7159264903"
    },
    {
      "type": "Feature",
      "properties": {
        "@id": "node/7159269209",
        "name": "Chenga",
        "place": "village"
      },
      "geometry": {
        "type": "Point",
        "coordinates": [
          91.1555814,
          26.2812947
        ]
      },
      "id": "node/7159269209"
    },
    {
      "type": "Feature",
      "properties": {
        "@id": "node/7159270019",
        "name": "Goroimari",
        "place": "village"
      },
      "geometry": {
        "type": "Point",
        "coordinates": [
          91.2499308,
          26.1043096
        ]
      },
      "id": "node/7159270019"
    },
    {
      "type": "Feature",
      "properties": {
        "@id": "node/7159270020",
        "name": "Chamaria",
        "place": "village"
      },
      "geometry": {
        "type": "Point",
        "coordinates": [
          91.1616325,
          26.0617177
        ]
      },
      "id": "node/7159270020"
    },
    {
      "type": "Feature",
      "properties": {
        "@id": "node/7159270021",
        "name": "Nagarbera",
        "place": "village"
      },
      "geometry": {
        "type": "Point",
        "coordinates": [
          91.0013437,
          26.1159474
        ]
      },
      "id": "node/7159270021"
    },
    {
      "type": "Feature",
      "properties": {
        "@id": "node/7159270041",
        "name": "Harisinga",
        "place": "village"
      },
      "geometry": {
        "type": "Point",
        "coordinates": [
          91.9865083,
          26.7269834
        ]
      },
      "id": "node/7159270041"
    },
    {
      "type": "Feature",
      "properties": {
        "@id": "node/7159287305",
        "name": "Baghmara",
        "place": "village"
      },
      "geometry": {
        "type": "Point",
        "coordinates": [
          91.1773824,
          26.6151959
        ]
      },
      "id": "node/7159287305"
    },
    {
      "type": "Feature",
      "properties": {
        "@id": "node/7159292586",
        "name": "Jalah",
        "place": "village"
      },
      "geometry": {
        "type": "Point",
        "coordinates": [
          91.2002778,
          26.6518122
        ]
      },
      "id": "node/7159292586"
    },
    {
      "type": "Feature",
      "properties": {
        "@id": "node/7159314357",
        "name": "Doomni",
        "place": "village"
      },
      "geometry": {
        "type": "Point",
        "coordinates": [
          91.3099694,
          26.7175921
        ]
      },
      "id": "node/7159314357"
    },
    {
      "type": "Feature",
      "properties": {
        "@id": "node/7159365221",
        "name": "Pipalibari",
        "place": "village"
      },
      "geometry": {
        "type": "Point",
        "coordinates": [
          91.3295602,
          26.3912162
        ]
      },
      "id": "node/7159365221"
    },
    {
      "type": "Feature",
      "properties": {
        "@id": "node/7159365222",
        "name": "Banekuchi",
        "place": "village"
      },
      "geometry": {
        "type": "Point",
        "coordinates": [
          91.3905429,
          26.4648873
        ]
      },
      "id": "node/7159365222"
    },
    {
      "type": "Feature",
      "properties": {
        "@id": "node/7159370809",
        "name": "Kamarkuchi",
        "place": "village"
      },
      "geometry": {
        "type": "Point",
        "coordinates": [
          91.4800429,
          26.3491137
        ]
      },
      "id": "node/7159370809"
    },
    {
      "type": "Feature",
      "properties": {
        "@id": "node/7159375989",
        "name": "Ghograpar",
        "place": "village"
      },
      "geometry": {
        "type": "Point",
        "coordinates": [
          91.5286231,
          26.4519781
        ]
      },
      "id": "node/7159375989"
    },
    {
      "type": "Feature",
      "properties": {
        "@id": "node/7159393392",
        "place": "village"
      },
      "geometry": {
        "type": "Point",
        "coordinates": [
          91.5435576,
          26.3627266
        ]
      },
      "id": "node/7159393392"
    },
    {
      "type": "Feature",
      "properties": {
        "@id": "node/7159950254",
        "name": "Phuloni",
        "place": "village"
      },
      "geometry": {
        "type": "Point",
        "coordinates": [
          93.1371438,
          26.1757752
        ]
      },
      "id": "node/7159950254"
    },
    {
      "type": "Feature",
      "properties": {
        "@id": "node/7159953022",
        "name": "Rupahi",
        "place": "village"
      },
      "geometry": {
        "type": "Point",
        "coordinates": [
          92.7417111,
          26.4157784
        ]
      },
      "id": "node/7159953022"
    },
    {
      "type": "Feature",
      "properties": {
        "@id": "node/7159959456",
        "name": "Morangi",
        "place": "village"
      },
      "geometry": {
        "type": "Point",
        "coordinates": [
          93.8225984,
          26.5753248
        ]
      },
      "id": "node/7159959456"
    },
    {
      "type": "Feature",
      "properties": {
        "@id": "node/7159959457",
        "name": "Sarupathar",
        "place": "town"
      },
      "geometry": {
        "type": "Point",
        "coordinates": [
          93.8635826,
          26.1958971
        ]
      },
      "id": "node/7159959457"
    },
    {
      "type": "Feature",
      "properties": {
        "@id": "node/7159969715",
        "name": "Mikirbheta",
        "place": "village"
      },
      "geometry": {
        "type": "Point",
        "coordinates": [
          92.4543714,
          26.3245373
        ]
      },
      "id": "node/7159969715"
    },
    {
      "type": "Feature",
      "properties": {
        "@id": "node/7159969716",
        "name": "Laharighat",
        "place": "village"
      },
      "geometry": {
        "type": "Point",
        "coordinates": [
          92.3416943,
          26.4190111
        ]
      },
      "id": "node/7159969716"
    },
    {
      "type": "Feature",
      "properties": {
        "@id": "node/7159979489",
        "name": "Silonijan",
        "place": "village"
      },
      "geometry": {
        "type": "Point",
        "coordinates": [
          93.8753413,
          26.3371147
        ]
      },
      "id": "node/7159979489"
    },
    {
      "type": "Feature",
      "properties": {
        "@id": "node/7159998707",
        "name": "Khumtai",
        "place": "village"
      },
      "geometry": {
        "type": "Point",
        "coordinates": [
          93.8388204,
          26.6075797
        ]
      },
      "id": "node/7159998707"
    },
    {
      "type": "Feature",
      "properties": {
        "@id": "node/7160009137",
        "name": "Naobaicha",
        "place": "village"
      },
      "geometry": {
        "type": "Point",
        "coordinates": [
          94.0212321,
          27.1691197
        ]
      },
      "id": "node/7160009137"
    },
    {
      "type": "Feature",
      "properties": {
        "@id": "node/7160147292",
        "name": "Dhakuakhana",
        "place": "village"
      },
      "geometry": {
        "type": "Point",
        "coordinates": [
          94.4434033,
          27.2033548
        ]
      },
      "id": "node/7160147292"
    },
    {
      "type": "Feature",
      "properties": {
        "@id": "node/7160147293",
        "name": "Bilmukh",
        "place": "village"
      },
      "geometry": {
        "type": "Point",
        "coordinates": [
          94.3357371,
          27.301164
        ]
      },
      "id": "node/7160147293"
    },
    {
      "type": "Feature",
      "properties": {
        "@id": "node/7160147294",
        "name": "Kadam",
        "place": "village"
      },
      "geometry": {
        "type": "Point",
        "coordinates": [
          94.1585826,
          27.3172176
        ]
      },
      "id": "node/7160147294"
    },
    {
      "type": "Feature",
      "properties": {
        "@id": "node/7160153703",
        "name": "Tengakhat",
        "place": "village"
      },
      "geometry": {
        "type": "Point",
        "coordinates": [
          95.1698398,
          27.3808373
        ]
      },
      "id": "node/7160153703"
    },
    {
      "type": "Feature",
      "properties": {
        "@id": "node/7160154171",
        "name": "Sadiya",
        "name:zh": "萨地亚",
        "place": "village",
        "population": "0"
      },
      "geometry": {
        "type": "Point",
        "coordinates": [
          95.6731939,
          27.8434781
        ]
      },
      "id": "node/7160154171"
    },
    {
      "type": "Feature",
      "properties": {
        "@id": "node/7160154172",
        "name": "Sologuri",
        "place": "village"
      },
      "geometry": {
        "type": "Point",
        "coordinates": [
          94.837718,
          27.0793412
        ]
      },
      "id": "node/7160154172"
    },
    {
      "type": "Feature",
      "properties": {
        "@id": "node/7160175377",
        "name": "Krishnanagar",
        "place": "village"
      },
      "geometry": {
        "type": "Point",
        "coordinates": [
          92.4416256,
          24.5034336
        ]
      },
      "id": "node/7160175377"
    },
    {
      "type": "Feature",
      "properties": {
        "@id": "node/7160175378",
        "name": "Algapur",
        "place": "village"
      },
      "geometry": {
        "type": "Point",
        "coordinates": [
          92.5948119,
          24.7624395
        ]
      },
      "id": "node/7160175378"
    },
    {
      "type": "Feature",
      "properties": {
        "@id": "node/7160175379",
        "name": "Katigora",
        "place": "village"
      },
      "geometry": {
        "type": "Point",
        "coordinates": [
          92.5730753,
          24.8786891
        ]
      },
      "id": "node/7160175379"
    },
    {
      "type": "Feature",
      "properties": {
        "@id": "node/7164371593",
        "name": "Seren",
        "place": "village"
      },
      "geometry": {
        "type": "Point",
        "coordinates": [
          94.9040007,
          27.7493859
        ]
      },
      "id": "node/7164371593"
    },
    {
      "type": "Feature",
      "properties": {
        "@id": "node/7301485443",
        "name": "Pathargaon",
        "place": "village"
      },
      "geometry": {
        "type": "Point",
        "coordinates": [
          94.2109225,
          26.5671811
        ]
      },
      "id": "node/7301485443"
    },
    {
      "type": "Feature",
      "properties": {
        "@id": "node/7772225596",
        "name": "Mariani",
        "place": "town",
        "population": "5000",
        "postal_code": "785634"
      },
      "geometry": {
        "type": "Point",
        "coordinates": [
          94.3165916,
          26.6539744
        ]
      },
      "id": "node/7772225596"
    },
    {
      "type": "Feature",
      "properties": {
        "@id": "node/7781806786",
        "name": "Koupati",
        "place": "village"
      },
      "geometry": {
        "type": "Point",
        "coordinates": [
          92.2416401,
          26.5782225
        ]
      },
      "id": "node/7781806786"
    },
    {
      "type": "Feature",
      "properties": {
        "@id": "node/8236648713",
        "place": "hamlet"
      },
      "geometry": {
        "type": "Point",
        "coordinates": [
          93.1253528,
          26.4865435
        ]
      },
      "id": "node/8236648713"
    },
    {
      "type": "Feature",
      "properties": {
        "@id": "node/8236648714",
        "place": "hamlet"
      },
      "geometry": {
        "type": "Point",
        "coordinates": [
          93.1580543,
          26.4909318
        ]
      },
      "id": "node/8236648714"
    },
    {
      "type": "Feature",
      "properties": {
        "@id": "node/8236648715",
        "place": "hamlet"
      },
      "geometry": {
        "type": "Point",
        "coordinates": [
          93.1607473,
          26.4849206
        ]
      },
      "id": "node/8236648715"
    },
    {
      "type": "Feature",
      "properties": {
        "@id": "node/8236648716",
        "place": "hamlet"
      },
      "geometry": {
        "type": "Point",
        "coordinates": [
          93.191244,
          26.4805848
        ]
      },
      "id": "node/8236648716"
    },
    {
      "type": "Feature",
      "properties": {
        "@id": "node/8236684922",
        "place": "hamlet"
      },
      "geometry": {
        "type": "Point",
        "coordinates": [
          93.0804848,
          26.4944079
        ]
      },
      "id": "node/8236684922"
    },
    {
      "type": "Feature",
      "properties": {
        "@id": "node/8236684923",
        "place": "hamlet"
      },
      "geometry": {
        "type": "Point",
        "coordinates": [
          93.0448812,
          26.5126887
        ]
      },
      "id": "node/8236684923"
    },
    {
      "type": "Feature",
      "properties": {
        "@id": "node/8236684924",
        "place": "hamlet"
      },
      "geometry": {
        "type": "Point",
        "coordinates": [
          93.0149209,
          26.5176521
        ]
      },
      "id": "node/8236684924"
    },
    {
      "type": "Feature",
      "properties": {
        "@id": "node/8236684925",
        "place": "hamlet"
      },
      "geometry": {
        "type": "Point",
        "coordinates": [
          93.0149746,
          26.523652
        ]
      },
      "id": "node/8236684925"
    },
    {
      "type": "Feature",
      "properties": {
        "@id": "node/8236684926",
        "place": "hamlet"
      },
      "geometry": {
        "type": "Point",
        "coordinates": [
          93.01211,
          26.530458
        ]
      },
      "id": "node/8236684926"
    },
    {
      "type": "Feature",
      "properties": {
        "@id": "node/8236685977",
        "place": "hamlet"
      },
      "geometry": {
        "type": "Point",
        "coordinates": [
          93.0876839,
          26.5742693
        ]
      },
      "id": "node/8236685977"
    },
    {
      "type": "Feature",
      "properties": {
        "@id": "node/8236685978",
        "place": "hamlet"
      },
      "geometry": {
        "type": "Point",
        "coordinates": [
          93.0915785,
          26.567917
        ]
      },
      "id": "node/8236685978"
    },
    {
      "type": "Feature",
      "properties": {
        "@id": "node/8236685979",
        "place": "hamlet"
      },
      "geometry": {
        "type": "Point",
        "coordinates": [
          93.0961489,
          26.5653452
        ]
      },
      "id": "node/8236685979"
    },
    {
      "type": "Feature",
      "properties": {
        "@id": "node/8236685981",
        "place": "hamlet"
      },
      "geometry": {
        "type": "Point",
        "coordinates": [
          93.1124139,
          26.5625911
        ]
      },
      "id": "node/8236685981"
    },
    {
      "type": "Feature",
      "properties": {
        "@id": "node/8236685982",
        "place": "hamlet"
      },
      "geometry": {
        "type": "Point",
        "coordinates": [
          93.1060624,
          26.5635987
        ]
      },
      "id": "node/8236685982"
    },
    {
      "type": "Feature",
      "properties": {
        "@id": "node/8236689624",
        "place": "hamlet"
      },
      "geometry": {
        "type": "Point",
        "coordinates": [
          93.2004654,
          26.566516
        ]
      },
      "id": "node/8236689624"
    },
    {
      "type": "Feature",
      "properties": {
        "@id": "node/8236689625",
        "place": "hamlet"
      },
      "geometry": {
        "type": "Point",
        "coordinates": [
          93.1943607,
          26.5699225
        ]
      },
      "id": "node/8236689625"
    },
    {
      "type": "Feature",
      "properties": {
        "@id": "node/8236689626",
        "place": "hamlet"
      },
      "geometry": {
        "type": "Point",
        "coordinates": [
          93.1620562,
          26.5569771
        ]
      },
      "id": "node/8236689626"
    },
    {
      "type": "Feature",
      "properties": {
        "@id": "node/8236689627",
        "place": "hamlet"
      },
      "geometry": {
        "type": "Point",
        "coordinates": [
          93.1535482,
          26.5508925
        ]
      },
      "id": "node/8236689627"
    },
    {
      "type": "Feature",
      "properties": {
        "@id": "node/8236689628",
        "place": "hamlet"
      },
      "geometry": {
        "type": "Point",
        "coordinates": [
          93.1561661,
          26.5560078
        ]
      },
      "id": "node/8236689628"
    },
    {
      "type": "Feature",
      "properties": {
        "@id": "node/8236689629",
        "place": "hamlet"
      },
      "geometry": {
        "type": "Point",
        "coordinates": [
          93.174684,
          26.5627351
        ]
      },
      "id": "node/8236689629"
    },
    {
      "type": "Feature",
      "properties": {
        "@id": "node/8236689630",
        "place": "hamlet"
      },
      "geometry": {
        "type": "Point",
        "coordinates": [
          93.1851339,
          26.5691836
        ]
      },
      "id": "node/8236689630"
    },
    {
      "type": "Feature",
      "properties": {
        "@id": "node/8236689631",
        "place": "hamlet"
      },
      "geometry": {
        "type": "Point",
        "coordinates": [
          93.1804883,
          26.5733193
        ]
      },
      "id": "node/8236689631"
    },
    {
      "type": "Feature",
      "properties": {
        "@id": "node/8236689632",
        "place": "hamlet"
      },
      "geometry": {
        "type": "Point",
        "coordinates": [
          93.1742227,
          26.572283
        ]
      },
      "id": "node/8236689632"
    },
    {
      "type": "Feature",
      "properties": {
        "@id": "node/8236689633",
        "place": "hamlet"
      },
      "geometry": {
        "type": "Point",
        "coordinates": [
          93.1521428,
          26.5676483
        ]
      },
      "id": "node/8236689633"
    },
    {
      "type": "Feature",
      "properties": {
        "@id": "node/8236689634",
        "place": "hamlet"
      },
      "geometry": {
        "type": "Point",
        "coordinates": [
          93.1530654,
          26.5702392
        ]
      },
      "id": "node/8236689634"
    },
    {
      "type": "Feature",
      "properties": {
        "@id": "node/8236689635",
        "place": "hamlet"
      },
      "geometry": {
        "type": "Point",
        "coordinates": [
          93.1508767,
          26.5723982
        ]
      },
      "id": "node/8236689635"
    },
    {
      "type": "Feature",
      "properties": {
        "@id": "node/8236689636",
        "place": "hamlet"
      },
      "geometry": {
        "type": "Point",
        "coordinates": [
          93.1479263,
          26.5694619
        ]
      },
      "id": "node/8236689636"
    },
    {
      "type": "Feature",
      "properties": {
        "@id": "node/8236689637",
        "place": "hamlet"
      },
      "geometry": {
        "type": "Point",
        "coordinates": [
          93.139869,
          26.5677155
        ]
      },
      "id": "node/8236689637"
    },
    {
      "type": "Feature",
      "properties": {
        "@id": "node/8236689638",
        "place": "hamlet"
      },
      "geometry": {
        "type": "Point",
        "coordinates": [
          93.2371473,
          26.5382425
        ]
      },
      "id": "node/8236689638"
    },
    {
      "type": "Feature",
      "properties": {
        "@id": "node/8236689639",
        "place": "hamlet"
      },
      "geometry": {
        "type": "Point",
        "coordinates": [
          93.2123208,
          26.5385305
        ]
      },
      "id": "node/8236689639"
    },
    {
      "type": "Feature",
      "properties": {
        "@id": "node/8236689640",
        "place": "hamlet"
      },
      "geometry": {
        "type": "Point",
        "coordinates": [
          93.2453485,
          26.5498072
        ]
      },
      "id": "node/8236689640"
    },
    {
      "type": "Feature",
      "properties": {
        "@id": "node/8236689641",
        "place": "hamlet"
      },
      "geometry": {
        "type": "Point",
        "coordinates": [
          93.2468891,
          26.575344
        ]
      },
      "id": "node/8236689641"
    },
    {
      "type": "Feature",
      "properties": {
        "@id": "node/8236689642",
        "place": "hamlet"
      },
      "geometry": {
        "type": "Point",
        "coordinates": [
          93.2188868,
          26.5776852
        ]
      },
      "id": "node/8236689642"
    },
    {
      "type": "Feature",
      "properties": {
        "@id": "node/8236689643",
        "place": "hamlet"
      },
      "geometry": {
        "type": "Point",
        "coordinates": [
          93.2291436,
          26.5650574
        ]
      },
      "id": "node/8236689643"
    },
    {
      "type": "Feature",
      "properties": {
        "@id": "node/8236689644",
        "place": "hamlet"
      },
      "geometry": {
        "type": "Point",
        "coordinates": [
          93.224895,
          26.5666311
        ]
      },
      "id": "node/8236689644"
    },
    {
      "type": "Feature",
      "properties": {
        "@id": "node/8236689645",
        "place": "hamlet"
      },
      "geometry": {
        "type": "Point",
        "coordinates": [
          93.2181787,
          26.5628118
        ]
      },
      "id": "node/8236689645"
    },
    {
      "type": "Feature",
      "properties": {
        "@id": "node/8236689646",
        "place": "hamlet"
      },
      "geometry": {
        "type": "Point",
        "coordinates": [
          93.2088661,
          26.567418
        ]
      },
      "id": "node/8236689646"
    },
    {
      "type": "Feature",
      "properties": {
        "@id": "node/8236692556",
        "place": "hamlet"
      },
      "geometry": {
        "type": "Point",
        "coordinates": [
          93.5732388,
          26.0484647
        ]
      },
      "id": "node/8236692556"
    },
    {
      "type": "Feature",
      "properties": {
        "@id": "node/8236692557",
        "place": "hamlet"
      },
      "geometry": {
        "type": "Point",
        "coordinates": [
          93.5935646,
          26.0457706
        ]
      },
      "id": "node/8236692557"
    },
    {
      "type": "Feature",
      "properties": {
        "@id": "node/8236692558",
        "place": "hamlet"
      },
      "geometry": {
        "type": "Point",
        "coordinates": [
          93.6152852,
          26.0563154
        ]
      },
      "id": "node/8236692558"
    },
    {
      "type": "Feature",
      "properties": {
        "@id": "node/8236692559",
        "place": "hamlet"
      },
      "geometry": {
        "type": "Point",
        "coordinates": [
          93.6263573,
          26.0519925
        ]
      },
      "id": "node/8236692559"
    },
    {
      "type": "Feature",
      "properties": {
        "@id": "node/8236692560",
        "place": "hamlet"
      },
      "geometry": {
        "type": "Point",
        "coordinates": [
          93.6305308,
          26.0346512
        ]
      },
      "id": "node/8236692560"
    },
    {
      "type": "Feature",
      "properties": {
        "@id": "node/8236692561",
        "place": "hamlet"
      },
      "geometry": {
        "type": "Point",
        "coordinates": [
          93.6021101,
          26.0180785
        ]
      },
      "id": "node/8236692561"
    },
    {
      "type": "Feature",
      "properties": {
        "@id": "node/8236692562",
        "place": "hamlet"
      },
      "geometry": {
        "type": "Point",
        "coordinates": [
          93.6044383,
          26.013518
        ]
      },
      "id": "node/8236692562"
    },
    {
      "type": "Feature",
      "properties": {
        "@id": "node/8236692563",
        "place": "hamlet"
      },
      "geometry": {
        "type": "Point",
        "coordinates": [
          93.5779703,
          26.0080509
        ]
      },
      "id": "node/8236692563"
    },
    {
      "type": "Feature",
      "properties": {
        "@id": "node/8236692564",
        "place": "hamlet"
      },
      "geometry": {
        "type": "Point",
        "coordinates": [
          93.5594577,
          26.0018363
        ]
      },
      "id": "node/8236692564"
    },
    {
      "type": "Feature",
      "properties": {
        "@id": "node/8236692565",
        "place": "hamlet"
      },
      "geometry": {
        "type": "Point",
        "coordinates": [
          93.5472429,
          26.0033791
        ]
      },
      "id": "node/8236692565"
    },
    {
      "type": "Feature",
      "properties": {
        "@id": "node/8236692566",
        "place": "hamlet"
      },
      "geometry": {
        "type": "Point",
        "coordinates": [
          93.5448611,
          26.0137205
        ]
      },
      "id": "node/8236692566"
    },
    {
      "type": "Feature",
      "properties": {
        "@id": "node/8236692567",
        "place": "hamlet"
      },
      "geometry": {
        "type": "Point",
        "coordinates": [
          93.5533583,
          26.0244707
        ]
      },
      "id": "node/8236692567"
    },
    {
      "type": "Feature",
      "properties": {
        "@id": "node/8236692568",
        "place": "hamlet"
      },
      "geometry": {
        "type": "Point",
        "coordinates": [
          93.5468513,
          26.0307998
        ]
      },
      "id": "node/8236692568"
    },
    {
      "type": "Feature",
      "properties": {
        "@id": "node/8236692569",
        "place": "hamlet"
      },
      "geometry": {
        "type": "Point",
        "coordinates": [
          93.5524893,
          26.0320194
        ]
      },
      "id": "node/8236692569"
    },
    {
      "type": "Feature",
      "properties": {
        "@id": "node/8236692570",
        "place": "hamlet"
      },
      "geometry": {
        "type": "Point",
        "coordinates": [
          93.5697091,
          26.0346367
        ]
      },
      "id": "node/8236692570"
    },
    {
      "type": "Feature",
      "properties": {
        "@id": "node/8236693017",
        "place": "hamlet"
      },
      "geometry": {
        "type": "Point",
        "coordinates": [
          93.197397,
          26.4930635
        ]
      },
      "id": "node/8236693017"
    },
    {
      "type": "Feature",
      "properties": {
        "@id": "node/8236693018",
        "place": "hamlet"
      },
      "geometry": {
        "type": "Point",
        "coordinates": [
          93.1884599,
          26.53687
        ]
      },
      "id": "node/8236693018"
    },
    {
      "type": "Feature",
      "properties": {
        "@id": "node/8236693019",
        "place": "hamlet"
      },
      "geometry": {
        "type": "Point",
        "coordinates": [
          93.1719804,
          26.5295461
        ]
      },
      "id": "node/8236693019"
    },
    {
      "type": "Feature",
      "properties": {
        "@id": "node/8236698579",
        "place": "hamlet"
      },
      "geometry": {
        "type": "Point",
        "coordinates": [
          93.1456089,
          26.2220986
        ]
      },
      "id": "node/8236698579"
    },
    {
      "type": "Feature",
      "properties": {
        "@id": "node/8236698580",
        "place": "hamlet"
      },
      "geometry": {
        "type": "Point",
        "coordinates": [
          93.114624,
          26.2268723
        ]
      },
      "id": "node/8236698580"
    },
    {
      "type": "Feature",
      "properties": {
        "@id": "node/8236698581",
        "place": "hamlet"
      },
      "geometry": {
        "type": "Point",
        "coordinates": [
          93.1766152,
          26.186655
        ]
      },
      "id": "node/8236698581"
    },
    {
      "type": "Feature",
      "properties": {
        "@id": "node/8236698582",
        "place": "hamlet"
      },
      "geometry": {
        "type": "Point",
        "coordinates": [
          93.183546,
          26.1949922
        ]
      },
      "id": "node/8236698582"
    },
    {
      "type": "Feature",
      "properties": {
        "@id": "node/8236698583",
        "place": "hamlet"
      },
      "geometry": {
        "type": "Point",
        "coordinates": [
          93.169341,
          26.1905252
        ]
      },
      "id": "node/8236698583"
    },
    {
      "type": "Feature",
      "properties": {
        "@id": "node/8236698584",
        "place": "hamlet"
      },
      "geometry": {
        "type": "Point",
        "coordinates": [
          93.1666374,
          26.1854804
        ]
      },
      "id": "node/8236698584"
    },
    {
      "type": "Feature",
      "properties": {
        "@id": "node/8236698585",
        "place": "hamlet"
      },
      "geometry": {
        "type": "Point",
        "coordinates": [
          93.1629037,
          26.1930283
        ]
      },
      "id": "node/8236698585"
    },
    {
      "type": "Feature",
      "properties": {
        "@id": "node/8236698586",
        "place": "hamlet"
      },
      "geometry": {
        "type": "Point",
        "coordinates": [
          93.1589555,
          26.1895625
        ]
      },
      "id": "node/8236698586"
    },
    {
      "type": "Feature",
      "properties": {
        "@id": "node/8236698587",
        "place": "hamlet"
      },
      "geometry": {
        "type": "Point",
        "coordinates": [
          93.1606292,
          26.1836319
        ]
      },
      "id": "node/8236698587"
    },
    {
      "type": "Feature",
      "properties": {
        "@id": "node/8236698588",
        "place": "hamlet"
      },
      "geometry": {
        "type": "Point",
        "coordinates": [
          93.1542348,
          26.1778935
        ]
      },
      "id": "node/8236698588"
    },
    {
      "type": "Feature",
      "properties": {
        "@id": "node/8236698589",
        "place": "hamlet"
      },
      "geometry": {
        "type": "Point",
        "coordinates": [
          93.13694,
          26.1762374
        ]
      },
      "id": "node/8236698589"
    },
    {
      "type": "Feature",
      "properties": {
        "@id": "node/8236698590",
        "place": "hamlet"
      },
      "geometry": {
        "type": "Point",
        "coordinates": [
          93.1427335,
          26.1858655
        ]
      },
      "id": "node/8236698590"
    },
    {
      "type": "Feature",
      "properties": {
        "@id": "node/8236698591",
        "place": "hamlet"
      },
      "geometry": {
        "type": "Point",
        "coordinates": [
          93.1318759,
          26.1839785
        ]
      },
      "id": "node/8236698591"
    },
    {
      "type": "Feature",
      "properties": {
        "@id": "node/8236698592",
        "place": "hamlet"
      },
      "geometry": {
        "type": "Point",
        "coordinates": [
          93.1182933,
          26.1780668
        ]
      },
      "id": "node/8236698592"
    },
    {
      "type": "Feature",
      "properties": {
        "@id": "node/8236698593",
        "place": "hamlet"
      },
      "geometry": {
        "type": "Point",
        "coordinates": [
          93.1104612,
          26.1829579
        ]
      },
      "id": "node/8236698593"
    },
    {
      "type": "Feature",
      "properties": {
        "@id": "node/8236698594",
        "place": "hamlet"
      },
      "geometry": {
        "type": "Point",
        "coordinates": [
          93.128314,
          26.2038487
        ]
      },
      "id": "node/8236698594"
    },
    {
      "type": "Feature",
      "properties": {
        "@id": "node/8236698595",
        "place": "hamlet"
      },
      "geometry": {
        "type": "Point",
        "coordinates": [
          93.1675815,
          26.2013266
        ]
      },
      "id": "node/8236698595"
    },
    {
      "type": "Feature",
      "properties": {
        "@id": "node/8236698596",
        "place": "hamlet"
      },
      "geometry": {
        "type": "Point",
        "coordinates": [
          93.169384,
          26.209297
        ]
      },
      "id": "node/8236698596"
    },
    {
      "type": "Feature",
      "properties": {
        "@id": "node/8236698597",
        "place": "hamlet"
      },
      "geometry": {
        "type": "Point",
        "coordinates": [
          93.1874299,
          26.2159963
        ]
      },
      "id": "node/8236698597"
    },
    {
      "type": "Feature",
      "properties": {
        "@id": "node/8236698598",
        "place": "hamlet"
      },
      "geometry": {
        "type": "Point",
        "coordinates": [
          93.1881594,
          26.230337
        ]
      },
      "id": "node/8236698598"
    },
    {
      "type": "Feature",
      "properties": {
        "@id": "node/8236698599",
        "place": "hamlet"
      },
      "geometry": {
        "type": "Point",
        "coordinates": [
          93.1660366,
          26.2178829
        ]
      },
      "id": "node/8236698599"
    },
    {
      "type": "Feature",
      "properties": {
        "@id": "node/8236698600",
        "place": "hamlet"
      },
      "geometry": {
        "type": "Point",
        "coordinates": [
          93.1760359,
          26.2231765
        ]
      },
      "id": "node/8236698600"
    },
    {
      "type": "Feature",
      "properties": {
        "@id": "node/8236698601",
        "place": "hamlet"
      },
      "geometry": {
        "type": "Point",
        "coordinates": [
          93.1685257,
          26.2281812
        ]
      },
      "id": "node/8236698601"
    },
    {
      "type": "Feature",
      "properties": {
        "@id": "node/8236698602",
        "place": "hamlet"
      },
      "geometry": {
        "type": "Point",
        "coordinates": [
          93.1542992,
          26.2281235
        ]
      },
      "id": "node/8236698602"
    },
    {
      "type": "Feature",
      "properties": {
        "@id": "node/8236698603",
        "place": "hamlet"
      },
      "geometry": {
        "type": "Point",
        "coordinates": [
          93.1446004,
          26.2317421
        ]
      },
      "id": "node/8236698603"
    },
    {
      "type": "Feature",
      "properties": {
        "@id": "node/8236698604",
        "place": "hamlet"
      },
      "geometry": {
        "type": "Point",
        "coordinates": [
          93.1323051,
          26.2320116
        ]
      },
      "id": "node/8236698604"
    },
    {
      "type": "Feature",
      "properties": {
        "@id": "node/8236698819",
        "place": "hamlet"
      },
      "geometry": {
        "type": "Point",
        "coordinates": [
          93.2460523,
          26.5325505
        ]
      },
      "id": "node/8236698819"
    },
    {
      "type": "Feature",
      "properties": {
        "@id": "node/8236698820",
        "place": "hamlet"
      },
      "geometry": {
        "type": "Point",
        "coordinates": [
          93.2413101,
          26.5097701
        ]
      },
      "id": "node/8236698820"
    },
    {
      "type": "Feature",
      "properties": {
        "@id": "node/8236698821",
        "place": "hamlet"
      },
      "geometry": {
        "type": "Point",
        "coordinates": [
          93.2023001,
          26.501782
        ]
      },
      "id": "node/8236698821"
    },
    {
      "type": "Feature",
      "properties": {
        "@id": "node/8236698822",
        "place": "hamlet"
      },
      "geometry": {
        "type": "Point",
        "coordinates": [
          93.2105398,
          26.508714
        ]
      },
      "id": "node/8236698822"
    },
    {
      "type": "Feature",
      "properties": {
        "@id": "node/8236698823",
        "place": "hamlet"
      },
      "geometry": {
        "type": "Point",
        "coordinates": [
          93.2097244,
          26.5192553
        ]
      },
      "id": "node/8236698823"
    },
    {
      "type": "Feature",
      "properties": {
        "@id": "node/8236698824",
        "place": "hamlet"
      },
      "geometry": {
        "type": "Point",
        "coordinates": [
          93.2102179,
          26.524996
        ]
      },
      "id": "node/8236698824"
    },
    {
      "type": "Feature",
      "properties": {
        "@id": "node/8236701353",
        "place": "hamlet"
      },
      "geometry": {
        "type": "Point",
        "coordinates": [
          93.1187975,
          26.3186809
        ]
      },
      "id": "node/8236701353"
    },
    {
      "type": "Feature",
      "properties": {
        "@id": "node/8236701354",
        "place": "hamlet"
      },
      "geometry": {
        "type": "Point",
        "coordinates": [
          93.1147206,
          26.3180173
        ]
      },
      "id": "node/8236701354"
    },
    {
      "type": "Feature",
      "properties": {
        "@id": "node/8236701355",
        "place": "hamlet"
      },
      "geometry": {
        "type": "Point",
        "coordinates": [
          93.1095922,
          26.3217678
        ]
      },
      "id": "node/8236701355"
    },
    {
      "type": "Feature",
      "properties": {
        "@id": "node/8236701356",
        "place": "hamlet"
      },
      "geometry": {
        "type": "Point",
        "coordinates": [
          93.1067276,
          26.3197579
        ]
      },
      "id": "node/8236701356"
    },
    {
      "type": "Feature",
      "properties": {
        "@id": "node/8236701357",
        "place": "hamlet"
      },
      "geometry": {
        "type": "Point",
        "coordinates": [
          93.1214046,
          26.2968344
        ]
      },
      "id": "node/8236701357"
    },
    {
      "type": "Feature",
      "properties": {
        "@id": "node/8236701358",
        "place": "hamlet"
      },
      "geometry": {
        "type": "Point",
        "coordinates": [
          93.1657362,
          26.3141801
        ]
      },
      "id": "node/8236701358"
    },
    {
      "type": "Feature",
      "properties": {
        "@id": "node/8236701359",
        "name": "Kasyābasti",
        "name:en": "Kasyabasti",
        "place": "hamlet",
        "source:name": "SOI"
      },
      "geometry": {
        "type": "Point",
        "coordinates": [
          93.1554955,
          26.3042886
        ]
      },
      "id": "node/8236701359"
    },
    {
      "type": "Feature",
      "properties": {
        "@id": "node/8236701360",
        "place": "hamlet"
      },
      "geometry": {
        "type": "Point",
        "coordinates": [
          93.1948757,
          26.3081309
        ]
      },
      "id": "node/8236701360"
    },
    {
      "type": "Feature",
      "properties": {
        "@id": "node/8236701361",
        "name": "Amrāguri",
        "name:en": "Amraguri",
        "place": "hamlet",
        "source:name": "SOI"
      },
      "geometry": {
        "type": "Point",
        "coordinates": [
          93.1865716,
          26.3006674
        ]
      },
      "id": "node/8236701361"
    },
    {
      "type": "Feature",
      "properties": {
        "@id": "node/8236701362",
        "place": "hamlet"
      },
      "geometry": {
        "type": "Point",
        "coordinates": [
          93.1920218,
          26.2907217
        ]
      },
      "id": "node/8236701362"
    },
    {
      "type": "Feature",
      "properties": {
        "@id": "node/8236701363",
        "place": "hamlet"
      },
      "geometry": {
        "type": "Point",
        "coordinates": [
          93.157475,
          26.2818526
        ]
      },
      "id": "node/8236701363"
    },
    {
      "type": "Feature",
      "properties": {
        "@id": "node/8236701364",
        "place": "hamlet"
      },
      "geometry": {
        "type": "Point",
        "coordinates": [
          93.1776237,
          26.2933381
        ]
      },
      "id": "node/8236701364"
    },
    {
      "type": "Feature",
      "properties": {
        "@id": "node/8236701365",
        "place": "hamlet"
      },
      "geometry": {
        "type": "Point",
        "coordinates": [
          93.1420469,
          26.2930688
        ]
      },
      "id": "node/8236701365"
    },
    {
      "type": "Feature",
      "properties": {
        "@id": "node/8236701366",
        "place": "hamlet"
      },
      "geometry": {
        "type": "Point",
        "coordinates": [
          93.1314039,
          26.2868356
        ]
      },
      "id": "node/8236701366"
    },
    {
      "type": "Feature",
      "properties": {
        "@id": "node/8236701367",
        "place": "hamlet"
      },
      "geometry": {
        "type": "Point",
        "coordinates": [
          93.1514453,
          26.2891827
        ]
      },
      "id": "node/8236701367"
    },
    {
      "type": "Feature",
      "properties": {
        "@id": "node/8236701387",
        "place": "hamlet"
      },
      "geometry": {
        "type": "Point",
        "coordinates": [
          93.1181538,
          26.3851901
        ]
      },
      "id": "node/8236701387"
    },
    {
      "type": "Feature",
      "properties": {
        "@id": "node/8236701388",
        "place": "hamlet"
      },
      "geometry": {
        "type": "Point",
        "coordinates": [
          93.1122529,
          26.383066
        ]
      },
      "id": "node/8236701388"
    },
    {
      "type": "Feature",
      "properties": {
        "@id": "node/8236704357",
        "place": "hamlet"
      },
      "geometry": {
        "type": "Point",
        "coordinates": [
          93.2862854,
          25.7242824
        ]
      },
      "id": "node/8236704357"
    },
    {
      "type": "Feature",
      "properties": {
        "@id": "node/8236704358",
        "place": "hamlet"
      },
      "geometry": {
        "type": "Point",
        "coordinates": [
          93.2904267,
          25.7083332
        ]
      },
      "id": "node/8236704358"
    },
    {
      "type": "Feature",
      "properties": {
        "@id": "node/8236704359",
        "place": "hamlet"
      },
      "geometry": {
        "type": "Point",
        "coordinates": [
          93.3180964,
          25.7174681
        ]
      },
      "id": "node/8236704359"
    },
    {
      "type": "Feature",
      "properties": {
        "@id": "node/8236704360",
        "place": "hamlet"
      },
      "geometry": {
        "type": "Point",
        "coordinates": [
          93.2983231,
          25.7515941
        ]
      },
      "id": "node/8236704360"
    },
    {
      "type": "Feature",
      "properties": {
        "@id": "node/8236704361",
        "place": "hamlet"
      },
      "geometry": {
        "type": "Point",
        "coordinates": [
          93.2833671,
          25.736876
        ]
      },
      "id": "node/8236704361"
    },
    {
      "type": "Feature",
      "properties": {
        "@id": "node/8236704362",
        "place": "hamlet"
      },
      "geometry": {
        "type": "Point",
        "coordinates": [
          93.283968,
          25.743409
        ]
      },
      "id": "node/8236704362"
    },
    {
      "type": "Feature",
      "properties": {
        "@id": "node/8236704363",
        "place": "hamlet"
      },
      "geometry": {
        "type": "Point",
        "coordinates": [
          93.2721233,
          25.7387509
        ]
      },
      "id": "node/8236704363"
    },
    {
      "type": "Feature",
      "properties": {
        "@id": "node/8236704364",
        "place": "hamlet"
      },
      "geometry": {
        "type": "Point",
        "coordinates": [
          93.2611692,
          25.7308258
        ]
      },
      "id": "node/8236704364"
    },
    {
      "type": "Feature",
      "properties": {
        "@id": "node/8236704365",
        "place": "hamlet"
      },
      "geometry": {
        "type": "Point",
        "coordinates": [
          93.2513094,
          25.7358419
        ]
      },
      "id": "node/8236704365"
    },
    {
      "type": "Feature",
      "properties": {
        "@id": "node/8236704366",
        "place": "hamlet"
      },
      "geometry": {
        "type": "Point",
        "coordinates": [
          93.2563412,
          25.738084
        ]
      },
      "id": "node/8236704366"
    },
    {
      "type": "Feature",
      "properties": {
        "@id": "node/8236704367",
        "place": "hamlet"
      },
      "geometry": {
        "type": "Point",
        "coordinates": [
          93.2492494,
          25.7473422
        ]
      },
      "id": "node/8236704367"
    },
    {
      "type": "Feature",
      "properties": {
        "@id": "node/8236704368",
        "place": "hamlet"
      },
      "geometry": {
        "type": "Point",
        "coordinates": [
          93.2588839,
          25.7502992
        ]
      },
      "id": "node/8236704368"
    },
    {
      "type": "Feature",
      "properties": {
        "@id": "node/8236704369",
        "place": "hamlet"
      },
      "geometry": {
        "type": "Point",
        "coordinates": [
          93.2658362,
          25.7438922
        ]
      },
      "id": "node/8236704369"
    },
    {
      "type": "Feature",
      "properties": {
        "@id": "node/8236718820",
        "place": "hamlet"
      },
      "geometry": {
        "type": "Point",
        "coordinates": [
          93.1759929,
          26.2411924
        ]
      },
      "id": "node/8236718820"
    },
    {
      "type": "Feature",
      "properties": {
        "@id": "node/8236718821",
        "place": "hamlet"
      },
      "geometry": {
        "type": "Point",
        "coordinates": [
          93.1589555,
          26.2538943
        ]
      },
      "id": "node/8236718821"
    },
    {
      "type": "Feature",
      "properties": {
        "@id": "node/8236718822",
        "place": "hamlet"
      },
      "geometry": {
        "type": "Point",
        "coordinates": [
          93.1833744,
          26.2757536
        ]
      },
      "id": "node/8236718822"
    },
    {
      "type": "Feature",
      "properties": {
        "@id": "node/8236718823",
        "place": "hamlet"
      },
      "geometry": {
        "type": "Point",
        "coordinates": [
          93.1445789,
          26.2561651
        ]
      },
      "id": "node/8236718823"
    },
    {
      "type": "Feature",
      "properties": {
        "@id": "node/8236718824",
        "place": "hamlet"
      },
      "geometry": {
        "type": "Point",
        "coordinates": [
          93.1621313,
          26.2608604
        ]
      },
      "id": "node/8236718824"
    },
    {
      "type": "Feature",
      "properties": {
        "@id": "node/8236718825",
        "place": "hamlet"
      },
      "geometry": {
        "type": "Point",
        "coordinates": [
          93.1376695,
          26.2766386
        ]
      },
      "id": "node/8236718825"
    },
    {
      "type": "Feature",
      "properties": {
        "@id": "node/8236718826",
        "place": "hamlet"
      },
      "geometry": {
        "type": "Point",
        "coordinates": [
          93.1140661,
          26.277947
        ]
      },
      "id": "node/8236718826"
    },
    {
      "type": "Feature",
      "properties": {
        "@id": "node/8236718827",
        "place": "hamlet"
      },
      "geometry": {
        "type": "Point",
        "coordinates": [
          93.12325,
          26.2718669
        ]
      },
      "id": "node/8236718827"
    },
    {
      "type": "Feature",
      "properties": {
        "@id": "node/8236718828",
        "place": "hamlet"
      },
      "geometry": {
        "type": "Point",
        "coordinates": [
          93.1162977,
          26.2636314
        ]
      },
      "id": "node/8236718828"
    },
    {
      "type": "Feature",
      "properties": {
        "@id": "node/8236718829",
        "place": "hamlet"
      },
      "geometry": {
        "type": "Point",
        "coordinates": [
          93.1308889,
          26.2566654
        ]
      },
      "id": "node/8236718829"
    },
    {
      "type": "Feature",
      "properties": {
        "@id": "node/8236718830",
        "place": "hamlet"
      },
      "geometry": {
        "type": "Point",
        "coordinates": [
          93.1431198,
          26.2458499
        ]
      },
      "id": "node/8236718830"
    },
    {
      "type": "Feature",
      "properties": {
        "@id": "node/8236718831",
        "place": "hamlet"
      },
      "geometry": {
        "type": "Point",
        "coordinates": [
          93.1586122,
          26.243348
        ]
      },
      "id": "node/8236718831"
    },
    {
      "type": "Feature",
      "properties": {
        "@id": "node/8236720222",
        "place": "hamlet"
      },
      "geometry": {
        "type": "Point",
        "coordinates": [
          93.1375784,
          26.3279029
        ]
      },
      "id": "node/8236720222"
    },
    {
      "type": "Feature",
      "properties": {
        "@id": "node/8236720223",
        "place": "hamlet"
      },
      "geometry": {
        "type": "Point",
        "coordinates": [
          93.1545138,
          26.3304607
        ]
      },
      "id": "node/8236720223"
    },
    {
      "type": "Feature",
      "properties": {
        "@id": "node/8236720224",
        "place": "hamlet"
      },
      "geometry": {
        "type": "Point",
        "coordinates": [
          93.1936955,
          26.3370762
        ]
      },
      "id": "node/8236720224"
    },
    {
      "type": "Feature",
      "properties": {
        "@id": "node/8236720225",
        "place": "hamlet"
      },
      "geometry": {
        "type": "Point",
        "coordinates": [
          93.193953,
          26.3581507
        ]
      },
      "id": "node/8236720225"
    },
    {
      "type": "Feature",
      "properties": {
        "@id": "node/8236720226",
        "place": "hamlet"
      },
      "geometry": {
        "type": "Point",
        "coordinates": [
          93.133598,
          26.3608953
        ]
      },
      "id": "node/8236720226"
    },
    {
      "type": "Feature",
      "properties": {
        "@id": "node/8236720227",
        "place": "hamlet"
      },
      "geometry": {
        "type": "Point",
        "coordinates": [
          93.1226706,
          26.3581411
        ]
      },
      "id": "node/8236720227"
    },
    {
      "type": "Feature",
      "properties": {
        "@id": "node/8236720228",
        "place": "hamlet"
      },
      "geometry": {
        "type": "Point",
        "coordinates": [
          93.120439,
          26.3526421
        ]
      },
      "id": "node/8236720228"
    },
    {
      "type": "Feature",
      "properties": {
        "@id": "node/8236720229",
        "place": "hamlet"
      },
      "geometry": {
        "type": "Point",
        "coordinates": [
          93.1149459,
          26.3387588
        ]
      },
      "id": "node/8236720229"
    },
    {
      "type": "Feature",
      "properties": {
        "@id": "node/8236720230",
        "place": "hamlet"
      },
      "geometry": {
        "type": "Point",
        "coordinates": [
          93.1085515,
          26.3313934
        ]
      },
      "id": "node/8236720230"
    },
    {
      "type": "Feature",
      "properties": {
        "@id": "node/8236733855",
        "place": "hamlet"
      },
      "geometry": {
        "type": "Point",
        "coordinates": [
          93.1436777,
          26.4252522
        ]
      },
      "id": "node/8236733855"
    },
    {
      "type": "Feature",
      "properties": {
        "@id": "node/8236733856",
        "place": "hamlet"
      },
      "geometry": {
        "type": "Point",
        "coordinates": [
          93.1348586,
          26.421947
        ]
      },
      "id": "node/8236733856"
    },
    {
      "type": "Feature",
      "properties": {
        "@id": "node/8236733857",
        "place": "hamlet"
      },
      "geometry": {
        "type": "Point",
        "coordinates": [
          93.1214261,
          26.4514209
        ]
      },
      "id": "node/8236733857"
    },
    {
      "type": "Feature",
      "properties": {
        "@id": "node/8236733858",
        "place": "hamlet"
      },
      "geometry": {
        "type": "Point",
        "coordinates": [
          93.1097531,
          26.4533228
        ]
      },
      "id": "node/8236733858"
    },
    {
      "type": "Feature",
      "properties": {
        "@id": "node/8236733859",
        "place": "hamlet"
      },
      "geometry": {
        "type": "Point",
        "coordinates": [
          93.1045282,
          26.4453596
        ]
      },
      "id": "node/8236733859"
    },
    {
      "type": "Feature",
      "properties": {
        "@id": "node/8236733860",
        "place": "hamlet"
      },
      "geometry": {
        "type": "Point",
        "coordinates": [
          93.1159544,
          26.4425882
        ]
      },
      "id": "node/8236733860"
    },
    {
      "type": "Feature",
      "properties": {
        "@id": "node/8236738777",
        "place": "hamlet"
      },
      "geometry": {
        "type": "Point",
        "coordinates": [
          93.1104183,
          26.4628703
        ]
      },
      "id": "node/8236738777"
    },
    {
      "type": "Feature",
      "properties": {
        "@id": "node/8236738778",
        "place": "hamlet"
      },
      "geometry": {
        "type": "Point",
        "coordinates": [
          93.1061268,
          26.4728012
        ]
      },
      "id": "node/8236738778"
    },
    {
      "type": "Feature",
      "properties": {
        "@id": "node/8236738779",
        "place": "hamlet"
      },
      "geometry": {
        "type": "Point",
        "coordinates": [
          93.1133365,
          26.4776414
        ]
      },
      "id": "node/8236738779"
    },
    {
      "type": "Feature",
      "properties": {
        "@id": "node/8236738780",
        "place": "hamlet"
      },
      "geometry": {
        "type": "Point",
        "coordinates": [
          93.1220698,
          26.4790243
        ]
      },
      "id": "node/8236738780"
    },
    {
      "type": "Feature",
      "properties": {
        "@id": "node/8236738781",
        "place": "hamlet"
      },
      "geometry": {
        "type": "Point",
        "coordinates": [
          93.1503189,
          26.4759416
        ]
      },
      "id": "node/8236738781"
    },
    {
      "type": "Feature",
      "properties": {
        "@id": "node/8236738782",
        "place": "hamlet"
      },
      "geometry": {
        "type": "Point",
        "coordinates": [
          93.1655538,
          26.4793316
        ]
      },
      "id": "node/8236738782"
    },
    {
      "type": "Feature",
      "properties": {
        "@id": "node/8236742115",
        "place": "hamlet"
      },
      "geometry": {
        "type": "Point",
        "coordinates": [
          93.110885,
          26.4440628
        ]
      },
      "id": "node/8236742115"
    },
    {
      "type": "Feature",
      "properties": {
        "@id": "node/8236742116",
        "place": "hamlet"
      },
      "geometry": {
        "type": "Point",
        "coordinates": [
          93.0941749,
          26.457895
        ]
      },
      "id": "node/8236742116"
    },
    {
      "type": "Feature",
      "properties": {
        "@id": "node/8236750086",
        "place": "hamlet"
      },
      "geometry": {
        "type": "Point",
        "coordinates": [
          93.0663603,
          26.3908365
        ]
      },
      "id": "node/8236750086"
    },
    {
      "type": "Feature",
      "properties": {
        "@id": "node/8236753386",
        "place": "hamlet"
      },
      "geometry": {
        "type": "Point",
        "coordinates": [
          93.0796909,
          26.4266357
        ]
      },
      "id": "node/8236753386"
    },
    {
      "type": "Feature",
      "properties": {
        "@id": "node/8236753387",
        "place": "hamlet"
      },
      "geometry": {
        "type": "Point",
        "coordinates": [
          93.0615592,
          26.4270969
        ]
      },
      "id": "node/8236753387"
    },
    {
      "type": "Feature",
      "properties": {
        "@id": "node/8236753917",
        "place": "hamlet"
      },
      "geometry": {
        "type": "Point",
        "coordinates": [
          93.074584,
          26.4887041
        ]
      },
      "id": "node/8236753917"
    },
    {
      "type": "Feature",
      "properties": {
        "@id": "node/8236753918",
        "place": "hamlet"
      },
      "geometry": {
        "type": "Point",
        "coordinates": [
          93.0685758,
          26.4878206
        ]
      },
      "id": "node/8236753918"
    },
    {
      "type": "Feature",
      "properties": {
        "@id": "node/8236753919",
        "place": "hamlet"
      },
      "geometry": {
        "type": "Point",
        "coordinates": [
          93.0614197,
          26.4797445
        ]
      },
      "id": "node/8236753919"
    },
    {
      "type": "Feature",
      "properties": {
        "@id": "node/8236753920",
        "place": "hamlet"
      },
      "geometry": {
        "type": "Point",
        "coordinates": [
          93.0681896,
          26.4723882
        ]
      },
      "id": "node/8236753920"
    },
    {
      "type": "Feature",
      "properties": {
        "@id": "node/8236753921",
        "place": "hamlet"
      },
      "geometry": {
        "type": "Point",
        "coordinates": [
          93.0630827,
          26.4673268
        ]
      },
      "id": "node/8236753921"
    },
    {
      "type": "Feature",
      "properties": {
        "@id": "node/8236753922",
        "place": "hamlet"
      },
      "geometry": {
        "type": "Point",
        "coordinates": [
          93.0813861,
          26.4665201
        ]
      },
      "id": "node/8236753922"
    },
    {
      "type": "Feature",
      "properties": {
        "@id": "node/8236753923",
        "place": "hamlet"
      },
      "geometry": {
        "type": "Point",
        "coordinates": [
          93.0772233,
          26.4593357
        ]
      },
      "id": "node/8236753923"
    },
    {
      "type": "Feature",
      "properties": {
        "@id": "node/8236753924",
        "place": "hamlet"
      },
      "geometry": {
        "type": "Point",
        "coordinates": [
          93.0610657,
          26.4553016
        ]
      },
      "id": "node/8236753924"
    },
    {
      "type": "Feature",
      "properties": {
        "@id": "node/8236753925",
        "place": "hamlet"
      },
      "geometry": {
        "type": "Point",
        "coordinates": [
          93.0790472,
          26.4512673
        ]
      },
      "id": "node/8236753925"
    },
    {
      "type": "Feature",
      "properties": {
        "@id": "node/8236753926",
        "place": "hamlet"
      },
      "geometry": {
        "type": "Point",
        "coordinates": [
          93.0828452,
          26.4415939
        ]
      },
      "id": "node/8236753926"
    },
    {
      "type": "Feature",
      "properties": {
        "@id": "node/8236753927",
        "place": "hamlet"
      },
      "geometry": {
        "type": "Point",
        "coordinates": [
          93.0946469,
          26.4518436
        ]
      },
      "id": "node/8236753927"
    },
    {
      "type": "Feature",
      "properties": {
        "@id": "node/8236758219",
        "place": "hamlet"
      },
      "geometry": {
        "type": "Point",
        "coordinates": [
          93.1029403,
          26.3141705
        ]
      },
      "id": "node/8236758219"
    },
    {
      "type": "Feature",
      "properties": {
        "@id": "node/8236758220",
        "place": "hamlet"
      },
      "geometry": {
        "type": "Point",
        "coordinates": [
          93.0791867,
          26.3101601
        ]
      },
      "id": "node/8236758220"
    },
    {
      "type": "Feature",
      "properties": {
        "@id": "node/8236758221",
        "place": "hamlet"
      },
      "geometry": {
        "type": "Point",
        "coordinates": [
          93.0901515,
          26.3134204
        ]
      },
      "id": "node/8236758221"
    },
    {
      "type": "Feature",
      "properties": {
        "@id": "node/8236758222",
        "place": "hamlet"
      },
      "geometry": {
        "type": "Point",
        "coordinates": [
          93.0940461,
          26.317248
        ]
      },
      "id": "node/8236758222"
    },
    {
      "type": "Feature",
      "properties": {
        "@id": "node/8236758223",
        "place": "hamlet"
      },
      "geometry": {
        "type": "Point",
        "coordinates": [
          93.0997109,
          26.3222967
        ]
      },
      "id": "node/8236758223"
    },
    {
      "type": "Feature",
      "properties": {
        "@id": "node/8236758224",
        "place": "hamlet"
      },
      "geometry": {
        "type": "Point",
        "coordinates": [
          93.0939603,
          26.3243161
        ]
      },
      "id": "node/8236758224"
    },
    {
      "type": "Feature",
      "properties": {
        "@id": "node/8399008415",
        "name": "Kumoi",
        "place": "village"
      },
      "geometry": {
        "type": "Point",
        "coordinates": [
          92.2530984,
          26.150045
        ]
      },
      "id": "node/8399008415"
    },
    {
      "type": "Feature",
      "properties": {
        "@id": "node/8432198293",
        "name": "Jalalpur",
        "place": "village"
      },
      "geometry": {
        "type": "Point",
        "coordinates": [
          92.4580407,
          24.9918781
        ]
      },
      "id": "node/8432198293"
    },
    {
      "type": "Feature",
      "properties": {
        "@id": "node/8561346702",
        "place": "hamlet"
      },
      "geometry": {
        "type": "Point",
        "coordinates": [
          92.951816,
          26.2517396
        ]
      },
      "id": "node/8561346702"
    },
    {
      "type": "Feature",
      "properties": {
        "@id": "node/8561346703",
        "place": "hamlet"
      },
      "geometry": {
        "type": "Point",
        "coordinates": [
          92.9548681,
          26.2562031
        ]
      },
      "id": "node/8561346703"
    },
    {
      "type": "Feature",
      "properties": {
        "@id": "node/8561346704",
        "place": "hamlet"
      },
      "geometry": {
        "type": "Point",
        "coordinates": [
          92.956164,
          26.2611077
        ]
      },
      "id": "node/8561346704"
    },
    {
      "type": "Feature",
      "properties": {
        "@id": "node/8561346705",
        "place": "hamlet"
      },
      "geometry": {
        "type": "Point",
        "coordinates": [
          92.9605823,
          26.2554028
        ]
      },
      "id": "node/8561346705"
    },
    {
      "type": "Feature",
      "properties": {
        "@id": "node/8561346707",
        "place": "hamlet"
      },
      "geometry": {
        "type": "Point",
        "coordinates": [
          92.9718086,
          26.2414189
        ]
      },
      "id": "node/8561346707"
    },
    {
      "type": "Feature",
      "properties": {
        "@id": "node/8561346708",
        "place": "hamlet"
      },
      "geometry": {
        "type": "Point",
        "coordinates": [
          92.9743548,
          26.2285534
        ]
      },
      "id": "node/8561346708"
    },
    {
      "type": "Feature",
      "properties": {
        "@id": "node/8561346709",
        "place": "hamlet"
      },
      "geometry": {
        "type": "Point",
        "coordinates": [
          92.9636501,
          26.2365444
        ]
      },
      "id": "node/8561346709"
    },
    {
      "type": "Feature",
      "properties": {
        "@id": "node/8561346710",
        "place": "hamlet"
      },
      "geometry": {
        "type": "Point",
        "coordinates": [
          92.9620583,
          26.2412017
        ]
      },
      "id": "node/8561346710"
    },
    {
      "type": "Feature",
      "properties": {
        "@id": "node/8561346711",
        "place": "hamlet"
      },
      "geometry": {
        "type": "Point",
        "coordinates": [
          92.961035,
          26.2472016
        ]
      },
      "id": "node/8561346711"
    },
    {
      "type": "Feature",
      "properties": {
        "@id": "node/8561346712",
        "place": "village"
      },
      "geometry": {
        "type": "Point",
        "coordinates": [
          92.9779955,
          26.2589285
        ]
      },
      "id": "node/8561346712"
    },
    {
      "type": "Feature",
      "properties": {
        "@id": "node/8561346713",
        "place": "hamlet"
      },
      "geometry": {
        "type": "Point",
        "coordinates": [
          92.9845365,
          26.2695316
        ]
      },
      "id": "node/8561346713"
    },
    {
      "type": "Feature",
      "properties": {
        "@id": "node/8561346714",
        "place": "hamlet"
      },
      "geometry": {
        "type": "Point",
        "coordinates": [
          92.9717395,
          26.2667662
        ]
      },
      "id": "node/8561346714"
    },
    {
      "type": "Feature",
      "properties": {
        "@id": "node/8561471990",
        "place": "hamlet"
      },
      "geometry": {
        "type": "Point",
        "coordinates": [
          92.9447306,
          26.1026135
        ]
      },
      "id": "node/8561471990"
    },
    {
      "type": "Feature",
      "properties": {
        "@id": "node/8561471991",
        "name": "Uttar Nayābīl",
        "name:en": "Uttar Nayabil",
        "place": "hamlet",
        "source:name": "SOI"
      },
      "geometry": {
        "type": "Point",
        "coordinates": [
          92.9444142,
          26.0976742
        ]
      },
      "id": "node/8561471991"
    },
    {
      "type": "Feature",
      "properties": {
        "@id": "node/8561471992",
        "name": "Khālājhār",
        "name:en": "Khalajhar",
        "place": "hamlet",
        "source:name": "SOI"
      },
      "geometry": {
        "type": "Point",
        "coordinates": [
          92.9766112,
          26.0996291
        ]
      },
      "id": "node/8561471992"
    },
    {
      "type": "Feature",
      "properties": {
        "@id": "node/8561471993",
        "place": "hamlet"
      },
      "geometry": {
        "type": "Point",
        "coordinates": [
          92.9716591,
          26.0986891
        ]
      },
      "id": "node/8561471993"
    },
    {
      "type": "Feature",
      "properties": {
        "@id": "node/8561471994",
        "place": "hamlet"
      },
      "geometry": {
        "type": "Point",
        "coordinates": [
          92.9647575,
          26.1002183
        ]
      },
      "id": "node/8561471994"
    },
    {
      "type": "Feature",
      "properties": {
        "@id": "node/8561471995",
        "place": "hamlet"
      },
      "geometry": {
        "type": "Point",
        "coordinates": [
          92.9577202,
          26.1019911
        ]
      },
      "id": "node/8561471995"
    },
    {
      "type": "Feature",
      "properties": {
        "@id": "node/8561471996",
        "place": "hamlet"
      },
      "geometry": {
        "type": "Point",
        "coordinates": [
          92.9447156,
          26.1071873
        ]
      },
      "id": "node/8561471996"
    },
    {
      "type": "Feature",
      "properties": {
        "@id": "node/8561471997",
        "place": "hamlet"
      },
      "geometry": {
        "type": "Point",
        "coordinates": [
          92.9355535,
          26.1104619
        ]
      },
      "id": "node/8561471997"
    },
    {
      "type": "Feature",
      "properties": {
        "@id": "node/8561471998",
        "place": "hamlet"
      },
      "geometry": {
        "type": "Point",
        "coordinates": [
          92.9322534,
          26.1073362
        ]
      },
      "id": "node/8561471998"
    },
    {
      "type": "Feature",
      "properties": {
        "@id": "node/8561471999",
        "name": "Rowārpār",
        "name:en": "Rowarpar",
        "place": "hamlet",
        "source:name": "SOI"
      },
      "geometry": {
        "type": "Point",
        "coordinates": [
          92.9319822,
          26.1119639
        ]
      },
      "id": "node/8561471999"
    },
    {
      "type": "Feature",
      "properties": {
        "@id": "node/8561472000",
        "place": "hamlet"
      },
      "geometry": {
        "type": "Point",
        "coordinates": [
          92.929978,
          26.1178498
        ]
      },
      "id": "node/8561472000"
    },
    {
      "type": "Feature",
      "properties": {
        "@id": "node/8561472001",
        "place": "hamlet"
      },
      "geometry": {
        "type": "Point",
        "coordinates": [
          92.9435568,
          26.1119243
        ]
      },
      "id": "node/8561472001"
    },
    {
      "type": "Feature",
      "properties": {
        "@id": "node/8561472002",
        "place": "hamlet"
      },
      "geometry": {
        "type": "Point",
        "coordinates": [
          92.9392018,
          26.114644
        ]
      },
      "id": "node/8561472002"
    },
    {
      "type": "Feature",
      "properties": {
        "@id": "node/8561472003",
        "place": "hamlet"
      },
      "geometry": {
        "type": "Point",
        "coordinates": [
          92.9602082,
          26.1089609
        ]
      },
      "id": "node/8561472003"
    },
    {
      "type": "Feature",
      "properties": {
        "@id": "node/8561472004",
        "place": "hamlet"
      },
      "geometry": {
        "type": "Point",
        "coordinates": [
          92.9654719,
          26.1103137
        ]
      },
      "id": "node/8561472004"
    },
    {
      "type": "Feature",
      "properties": {
        "@id": "node/8561472005",
        "place": "hamlet"
      },
      "geometry": {
        "type": "Point",
        "coordinates": [
          92.9627835,
          26.1121591
        ]
      },
      "id": "node/8561472005"
    },
    {
      "type": "Feature",
      "properties": {
        "@id": "node/8561472006",
        "place": "hamlet"
      },
      "geometry": {
        "type": "Point",
        "coordinates": [
          92.9602301,
          26.1167259
        ]
      },
      "id": "node/8561472006"
    },
    {
      "type": "Feature",
      "properties": {
        "@id": "node/8561472007",
        "place": "hamlet"
      },
      "geometry": {
        "type": "Point",
        "coordinates": [
          92.9682032,
          26.1225453
        ]
      },
      "id": "node/8561472007"
    },
    {
      "type": "Feature",
      "properties": {
        "@id": "node/8561472008",
        "place": "hamlet"
      },
      "geometry": {
        "type": "Point",
        "coordinates": [
          92.9538873,
          26.1256093
        ]
      },
      "id": "node/8561472008"
    },
    {
      "type": "Feature",
      "properties": {
        "@id": "node/8561472009",
        "place": "hamlet"
      },
      "geometry": {
        "type": "Point",
        "coordinates": [
          92.9471815,
          26.1244144
        ]
      },
      "id": "node/8561472009"
    },
    {
      "type": "Feature",
      "properties": {
        "@id": "node/8561472010",
        "place": "hamlet"
      },
      "geometry": {
        "type": "Point",
        "coordinates": [
          92.9369949,
          26.127417
        ]
      },
      "id": "node/8561472010"
    },
    {
      "type": "Feature",
      "properties": {
        "@id": "node/8561472011",
        "place": "hamlet"
      },
      "geometry": {
        "type": "Point",
        "coordinates": [
          92.9310911,
          26.1320587
        ]
      },
      "id": "node/8561472011"
    },
    {
      "type": "Feature",
      "properties": {
        "@id": "node/8561472012",
        "place": "hamlet"
      },
      "geometry": {
        "type": "Point",
        "coordinates": [
          92.9611879,
          26.1251186
        ]
      },
      "id": "node/8561472012"
    },
    {
      "type": "Feature",
      "properties": {
        "@id": "node/8717754896",
        "name": "Gobindanagar",
        "place": "village"
      },
      "geometry": {
        "type": "Point",
        "coordinates": [
          92.7228223,
          25.4899292
        ]
      },
      "id": "node/8717754896"
    },
    {
      "type": "Feature",
      "properties": {
        "@id": "node/8717784813",
        "name": "4 Kilo",
        "place": "village"
      },
      "geometry": {
        "type": "Point",
        "coordinates": [
          92.7276842,
          25.4806995
        ]
      },
      "id": "node/8717784813"
    },
    {
      "type": "Feature",
      "properties": {
        "@id": "node/8717788304",
        "name": "New Tumbung",
        "place": "village"
      },
      "geometry": {
        "type": "Point",
        "coordinates": [
          92.7144627,
          25.49655
        ]
      },
      "id": "node/8717788304"
    },
    {
      "type": "Feature",
      "properties": {
        "@id": "node/8925188026",
        "name": "Bilbari",
        "place": "village",
        "population": "1020"
      },
      "geometry": {
        "type": "Point",
        "coordinates": [
          92.2987499,
          24.5911344
        ]
      },
      "id": "node/8925188026"
    },
    {
      "type": "Feature",
      "properties": {
        "@id": "node/9091372730",
        "name": "Bor Phake",
        "name:as": "বরফাকিয়াল",
        "name:phk": "မ︀ꩫ︀်ၸ︀ႃက︀ေ︀ꩫ︀ိုဝ︀်",
        "place": "village"
      },
      "geometry": {
        "type": "Point",
        "coordinates": [
          95.708856,
          27.3287287
        ]
      },
      "id": "node/9091372730"
    },
    {
      "type": "Feature",
      "properties": {
        "@id": "node/9091372770",
        "name": "Mounglang",
        "name:as": "মৌংলাং",
        "name:phk": "မ︀ိုင︀်လ︀င︀်",
        "place": "village"
      },
      "geometry": {
        "type": "Point",
        "coordinates": [
          95.7183037,
          27.3196053
        ]
      },
      "id": "node/9091372770"
    },
    {
      "type": "Feature",
      "properties": {
        "@id": "node/9091372771",
        "name": "Nonglai",
        "name:as": "নাংলায়",
        "name:phk": "ꩫ︀ွင︀်လ︀ႝ",
        "place": "village"
      },
      "geometry": {
        "type": "Point",
        "coordinates": [
          95.7366994,
          27.3417769
        ]
      },
      "id": "node/9091372771"
    },
    {
      "type": "Feature",
      "properties": {
        "@id": "node/9091372773",
        "name": "Nonglai Nong Tikhak",
        "place": "village"
      },
      "geometry": {
        "type": "Point",
        "coordinates": [
          95.7395584,
          27.3414907
        ]
      },
      "id": "node/9091372773"
    },
    {
      "type": "Feature",
      "properties": {
        "@id": "node/9127379447",
        "name": "Mahaliapara",
        "place": "village"
      },
      "geometry": {
        "type": "Point",
        "coordinates": [
          91.8241167,
          26.6369484
        ]
      },
      "id": "node/9127379447"
    },
    {
      "type": "Feature",
      "properties": {
        "@id": "node/9127379493",
        "name": "Kumarikata",
        "place": "village"
      },
      "geometry": {
        "type": "Point",
        "coordinates": [
          91.5558314,
          26.7311518
        ]
      },
      "id": "node/9127379493"
    },
    {
      "type": "Feature",
      "properties": {
        "@id": "node/9127805313",
        "name": "Nonaipara",
        "place": "village"
      },
      "geometry": {
        "type": "Point",
        "coordinates": [
          91.8738985,
          26.8441369
        ]
      },
      "id": "node/9127805313"
    },
    {
      "type": "Feature",
      "properties": {
        "@id": "node/9127828291",
        "name": "Silbori",
        "place": "village"
      },
      "geometry": {
        "type": "Point",
        "coordinates": [
          92.2913146,
          26.6117236
        ]
      },
      "id": "node/9127828291"
    },
    {
      "type": "Feature",
      "properties": {
        "@id": "node/9171945868",
        "name": "জয়্গুখ্ব গাঁও",
        "name:en": "Joygorkha Village",
        "place": "village"
      },
      "geometry": {
        "type": "Point",
        "coordinates": [
          95.3958428,
          27.5338566
        ]
      },
      "id": "node/9171945868"
    },
    {
      "type": "Feature",
      "properties": {
        "@id": "node/9171945885",
        "name": "না-মাতাপুং গাঁও",
        "name:en": "Na-Matapung Village",
        "place": "village"
      },
      "geometry": {
        "type": "Point",
        "coordinates": [
          95.43643,
          27.5260647
        ]
      },
      "id": "node/9171945885"
    },
    {
      "type": "Feature",
      "properties": {
        "@id": "node/9171959504",
        "name": "দেন্কা গাঁও",
        "name:en": "Denka Village",
        "place": "village"
      },
      "geometry": {
        "type": "Point",
        "coordinates": [
          95.413835,
          27.535826
        ]
      },
      "id": "node/9171959504"
    },
    {
      "type": "Feature",
      "properties": {
        "@id": "node/9171959505",
        "name": "টারজান গাঁও",
        "name:en": "Tarajan Village",
        "place": "village"
      },
      "geometry": {
        "type": "Point",
        "coordinates": [
          95.4038725,
          27.543894
        ]
      },
      "id": "node/9171959505"
    },
    {
      "type": "Feature",
      "properties": {
        "@id": "node/9174932178",
        "name": "Ikarani 1",
        "name:en": "Ikarani 1",
        "place": "village"
      },
      "geometry": {
        "type": "Point",
        "coordinates": [
          95.0953066,
          27.3430472
        ]
      },
      "id": "node/9174932178"
    },
    {
      "type": "Feature",
      "properties": {
        "@id": "node/9212146099",
        "name": "No. 3 Karmi",
        "place": "village"
      },
      "geometry": {
        "type": "Point",
        "coordinates": [
          95.5473498,
          27.8457684
        ]
      },
      "id": "node/9212146099"
    },
    {
      "type": "Feature",
      "properties": {
        "@id": "node/9213360762",
        "name": "Changamari Habi",
        "place": "village"
      },
      "geometry": {
        "type": "Point",
        "coordinates": [
          94.826707,
          27.4265029
        ]
      },
      "id": "node/9213360762"
    },
    {
      "type": "Feature",
      "properties": {
        "@id": "node/9214904285",
        "name": "Mereli Pathar",
        "name:bn": "মেরেলি পথার",
        "place": "village"
      },
      "geometry": {
        "type": "Point",
        "coordinates": [
          95.1918232,
          27.4904658
        ]
      },
      "id": "node/9214904285"
    },
    {
      "type": "Feature",
      "properties": {
        "@id": "node/9234777448",
        "name": "Pundurimakhâ",
        "name_alt": "Pundurimakha",
        "place": "village"
      },
      "geometry": {
        "type": "Point",
        "coordinates": [
          92.2321381,
          25.9485708
        ]
      },
      "id": "node/9234777448"
    },
    {
      "type": "Feature",
      "properties": {
        "@id": "node/9250835268",
        "place": "village"
      },
      "geometry": {
        "type": "Point",
        "coordinates": [
          95.9809906,
          27.3534655
        ]
      },
      "id": "node/9250835268"
    },
    {
      "type": "Feature",
      "properties": {
        "@id": "node/9281140208",
        "name": "Phukonhabi Gaon",
        "place": "village"
      },
      "geometry": {
        "type": "Point",
        "coordinates": [
          94.4489709,
          26.678364
        ]
      },
      "id": "node/9281140208"
    },
    {
      "type": "Feature",
      "properties": {
        "@id": "node/9290944802",
        "alt_name": "Bokolia",
        "name": "Baghuliaghat",
        "place": "town"
      },
      "geometry": {
        "type": "Point",
        "coordinates": [
          93.1971692,
          26.0565077
        ]
      },
      "id": "node/9290944802"
    },
    {
      "type": "Feature",
      "properties": {
        "@id": "node/9427289489",
        "name": "Daflagarh",
        "place": "village"
      },
      "geometry": {
        "type": "Point",
        "coordinates": [
          93.49406,
          26.9152395
        ]
      },
      "id": "node/9427289489"
    },
    {
      "type": "Feature",
      "properties": {
        "@id": "node/9427289495",
        "name": "Rajgorh",
        "name:en": "Rajgorh",
        "place": "village"
      },
      "geometry": {
        "type": "Point",
        "coordinates": [
          93.5943317,
          26.9511088
        ]
      },
      "id": "node/9427289495"
    },
    {
      "type": "Feature",
      "properties": {
        "@id": "node/9450490090",
        "name": "Kakopathar",
        "place": "town",
        "wikidata": "Q17061790"
      },
      "geometry": {
        "type": "Point",
        "coordinates": [
          95.6625457,
          27.6325591
        ]
      },
      "id": "node/9450490090"
    },
    {
      "type": "Feature",
      "properties": {
        "@id": "node/9566367368",
        "name": "Khagorimaijan",
        "place": "village"
      },
      "geometry": {
        "type": "Point",
        "coordinates": [
          95.1076019,
          27.5098225
        ]
      },
      "id": "node/9566367368"
    },
    {
      "type": "Feature",
      "properties": {
        "@id": "node/9566367370",
        "name": "Baratichuk",
        "place": "hamlet"
      },
      "geometry": {
        "type": "Point",
        "coordinates": [
          95.0952818,
          27.519137
        ]
      },
      "id": "node/9566367370"
    },
    {
      "type": "Feature",
      "properties": {
        "@id": "node/9566367371",
        "name": "Chamoni Gaon",
        "place": "hamlet"
      },
      "geometry": {
        "type": "Point",
        "coordinates": [
          95.1095116,
          27.5052168
        ]
      },
      "id": "node/9566367371"
    },
    {
      "type": "Feature",
      "properties": {
        "@id": "node/9566367372",
        "name": "Barahi-Da-Pathar",
        "place": "village"
      },
      "geometry": {
        "type": "Point",
        "coordinates": [
          95.1224109,
          27.5195811
        ]
      },
      "id": "node/9566367372"
    },
    {
      "type": "Feature",
      "properties": {
        "@id": "node/9566367373",
        "name": "Niz-Rahmoria",
        "place": "village"
      },
      "geometry": {
        "type": "Point",
        "coordinates": [
          95.1325124,
          27.5142684
        ]
      },
      "id": "node/9566367373"
    },
    {
      "type": "Feature",
      "properties": {
        "@id": "node/9566367374",
        "name": "Dhupabor Maijan",
        "place": "village"
      },
      "geometry": {
        "type": "Point",
        "coordinates": [
          95.1432357,
          27.5262484
        ]
      },
      "id": "node/9566367374"
    },
    {
      "type": "Feature",
      "properties": {
        "@id": "node/9569488213",
        "addr:country": "IN",
        "description": "Gaurisagar Tiniali is the town in Assam. It is located in National Highway 2 in Assam. It is 15km away from Sivasagar and 45km away from Jorhat.",
        "name": "Gaurisagar Tiniali",
        "name:as": "গৌৰীসাগৰ টিনিয়ালী",
        "place": "town",
        "wikidata": "Q111184029"
      },
      "geometry": {
        "type": "Point",
        "coordinates": [
          94.53558,
          26.9484393
        ]
      },
      "id": "node/9569488213"
    },
    {
      "type": "Feature",
      "properties": {
        "@id": "node/9569576344",
        "addr:city": "Hati Ghuli",
        "addr:country": "IN",
        "addr:postcode": "7856447",
        "name": "Hati Ghuli",
        "place": "village"
      },
      "geometry": {
        "type": "Point",
        "coordinates": [
          94.5119947,
          26.9313857
        ]
      },
      "id": "node/9569576344"
    },
    {
      "type": "Feature",
      "properties": {
        "@id": "node/9587442592",
        "name": "Mathuri Pathar",
        "place": "village"
      },
      "geometry": {
        "type": "Point",
        "coordinates": [
          94.7098732,
          27.6390559
        ]
      },
      "id": "node/9587442592"
    },
    {
      "type": "Feature",
      "properties": {
        "@id": "node/9587442593",
        "name": "Ghagara Adi",
        "place": "village"
      },
      "geometry": {
        "type": "Point",
        "coordinates": [
          94.7126949,
          27.6505083
        ]
      },
      "id": "node/9587442593"
    },
    {
      "type": "Feature",
      "properties": {
        "@id": "node/9589199698",
        "name": "Kendugurigaon",
        "place": "village"
      },
      "geometry": {
        "type": "Point",
        "coordinates": [
          94.6928251,
          27.5827365
        ]
      },
      "id": "node/9589199698"
    },
    {
      "type": "Feature",
      "properties": {
        "@id": "node/9589199699",
        "name": "Dhekiani Bam",
        "place": "hamlet"
      },
      "geometry": {
        "type": "Point",
        "coordinates": [
          94.6739997,
          27.5938202
        ]
      },
      "id": "node/9589199699"
    },
    {
      "type": "Feature",
      "properties": {
        "@id": "node/9589199700",
        "name": "Kailashpur",
        "place": "hamlet"
      },
      "geometry": {
        "type": "Point",
        "coordinates": [
          94.6812701,
          27.6101012
        ]
      },
      "id": "node/9589199700"
    },
    {
      "type": "Feature",
      "properties": {
        "@id": "node/9589199701",
        "name": "Barati Gaon",
        "place": "village"
      },
      "geometry": {
        "type": "Point",
        "coordinates": [
          94.691865,
          27.5968851
        ]
      },
      "id": "node/9589199701"
    },
    {
      "type": "Feature",
      "properties": {
        "@id": "node/9594277341",
        "name": "Malani",
        "place": "hamlet"
      },
      "geometry": {
        "type": "Point",
        "coordinates": [
          94.7225788,
          27.6560344
        ]
      },
      "id": "node/9594277341"
    },
    {
      "type": "Feature",
      "properties": {
        "@id": "node/9614163486",
        "name": "Bhebeli Gaon",
        "place": "hamlet"
      },
      "geometry": {
        "type": "Point",
        "coordinates": [
          94.6565888,
          27.5467321
        ]
      },
      "id": "node/9614163486"
    },
    {
      "type": "Feature",
      "properties": {
        "@id": "node/9621175763",
        "name": "Akajan Miri",
        "place": "village"
      },
      "geometry": {
        "type": "Point",
        "coordinates": [
          94.7364891,
          27.5560142
        ]
      },
      "id": "node/9621175763"
    },
    {
      "type": "Feature",
      "properties": {
        "@id": "node/9621175764",
        "name": "Bormuria Chapori",
        "place": "village"
      },
      "geometry": {
        "type": "Point",
        "coordinates": [
          94.7405403,
          27.5445259
        ]
      },
      "id": "node/9621175764"
    },
    {
      "type": "Feature",
      "properties": {
        "@id": "node/9621475214",
        "name": "No. 2 Tangani Majgaon",
        "place": "village"
      },
      "geometry": {
        "type": "Point",
        "coordinates": [
          94.7432561,
          27.5169168
        ]
      },
      "id": "node/9621475214"
    },
    {
      "type": "Feature",
      "properties": {
        "@id": "node/9621475215",
        "name": "No. 1 Tangani Majgaon",
        "place": "village"
      },
      "geometry": {
        "type": "Point",
        "coordinates": [
          94.7532702,
          27.5277352
        ]
      },
      "id": "node/9621475215"
    },
    {
      "type": "Feature",
      "properties": {
        "@id": "node/9627091747",
        "name": "No. 2 Chila Pathar",
        "place": "hamlet"
      },
      "geometry": {
        "type": "Point",
        "coordinates": [
          94.7598254,
          27.6007304
        ]
      },
      "id": "node/9627091747"
    },
    {
      "type": "Feature",
      "properties": {
        "@id": "node/9627091748",
        "name": "No. 1 Chila Pathar",
        "place": "hamlet"
      },
      "geometry": {
        "type": "Point",
        "coordinates": [
          94.7549378,
          27.5957324
        ]
      },
      "id": "node/9627091748"
    },
    {
      "type": "Feature",
      "properties": {
        "@id": "node/9627094125",
        "name": "Bharaibpur",
        "place": "hamlet"
      },
      "geometry": {
        "type": "Point",
        "coordinates": [
          94.7634887,
          27.6001964
        ]
      },
      "id": "node/9627094125"
    },
    {
      "type": "Feature",
      "properties": {
        "@id": "node/9627094483",
        "name": "Silabaligaon",
        "place": "village"
      },
      "geometry": {
        "type": "Point",
        "coordinates": [
          94.7657396,
          27.5974529
        ]
      },
      "id": "node/9627094483"
    },
    {
      "type": "Feature",
      "properties": {
        "@id": "node/9627117726",
        "name": "Thekeraguri",
        "place": "hamlet"
      },
      "geometry": {
        "type": "Point",
        "coordinates": [
          94.7566842,
          27.5999259
        ]
      },
      "id": "node/9627117726"
    },
    {
      "type": "Feature",
      "properties": {
        "@id": "node/9627171489",
        "name": "Joriguri",
        "place": "village"
      },
      "geometry": {
        "type": "Point",
        "coordinates": [
          94.7670088,
          27.5688939
        ]
      },
      "id": "node/9627171489"
    },
    {
      "type": "Feature",
      "properties": {
        "@id": "node/9627171500",
        "name": "Memberchuk",
        "place": "hamlet"
      },
      "geometry": {
        "type": "Point",
        "coordinates": [
          94.7437473,
          27.5665753
        ]
      },
      "id": "node/9627171500"
    },
    {
      "type": "Feature",
      "properties": {
        "@id": "node/9627171517",
        "name": "Mishingpur",
        "place": "village"
      },
      "geometry": {
        "type": "Point",
        "coordinates": [
          94.7472812,
          27.5696466
        ]
      },
      "id": "node/9627171517"
    },
    {
      "type": "Feature",
      "properties": {
        "@id": "node/9628955501",
        "name": "Archipathar",
        "place": "village"
      },
      "geometry": {
        "type": "Point",
        "coordinates": [
          94.7842022,
          27.6587392
        ]
      },
      "id": "node/9628955501"
    },
    {
      "type": "Feature",
      "properties": {
        "@id": "node/9628970442",
        "name": "Jalakia Suti",
        "place": "village"
      },
      "geometry": {
        "type": "Point",
        "coordinates": [
          94.7722828,
          27.6282012
        ]
      },
      "id": "node/9628970442"
    },
    {
      "type": "Feature",
      "properties": {
        "@id": "node/9646077729",
        "name": "Majorbari",
        "place": "village"
      },
      "geometry": {
        "type": "Point",
        "coordinates": [
          94.8487794,
          27.5946012
        ]
      },
      "id": "node/9646077729"
    },
    {
      "type": "Feature",
      "properties": {
        "@id": "node/9660184681",
        "name": "Yopakan",
        "place": "village"
      },
      "geometry": {
        "type": "Point",
        "coordinates": [
          95.7643775,
          27.2739522
        ]
      },
      "id": "node/9660184681"
    },
    {
      "type": "Feature",
      "properties": {
        "@id": "node/9706140668",
        "name": "Durpai",
        "place": "hamlet"
      },
      "geometry": {
        "type": "Point",
        "coordinates": [
          94.3006056,
          27.5529109
        ]
      },
      "id": "node/9706140668"
    },
    {
      "type": "Feature",
      "properties": {
        "@id": "node/9709198476",
        "name": "Kanaighat",
        "place": "hamlet"
      },
      "geometry": {
        "type": "Point",
        "coordinates": [
          93.7577881,
          26.5806449
        ]
      },
      "id": "node/9709198476"
    },
    {
      "type": "Feature",
      "properties": {
        "@id": "node/9709199012",
        "name": "Telgaram",
        "place": "village"
      },
      "geometry": {
        "type": "Point",
        "coordinates": [
          93.7679556,
          26.5718098
        ]
      },
      "id": "node/9709199012"
    },
    {
      "type": "Feature",
      "properties": {
        "@id": "node/9839806366",
        "gns:dsg_code": "PPL",
        "gns:dsg_string": "populated place",
        "gns:id": "11647375",
        "gns:uni": "13986109",
        "name": "Lālpāni",
        "name:en": "Lalpani",
        "place": "hamlet",
        "source": "geonames.nga.mil(GNS)-country file (20220324))"
      },
      "geometry": {
        "type": "Point",
        "coordinates": [
          93.0807621,
          24.81036
        ]
      },
      "id": "node/9839806366"
    },
    {
      "type": "Feature",
      "properties": {
        "@id": "node/9849518665",
        "name": "Rajkhowasuk",
        "name:as": "ৰাজখোৱাসুক",
        "note": "Rajkhowasuk is a small village in Assam situatef near Borchahaki Village, Charaideo.",
        "place": "village",
        "population": "20000"
      },
      "geometry": {
        "type": "Point",
        "coordinates": [
          94.9114028,
          27.0653733
        ]
      },
      "id": "node/9849518665"
    },
    {
      "type": "Feature",
      "properties": {
        "@id": "node/9851359676",
        "GNS:dsg_code": "PPL",
        "GNS:dsg_name": "populated place",
        "GNS:id": "-2099054",
        "GNS:modify_date": "2012-09-10T00:00:00.000Z",
        "GNS:uni": "-2914301",
        "name": "Kalain",
        "name:en": "Kalain",
        "place": "village",
        "source": "geonames.mil (GNS) country file 20243708"
      },
      "geometry": {
        "type": "Point",
        "coordinates": [
          92.5691163,
          24.9687662
        ]
      },
      "id": "node/9851359676"
    },
    {
      "type": "Feature",
      "properties": {
        "@id": "node/9936080456",
        "place": "village"
      },
      "geometry": {
        "type": "Point",
        "coordinates": [
          95.8688284,
          27.3219894
        ]
      },
      "id": "node/9936080456"
    },
    {
      "type": "Feature",
      "properties": {
        "@id": "node/9991472612",
        "name": "Kuhuboto",
        "place": "village"
      },
      "geometry": {
        "type": "Point",
        "coordinates": [
          93.8472607,
          25.9169961
        ]
      },
      "id": "node/9991472612"
    },
    {
      "type": "Feature",
      "properties": {
        "@id": "node/9991966999",
        "name": "Furkating",
        "place": "village"
      },
      "geometry": {
        "type": "Point",
        "coordinates": [
          94.0025555,
          26.4636617
        ]
      },
      "id": "node/9991966999"
    },
    {
      "type": "Feature",
      "properties": {
        "@id": "node/10023328692",
        "place": "village"
      },
      "geometry": {
        "type": "Point",
        "coordinates": [
          92.0897135,
          26.073112
        ]
      },
      "id": "node/10023328692"
    },
    {
      "type": "Feature",
      "properties": {
        "@id": "node/10023395836",
        "place": "village"
      },
      "geometry": {
        "type": "Point",
        "coordinates": [
          92.4766679,
          26.0884015
        ]
      },
      "id": "node/10023395836"
    },
    {
      "type": "Feature",
      "properties": {
        "@id": "node/10023395837",
        "place": "village"
      },
      "geometry": {
        "type": "Point",
        "coordinates": [
          92.4707349,
          26.0858095
        ]
      },
      "id": "node/10023395837"
    },
    {
      "type": "Feature",
      "properties": {
        "@id": "node/10023395885",
        "place": "village"
      },
      "geometry": {
        "type": "Point",
        "coordinates": [
          92.3886436,
          26.0646091
        ]
      },
      "id": "node/10023395885"
    },
    {
      "type": "Feature",
      "properties": {
        "@id": "node/10023395886",
        "place": "village"
      },
      "geometry": {
        "type": "Point",
        "coordinates": [
          92.3091215,
          26.0107798
        ]
      },
      "id": "node/10023395886"
    },
    {
      "type": "Feature",
      "properties": {
        "@id": "node/10023395887",
        "place": "village"
      },
      "geometry": {
        "type": "Point",
        "coordinates": [
          92.3231548,
          26.0053994
        ]
      },
      "id": "node/10023395887"
    },
    {
      "type": "Feature",
      "properties": {
        "@id": "node/10208010964",
        "alt_name": "Jengraimukh",
        "name": "Jangraimukh",
        "place": "village"
      },
      "geometry": {
        "type": "Point",
        "coordinates": [
          94.284623,
          27.0921357
        ]
      },
      "id": "node/10208010964"
    },
    {
      "type": "Feature",
      "properties": {
        "@id": "node/10226884217",
        "name": "Retzol",
        "place": "village",
        "survey:date": "2022-11-30"
      },
      "geometry": {
        "type": "Point",
        "coordinates": [
          92.9922314,
          25.1083469
        ]
      },
      "id": "node/10226884217"
    },
    {
      "type": "Feature",
      "properties": {
        "@id": "node/10303891377",
        "name": "Bihpuria",
        "place": "town",
        "wikidata": "Q796794",
        "wikipedia": "en:Bihpuria"
      },
      "geometry": {
        "type": "Point",
        "coordinates": [
          93.9167974,
          27.019264
        ]
      },
      "id": "node/10303891377"
    },
    {
      "type": "Feature",
      "properties": {
        "@id": "node/10599423093",
        "description": "It is a small village of Assam. It has 40 km away from Sivasagar and 60 km away from Dibrugarh.",
        "name": "Borshahaki",
        "name:as": "বৰচহকী",
        "place": "village",
        "population": "60000"
      },
      "geometry": {
        "type": "Point",
        "coordinates": [
          94.9120009,
          27.0645844
        ]
      },
      "id": "node/10599423093"
    },
    {
      "type": "Feature",
      "properties": {
        "@id": "node/10599428771",
        "description": "Disangpani is the small village of Assam situated behind Brahmaputra River.",
        "name": "Disangpani",
        "name:as": "দিচংপানী",
        "name:bn": "ডিসাংপানি",
        "name:hi": "दिसांगपानी",
        "name:mr": "दिसांगपाणी",
        "name:ta": "திசங்கபாணி",
        "name:te": "దిసంగ్పాణి",
        "place": "village",
        "population": "50000"
      },
      "geometry": {
        "type": "Point",
        "coordinates": [
          94.91471,
          27.0473643
        ]
      },
      "id": "node/10599428771"
    },
    {
      "type": "Feature",
      "properties": {
        "@id": "node/10692764768",
        "alt_name": "Aouniati",
        "name": "Auniati",
        "place": "village"
      },
      "geometry": {
        "type": "Point",
        "coordinates": [
          94.1238147,
          26.9364877
        ]
      },
      "id": "node/10692764768"
    },
    {
      "type": "Feature",
      "properties": {
        "@id": "node/10824064061",
        "name": "Merapani",
        "place": "town"
      },
      "geometry": {
        "type": "Point",
        "coordinates": [
          94.0929346,
          26.3190752
        ]
      },
      "id": "node/10824064061"
    },
    {
      "type": "Feature",
      "properties": {
        "@id": "node/11027601106",
        "name": "Dishru Village",
        "place": "village",
        "survey:date": "2023-07-05"
      },
      "geometry": {
        "type": "Point",
        "coordinates": [
          93.0168371,
          25.2064437
        ]
      },
      "id": "node/11027601106"
    },
    {
      "type": "Feature",
      "properties": {
        "@id": "node/11027601107",
        "name": "Hojāl",
        "name:en": "Hojal",
        "place": "village",
        "population:tribe": "KACHRI",
        "source:name": "SOI",
        "source:population:tribe": "SOI",
        "survey:date": "2023-07-05"
      },
      "geometry": {
        "type": "Point",
        "coordinates": [
          93.017638,
          25.2221268
        ]
      },
      "id": "node/11027601107"
    },
    {
      "type": "Feature",
      "properties": {
        "@id": "node/11027601108",
        "name": "Lower Mabao",
        "place": "village",
        "survey:date": "2023-07-05"
      },
      "geometry": {
        "type": "Point",
        "coordinates": [
          93.0201384,
          25.213807
        ]
      },
      "id": "node/11027601108"
    },
    {
      "type": "Feature",
      "properties": {
        "@id": "node/11033703720",
        "name": "Suklai",
        "place": "village"
      },
      "geometry": {
        "type": "Point",
        "coordinates": [
          91.7776587,
          26.7337169
        ]
      },
      "id": "node/11033703720"
    },
    {
      "type": "Feature",
      "properties": {
        "@id": "node/11038715217",
        "description": "Nepalis' hamlet or village, located via Mahadev tilla in Haflong, the district headquarter of North Cachar Hills (now Dima Hasao), Assam, INDIA",
        "name": "BHANJANG BASTI, HAFLONG",
        "place": "village"
      },
      "geometry": {
        "type": "Point",
        "coordinates": [
          93.0220673,
          25.1586555
        ]
      },
      "id": "node/11038715217"
    },
    {
      "type": "Feature",
      "properties": {
        "@id": "node/11062758505",
        "name": "Brelang",
        "place": "hamlet",
        "survey:date": "2023-07-23"
      },
      "geometry": {
        "type": "Point",
        "coordinates": [
          93.0275062,
          25.1984099
        ]
      },
      "id": "node/11062758505"
    },
    {
      "type": "Feature",
      "properties": {
        "@id": "node/11062758605",
        "name": "Jibro",
        "place": "hamlet",
        "survey:date": "2023-07-23"
      },
      "geometry": {
        "type": "Point",
        "coordinates": [
          93.0320501,
          25.1890595
        ]
      },
      "id": "node/11062758605"
    },
    {
      "type": "Feature",
      "properties": {
        "@id": "node/11073061874",
        "place": "town"
      },
      "geometry": {
        "type": "Point",
        "coordinates": [
          92.6711853,
          26.478183
        ]
      },
      "id": "node/11073061874"
    },
    {
      "type": "Feature",
      "properties": {
        "@id": "node/11079168747",
        "place": "village"
      },
      "geometry": {
        "type": "Point",
        "coordinates": [
          95.7893877,
          27.2847201
        ]
      },
      "id": "node/11079168747"
    },
    {
      "type": "Feature",
      "properties": {
        "@id": "node/11079168748",
        "place": "village"
      },
      "geometry": {
        "type": "Point",
        "coordinates": [
          95.8134616,
          27.2824403
        ]
      },
      "id": "node/11079168748"
    },
    {
      "type": "Feature",
      "properties": {
        "@id": "node/11079168768",
        "place": "village"
      },
      "geometry": {
        "type": "Point",
        "coordinates": [
          95.8784827,
          27.2670546
        ]
      },
      "id": "node/11079168768"
    },
    {
      "type": "Feature",
      "properties": {
        "@id": "node/11090837906",
        "name": "Riao",
        "place": "hamlet",
        "survey:date": "2023-08-02"
      },
      "geometry": {
        "type": "Point",
        "coordinates": [
          93.0447866,
          25.2177939
        ]
      },
      "id": "node/11090837906"
    },
    {
      "type": "Feature",
      "properties": {
        "@id": "node/11090837907",
        "name": "Nānādisa",
        "name:en": "Nanadisa",
        "place": "hamlet",
        "population:tribe": "KACHĀRI",
        "source:name": "SOI",
        "source:population:tribe": "SOI",
        "survey:date": "2023-08-05"
      },
      "geometry": {
        "type": "Point",
        "coordinates": [
          93.0564696,
          25.1803442
        ]
      },
      "id": "node/11090837907"
    },
    {
      "type": "Feature",
      "properties": {
        "@id": "node/11090838505",
        "alt_name": "Walaodisa",
        "name": "Wālodisa",
        "name:en": "Walodisa",
        "place": "hamlet",
        "population:tribe": "KACHĀRI",
        "source:name": "SOI",
        "source:population:tribe": "SOI",
        "survey:date": "2023-07-31"
      },
      "geometry": {
        "type": "Point",
        "coordinates": [
          93.0694093,
          25.1995818
        ]
      },
      "id": "node/11090838505"
    },
    {
      "type": "Feature",
      "properties": {
        "@id": "node/11090838605",
        "name": "Disagisim",
        "place": "hamlet",
        "population:tribe": "KACHĀRI",
        "source:population:tribe": "SOI",
        "survey:date": "2023-08-02"
      },
      "geometry": {
        "type": "Point",
        "coordinates": [
          93.0440742,
          25.2132634
        ]
      },
      "id": "node/11090838605"
    },
    {
      "type": "Feature",
      "properties": {
        "@id": "node/11116558152",
        "name": "Chaparmukh",
        "place": "village"
      },
      "geometry": {
        "type": "Point",
        "coordinates": [
          92.5157423,
          26.2036571
        ]
      },
      "id": "node/11116558152"
    },
    {
      "type": "Feature",
      "properties": {
        "@id": "node/11116575937",
        "name": "Garhmari",
        "place": "village"
      },
      "geometry": {
        "type": "Point",
        "coordinates": [
          92.5152684,
          26.2225777
        ]
      },
      "id": "node/11116575937"
    },
    {
      "type": "Feature",
      "properties": {
        "@id": "node/11127163093",
        "name": "Dighali Ati",
        "place": "village"
      },
      "geometry": {
        "type": "Point",
        "coordinates": [
          92.4983567,
          26.2092691
        ]
      },
      "id": "node/11127163093"
    },
    {
      "type": "Feature",
      "properties": {
        "@id": "node/11127261397",
        "name": "Jungal Balahu",
        "place": "village"
      },
      "geometry": {
        "type": "Point",
        "coordinates": [
          92.4790241,
          26.2115668
        ]
      },
      "id": "node/11127261397"
    },
    {
      "type": "Feature",
      "properties": {
        "@id": "node/11127267872",
        "name": "Rahachaki",
        "place": "village"
      },
      "geometry": {
        "type": "Point",
        "coordinates": [
          92.5241194,
          26.2226168
        ]
      },
      "id": "node/11127267872"
    },
    {
      "type": "Feature",
      "properties": {
        "@id": "node/11127285457",
        "name": "Mulankata",
        "place": "village"
      },
      "geometry": {
        "type": "Point",
        "coordinates": [
          92.4999527,
          26.2233684
        ]
      },
      "id": "node/11127285457"
    },
    {
      "type": "Feature",
      "properties": {
        "@id": "node/11127293365",
        "name": "Hariamukh",
        "place": "village"
      },
      "geometry": {
        "type": "Point",
        "coordinates": [
          92.5384416,
          26.2211782
        ]
      },
      "id": "node/11127293365"
    },
    {
      "type": "Feature",
      "properties": {
        "@id": "node/11127294474",
        "name": "Khaigarh",
        "place": "village"
      },
      "geometry": {
        "type": "Point",
        "coordinates": [
          92.5332371,
          26.2384769
        ]
      },
      "id": "node/11127294474"
    },
    {
      "type": "Feature",
      "properties": {
        "@id": "node/11127295700",
        "name": "Dimou",
        "place": "village"
      },
      "geometry": {
        "type": "Point",
        "coordinates": [
          92.5987605,
          26.2787586
        ]
      },
      "id": "node/11127295700"
    },
    {
      "type": "Feature",
      "properties": {
        "@id": "node/11127296631",
        "name": "Dighaldari",
        "place": "village"
      },
      "geometry": {
        "type": "Point",
        "coordinates": [
          92.5355183,
          26.2282629
        ]
      },
      "id": "node/11127296631"
    },
    {
      "type": "Feature",
      "properties": {
        "@id": "node/11127297515",
        "name": "Kakati Gaon",
        "place": "village"
      },
      "geometry": {
        "type": "Point",
        "coordinates": [
          92.5417275,
          26.2051641
        ]
      },
      "id": "node/11127297515"
    },
    {
      "type": "Feature",
      "properties": {
        "@id": "node/11127299954",
        "name": "Phulaguri",
        "place": "village"
      },
      "geometry": {
        "type": "Point",
        "coordinates": [
          92.5814562,
          26.2623812
        ]
      },
      "id": "node/11127299954"
    },
    {
      "type": "Feature",
      "properties": {
        "@id": "node/11127322373",
        "name": "Ranthali",
        "place": "village"
      },
      "geometry": {
        "type": "Point",
        "coordinates": [
          92.5365113,
          26.2471265
        ]
      },
      "id": "node/11127322373"
    },
    {
      "type": "Feature",
      "properties": {
        "@id": "node/11132351699",
        "name": "Puranigudam",
        "place": "village"
      },
      "geometry": {
        "type": "Point",
        "coordinates": [
          92.7947956,
          26.3724687
        ]
      },
      "id": "node/11132351699"
    },
    {
      "type": "Feature",
      "properties": {
        "@id": "node/11132665783",
        "name": "Gozpuria Gaon",
        "place": "village"
      },
      "geometry": {
        "type": "Point",
        "coordinates": [
          94.2239087,
          26.7963357
        ]
      },
      "id": "node/11132665783"
    },
    {
      "type": "Feature",
      "properties": {
        "@id": "node/11132670519",
        "name": "Garmur",
        "place": "village"
      },
      "geometry": {
        "type": "Point",
        "coordinates": [
          94.2554996,
          26.7444419
        ]
      },
      "id": "node/11132670519"
    },
    {
      "type": "Feature",
      "properties": {
        "@id": "node/11132675927",
        "name": "Potiagaon",
        "place": "village"
      },
      "geometry": {
        "type": "Point",
        "coordinates": [
          94.2393581,
          26.8057846
        ]
      },
      "id": "node/11132675927"
    },
    {
      "type": "Feature",
      "properties": {
        "@id": "node/11136547176",
        "name": "Meteka",
        "place": "village"
      },
      "geometry": {
        "type": "Point",
        "coordinates": [
          92.5357818,
          26.2333627
        ]
      },
      "id": "node/11136547176"
    },
    {
      "type": "Feature",
      "properties": {
        "@id": "node/11160764043",
        "name": "Katahguri",
        "place": "village"
      },
      "geometry": {
        "type": "Point",
        "coordinates": [
          92.5483702,
          26.2601467
        ]
      },
      "id": "node/11160764043"
    },
    {
      "type": "Feature",
      "properties": {
        "@id": "node/11160764044",
        "name": "Saragaon",
        "place": "village"
      },
      "geometry": {
        "type": "Point",
        "coordinates": [
          92.5528152,
          26.2511804
        ]
      },
      "id": "node/11160764044"
    },
    {
      "type": "Feature",
      "properties": {
        "@id": "node/11162873338",
        "name": "Bamunijan",
        "place": "village"
      },
      "geometry": {
        "type": "Point",
        "coordinates": [
          92.4846891,
          26.1861049
        ]
      },
      "id": "node/11162873338"
    },
    {
      "type": "Feature",
      "properties": {
        "@id": "node/11162885562",
        "name": "Gospara",
        "place": "village"
      },
      "geometry": {
        "type": "Point",
        "coordinates": [
          92.4962002,
          26.172647
        ]
      },
      "id": "node/11162885562"
    },
    {
      "type": "Feature",
      "properties": {
        "@id": "node/11162914660",
        "name": "Basundhari",
        "place": "village"
      },
      "geometry": {
        "type": "Point",
        "coordinates": [
          92.5172325,
          26.1710598
        ]
      },
      "id": "node/11162914660"
    },
    {
      "type": "Feature",
      "properties": {
        "@id": "node/11162914661",
        "name": "Dalimbari",
        "place": "village"
      },
      "geometry": {
        "type": "Point",
        "coordinates": [
          92.5037093,
          26.1485227
        ]
      },
      "id": "node/11162914661"
    },
    {
      "type": "Feature",
      "properties": {
        "@id": "node/11428391449",
        "name": "Fakuagram",
        "place": "village"
      },
      "geometry": {
        "type": "Point",
        "coordinates": [
          92.4138057,
          24.6607074
        ]
      },
      "id": "node/11428391449"
    },
    {
      "type": "Feature",
      "properties": {
        "@id": "node/11428541086",
        "name": "Mahisashan",
        "place": "village"
      },
      "geometry": {
        "type": "Point",
        "coordinates": [
          92.2873878,
          24.8237427
        ]
      },
      "id": "node/11428541086"
    },
    {
      "type": "Feature",
      "properties": {
        "@id": "node/11597592478",
        "name": "Gambaribil",
        "place": "village"
      },
      "geometry": {
        "type": "Point",
        "coordinates": [
          90.0925137,
          26.502419
        ]
      },
      "id": "node/11597592478"
    },
    {
      "type": "Feature",
      "properties": {
        "@id": "node/11637836227",
        "name": "Panijani Pt II",
        "place": "village"
      },
      "geometry": {
        "type": "Point",
        "coordinates": [
          90.0473136,
          26.3716886
        ]
      },
      "id": "node/11637836227"
    },
    {
      "type": "Feature",
      "properties": {
        "@id": "node/11645320127",
        "alt_name": "Dhakhakīpāra",
        "alt_name:en": "Dhakhakipara",
        "name": "Thakthakipara",
        "place": "village",
        "source:alt_name": "SOI"
      },
      "geometry": {
        "type": "Point",
        "coordinates": [
          90.1067106,
          26.3506003
        ]
      },
      "id": "node/11645320127"
    },
    {
      "type": "Feature",
      "properties": {
        "@id": "node/11645327960",
        "name": "Bamunigaon",
        "place": "village"
      },
      "geometry": {
        "type": "Point",
        "coordinates": [
          90.1146706,
          26.3513228
        ]
      },
      "id": "node/11645327960"
    },
    {
      "type": "Feature",
      "properties": {
        "@id": "node/11664417555",
        "name": "Mowamari",
        "place": "village"
      },
      "geometry": {
        "type": "Point",
        "coordinates": [
          90.0942465,
          26.4368503
        ]
      },
      "id": "node/11664417555"
    },
    {
      "type": "Feature",
      "properties": {
        "@id": "node/11665030937",
        "name": "Kachukata",
        "place": "village"
      },
      "geometry": {
        "type": "Point",
        "coordinates": [
          90.1115155,
          26.4094942
        ]
      },
      "id": "node/11665030937"
    },
    {
      "type": "Feature",
      "properties": {
        "@id": "node/11665122068",
        "name": "Patakata",
        "place": "village"
      },
      "geometry": {
        "type": "Point",
        "coordinates": [
          90.0750998,
          26.4506702
        ]
      },
      "id": "node/11665122068"
    },
    {
      "type": "Feature",
      "properties": {
        "@id": "node/11665135788",
        "name": "Mussalmanpara",
        "place": "village"
      },
      "geometry": {
        "type": "Point",
        "coordinates": [
          90.1037131,
          26.448658
        ]
      },
      "id": "node/11665135788"
    },
    {
      "type": "Feature",
      "properties": {
        "@id": "node/11665421732",
        "name": "Mandia",
        "place": "village",
        "wikidata": "Q31213665"
      },
      "geometry": {
        "type": "Point",
        "coordinates": [
          90.9621191,
          26.2693559
        ]
      },
      "id": "node/11665421732"
    },
    {
      "type": "Feature",
      "properties": {
        "@id": "node/11665940838",
        "name": "Borka",
        "place": "village"
      },
      "geometry": {
        "type": "Point",
        "coordinates": [
          91.6655016,
          26.2833341
        ]
      },
      "id": "node/11665940838"
    },
    {
      "type": "Feature",
      "properties": {
        "@id": "node/11669949212",
        "name": "Sessamukh",
        "place": "village"
      },
      "geometry": {
        "type": "Point",
        "coordinates": [
          91.5864408,
          26.2455805
        ]
      },
      "id": "node/11669949212"
    },
    {
      "type": "Feature",
      "properties": {
        "@id": "node/11728329945",
        "name": "Ushatary",
        "place": "village"
      },
      "geometry": {
        "type": "Point",
        "coordinates": [
          90.072065,
          26.4109272
        ]
      },
      "id": "node/11728329945"
    },
    {
      "type": "Feature",
      "properties": {
        "@id": "node/11773337352",
        "name": "Silghat",
        "place": "village"
      },
      "geometry": {
        "type": "Point",
        "coordinates": [
          92.926113,
          26.6014498
        ]
      },
      "id": "node/11773337352"
    },
    {
      "type": "Feature",
      "properties": {
        "@id": "node/11907943930",
        "name": "Sāpatgrām",
        "name:en": "Sapatgram",
        "place": "hamlet",
        "source:name": "SOI"
      },
      "geometry": {
        "type": "Point",
        "coordinates": [
          90.1149702,
          26.3343262
        ]
      },
      "id": "node/11907943930"
    },
    {
      "type": "Feature",
      "properties": {
        "@id": "node/11917509984",
        "name": "Tipkai",
        "place": "hamlet",
        "source:name": "SOI"
      },
      "geometry": {
        "type": "Point",
        "coordinates": [
          90.0336832,
          26.2888412
        ]
      },
      "id": "node/11917509984"
    },
    {
      "type": "Feature",
      "properties": {
        "@id": "node/11917596006",
        "name": "Chechāpāni",
        "name:en": "Sesapani",
        "place": "hamlet",
        "source:name": "SOI"
      },
      "geometry": {
        "type": "Point",
        "coordinates": [
          90.2281594,
          26.3832583
        ]
      },
      "id": "node/11917596006"
    },
    {
      "type": "Feature",
      "properties": {
        "@id": "node/11917596007",
        "name": "Māgurmāri",
        "name:en": "Magurmari",
        "place": "hamlet",
        "source:name": "SOI"
      },
      "geometry": {
        "type": "Point",
        "coordinates": [
          90.2281165,
          26.4016144
        ]
      },
      "id": "node/11917596007"
    },
    {
      "type": "Feature",
      "properties": {
        "@id": "node/11917596008",
        "name": "Chechāpāni",
        "name:en": "Sesapani",
        "place": "hamlet",
        "source:name": "SOI"
      },
      "geometry": {
        "type": "Point",
        "coordinates": [
          90.2289963,
          26.3929268
        ]
      },
      "id": "node/11917596008"
    },
    {
      "type": "Feature",
      "properties": {
        "@id": "node/11927098334",
        "name": "Pātiladaha",
        "name:en": "Patiladaha",
        "place": "hamlet",
        "source:name": "SOI"
      },
      "geometry": {
        "type": "Point",
        "coordinates": [
          90.8007467,
          26.4970388
        ]
      },
      "id": "node/11927098334"
    },
    {
      "type": "Feature",
      "properties": {
        "@id": "node/11927098335",
        "name": "Pātiladaha",
        "name:en": "Patiladaha",
        "place": "hamlet",
        "source:name": "SOI"
      },
      "geometry": {
        "type": "Point",
        "coordinates": [
          90.8129239,
          26.5073123
        ]
      },
      "id": "node/11927098335"
    },
    {
      "type": "Feature",
      "properties": {
        "@id": "node/11927098336",
        "name": "Pātiladaha",
        "name:en": "Patiladaha",
        "place": "hamlet",
        "source:name": "SOI"
      },
      "geometry": {
        "type": "Point",
        "coordinates": [
          90.8059501,
          26.5074467
        ]
      },
      "id": "node/11927098336"
    },
    {
      "type": "Feature",
      "properties": {
        "@id": "node/11927098337",
        "name": "Pānbāri",
        "name:en": "Panbari",
        "place": "hamlet",
        "source:name": "SOI"
      },
      "geometry": {
        "type": "Point",
        "coordinates": [
          90.8327293,
          26.6165388
        ]
      },
      "id": "node/11927098337"
    },
    {
      "type": "Feature",
      "properties": {
        "@id": "node/11927098338",
        "name": "Pānbāri",
        "name:en": "Panbari",
        "place": "hamlet",
        "source:name": "SOI"
      },
      "geometry": {
        "type": "Point",
        "coordinates": [
          90.827558,
          26.5989268
        ]
      },
      "id": "node/11927098338"
    },
    {
      "type": "Feature",
      "properties": {
        "@id": "node/11927098339",
        "name": "Ulubāri",
        "name:en": "Ulubari",
        "place": "hamlet",
        "source:name": "SOI"
      },
      "geometry": {
        "type": "Point",
        "coordinates": [
          90.7698047,
          26.582665
        ]
      },
      "id": "node/11927098339"
    },
    {
      "type": "Feature",
      "properties": {
        "@id": "node/11927098340",
        "name": "Bānduguri",
        "name:en": "Banduguri",
        "place": "hamlet"
      },
      "geometry": {
        "type": "Point",
        "coordinates": [
          90.7297432,
          26.5692124
        ]
      },
      "id": "node/11927098340"
    },
    {
      "type": "Feature",
      "properties": {
        "@id": "node/11927098612",
        "name": "Barābāzār",
        "name:en": "Barabazar",
        "place": "hamlet",
        "source:name": "SOI"
      },
      "geometry": {
        "type": "Point",
        "coordinates": [
          90.6769144,
          26.5623992
        ]
      },
      "id": "node/11927098612"
    },
    {
      "type": "Feature",
      "properties": {
        "@id": "node/11927115202",
        "name": "Rāngaijhora",
        "name:en": "Rangaijhora",
        "place": "hamlet",
        "source:name": "SOI"
      },
      "geometry": {
        "type": "Point",
        "coordinates": [
          90.5860519,
          26.6461162
        ]
      },
      "id": "node/11927115202"
    },
    {
      "type": "Feature",
      "properties": {
        "@id": "node/11927115203",
        "name": "kāla Māila",
        "name:en": "Kala Maila",
        "place": "hamlet",
        "source:name": "SOI"
      },
      "geometry": {
        "type": "Point",
        "coordinates": [
          90.5652165,
          26.6924426
        ]
      },
      "id": "node/11927115203"
    },
    {
      "type": "Feature",
      "properties": {
        "@id": "node/11927115260",
        "name": "Āmteka",
        "name:en": "Amteka",
        "place": "hamlet",
        "source:name": "SOI"
      },
      "geometry": {
        "type": "Point",
        "coordinates": [
          90.5536401,
          26.7371022
        ]
      },
      "id": "node/11927115260"
    },
    {
      "type": "Feature",
      "properties": {
        "@id": "node/11927115261",
        "name": "Āmteka",
        "name:en": "Amteka",
        "place": "hamlet",
        "source:name": "SOI"
      },
      "geometry": {
        "type": "Point",
        "coordinates": [
          90.5345535,
          26.7458835
        ]
      },
      "id": "node/11927115261"
    },
    {
      "type": "Feature",
      "properties": {
        "@id": "node/11927115262",
        "name": "Āmguribāzār",
        "name:en": "Amguri bazar",
        "place": "village",
        "source:name": "SOI"
      },
      "geometry": {
        "type": "Point",
        "coordinates": [
          90.5677485,
          26.6413023
        ]
      },
      "id": "node/11927115262"
    },
    {
      "type": "Feature",
      "properties": {
        "@id": "node/11927115338",
        "name": "Amraguri",
        "name:en": "Amraguri",
        "place": "hamlet",
        "source:name": "SOI"
      },
      "geometry": {
        "type": "Point",
        "coordinates": [
          90.6661051,
          26.6074022
        ]
      },
      "id": "node/11927115338"
    },
    {
      "type": "Feature",
      "properties": {
        "@id": "node/11931556828",
        "name": "Mānikpur",
        "name:en": "Manikpur",
        "place": "hamlet",
        "source:name": "healthdate (opneGovernmentDate);SOI"
      },
      "geometry": {
        "type": "Point",
        "coordinates": [
          90.8020448,
          26.4728588
        ]
      },
      "id": "node/11931556828"
    },
    {
      "type": "Feature",
      "properties": {
        "@id": "node/11931556829",
        "name": "Mānikpur",
        "name:en": "Manikpur",
        "place": "hamlet",
        "source:name": "healthdate (opneGovernmentDate);SOI"
      },
      "geometry": {
        "type": "Point",
        "coordinates": [
          90.802238,
          26.4647336
        ]
      },
      "id": "node/11931556829"
    },
    {
      "type": "Feature",
      "properties": {
        "@id": "node/11931701529",
        "GNS:dsg_code": "PPL",
        "GNS:dsg_string": "populated place",
        "GNS:id": "-2096039",
        "GNS:uni": "-2910333;-2910309",
        "alt_name": "Garnbhasa",
        "alt_name:en": "Garnbhasa",
        "name": "Garubhāsa",
        "name:en": "Garubhasa",
        "place": "village",
        "source": "geonames.nga.mil(GNS)-country file (20210809)"
      },
      "geometry": {
        "type": "Point",
        "coordinates": [
          90.373173,
          26.5670245
        ]
      },
      "id": "node/11931701529"
    },
    {
      "type": "Feature",
      "properties": {
        "@id": "node/11931701530",
        "GNS:dsg_code": "PPL",
        "GNS:dsg_string": "populated place",
        "GNS:id": "-2113507",
        "GNS:uni": "-2933745;-2933746;13879079",
        "alt_name": "Tukrajhār;Tukra Zhar",
        "alt_name:en": "Tukrajhar;Tukra Zhar",
        "name": "Tukrajār",
        "name:en": "Tukrajar",
        "place": "village",
        "source": "geonames.nga.mil(GNS)-country file (20210809)"
      },
      "geometry": {
        "type": "Point",
        "coordinates": [
          90.4514533,
          26.6638528
        ]
      },
      "id": "node/11931701530"
    },
    {
      "type": "Feature",
      "properties": {
        "@id": "node/11931701531",
        "GNS:dsg_code": "PPL",
        "GNS:dsg_string": "populated place",
        "GNS:id": "-2091044",
        "GNS:uni": "-2903594",
        "name": "Bengtol",
        "name:en": "Bengtol",
        "place": "village",
        "source": "geonames.nga.mil(GNS)-country file (20210809)"
      },
      "geometry": {
        "type": "Point",
        "coordinates": [
          90.478785,
          26.6384253
        ]
      },
      "id": "node/11931701531"
    },
    {
      "type": "Feature",
      "properties": {
        "@id": "node/11931701532",
        "GNS:dsg_code": "PPL",
        "GNS:dsg_string": "populated place",
        "GNS:id": "-2109138",
        "GNS:uni": "-2927855",
        "name": "Rānikhata",
        "name:en": "Ranikhata",
        "place": "village",
        "source": "geonames.nga.mil(GNS)-country file (20210809)"
      },
      "geometry": {
        "type": "Point",
        "coordinates": [
          90.3840065,
          26.6335535
        ]
      },
      "id": "node/11931701532"
    },
    {
      "type": "Feature",
      "properties": {
        "@id": "node/11931701533",
        "GNS:dsg_code": "PPL",
        "GNS:dsg_string": "populated place",
        "GNS:id": "11645438",
        "GNS:uni": "13981304",
        "name": "Amguri",
        "name:en": "Amguri",
        "place": "hamlet",
        "source": "geonames.nga.mil(GNS)-country file (20210809)"
      },
      "geometry": {
        "type": "Point",
        "coordinates": [
          90.2322686,
          26.6221595
        ]
      },
      "id": "node/11931701533"
    },
    {
      "type": "Feature",
      "properties": {
        "@id": "node/11931701535",
        "GNS:dsg_code": "PPL",
        "GNS:dsg_string": "populated place",
        "GNS:id": "11645445",
        "GNS:uni": "13981352",
        "name": "Malandubi",
        "name:en": "Malandubi",
        "note": "GNS location moved into residential area",
        "place": "village",
        "source": "geonames.nga.mil(GNS)-country file (20210809);SOI"
      },
      "geometry": {
        "type": "Point",
        "coordinates": [
          90.4666829,
          26.7166146
        ]
      },
      "id": "node/11931701535"
    },
    {
      "type": "Feature",
      "properties": {
        "@id": "node/11931701536",
        "GNS:dsg_code": "PPL",
        "GNS:dsg_string": "populated place",
        "GNS:id": "-2088804",
        "GNS:uni": "-2900679",
        "name": "Āmtika",
        "name:en": "Amtika",
        "place": "village",
        "source": "geonames.nga.mil(GNS)-country file (20210809)"
      },
      "geometry": {
        "type": "Point",
        "coordinates": [
          90.5279553,
          26.7613605
        ]
      },
      "id": "node/11931701536"
    },
    {
      "type": "Feature",
      "properties": {
        "@id": "node/11931701537",
        "GNS:dsg_code": "PPL",
        "GNS:dsg_string": "populated place",
        "GNS:id": "-2094338",
        "GNS:uni": "-2908065",
        "name": "Deosri",
        "name:en": "Deosri",
        "note": "GNS location moved into residential area",
        "place": "village",
        "source": "geonames.nga.mil(GNS)-country file (20210809)"
      },
      "geometry": {
        "type": "Point",
        "coordinates": [
          90.4640436,
          26.7661502
        ]
      },
      "id": "node/11931701537"
    },
    {
      "type": "Feature",
      "properties": {
        "@id": "node/11979012240",
        "name": "Kānhibāri",
        "name:en": "Kanhibari",
        "place": "hamlet",
        "source:name": "SOI"
      },
      "geometry": {
        "type": "Point",
        "coordinates": [
          90.733037,
          26.3809515
        ]
      },
      "id": "node/11979012240"
    },
    {
      "type": "Feature",
      "properties": {
        "@id": "node/11979012241",
        "name": "Kānhibāri",
        "name:en": "Kanhibari",
        "place": "hamlet",
        "source:name": "SOI"
      },
      "geometry": {
        "type": "Point",
        "coordinates": [
          90.74368,
          26.3847768
        ]
      },
      "id": "node/11979012241"
    },
    {
      "type": "Feature",
      "properties": {
        "@id": "node/11979012242",
        "name": "Kānhibāri",
        "name:en": "Kanhibari",
        "place": "hamlet",
        "source:name": "SOI"
      },
      "geometry": {
        "type": "Point",
        "coordinates": [
          90.7535934,
          26.3800672
        ]
      },
      "id": "node/11979012242"
    },
    {
      "type": "Feature",
      "properties": {
        "@id": "node/11979012243",
        "name": "Kānhibāri",
        "name:en": "Kanhibari",
        "place": "hamlet",
        "source:name": "SOI"
      },
      "geometry": {
        "type": "Point",
        "coordinates": [
          90.7594299,
          26.3756843
        ]
      },
      "id": "node/11979012243"
    },
    {
      "type": "Feature",
      "properties": {
        "@id": "node/11979012244",
        "name": "Kirtanpāra",
        "name:en": "Kirtanpara",
        "place": "hamlet",
        "source:name": "SOI"
      },
      "geometry": {
        "type": "Point",
        "coordinates": [
          90.766983,
          26.3731851
        ]
      },
      "id": "node/11979012244"
    },
    {
      "type": "Feature",
      "properties": {
        "@id": "node/11999570521",
        "name": "Bāsugaon",
        "name:en": "Basugaon",
        "place": "village",
        "source:name": "SOI"
      },
      "geometry": {
        "type": "Point",
        "coordinates": [
          90.4203129,
          26.4636003
        ]
      },
      "id": "node/11999570521"
    },
    {
      "type": "Feature",
      "properties": {
        "@id": "node/11999697371",
        "name": "Dalāigaon",
        "name:en": "Dalaigaon",
        "place": "hamlet",
        "source:name": "SOI"
      },
      "geometry": {
        "type": "Point",
        "coordinates": [
          90.5486083,
          26.4927371
        ]
      },
      "id": "node/11999697371"
    },
    {
      "type": "Feature",
      "properties": {
        "@id": "node/11999697372",
        "name": "Dhāligaon",
        "name:en": "Dhaligaon",
        "place": "hamlet",
        "source:name": "SOI"
      },
      "geometry": {
        "type": "Point",
        "coordinates": [
          90.5226391,
          26.4958001
        ]
      },
      "id": "node/11999697372"
    },
    {
      "type": "Feature",
      "properties": {
        "@id": "node/11999697373",
        "name": "Dhāligaon",
        "name:en": "Dhaligaon",
        "place": "hamlet",
        "source:name": "SOI"
      },
      "geometry": {
        "type": "Point",
        "coordinates": [
          90.5380082,
          26.489914
        ]
      },
      "id": "node/11999697373"
    },
    {
      "type": "Feature",
      "properties": {
        "@id": "node/12015514824",
        "alt_name": "Haidhura",
        "name": "Hathidhura",
        "name:en": "Hathidhura",
        "place": "hamlet",
        "source:name": "SOI"
      },
      "geometry": {
        "type": "Point",
        "coordinates": [
          89.8561477,
          26.3230179
        ]
      },
      "id": "node/12015514824"
    },
    {
      "type": "Feature",
      "properties": {
        "@id": "node/12015514825",
        "name": "Charāikhola",
        "name:en": "Charaikhola",
        "place": "hamlet",
        "source:name": "SOI"
      },
      "geometry": {
        "type": "Point",
        "coordinates": [
          90.317831,
          26.3966845
        ]
      },
      "id": "node/12015514825"
    },
    {
      "type": "Feature",
      "properties": {
        "@id": "node/12036551525",
        "name": "Deoli",
        "name:en": "Deoli",
        "place": "hamlet",
        "source:name": "SOI"
      },
      "geometry": {
        "type": "Point",
        "coordinates": [
          90.5117655,
          26.0674232
        ]
      },
      "id": "node/12036551525"
    },
    {
      "type": "Feature",
      "properties": {
        "@id": "node/12036551526",
        "name": "Deoli",
        "name:en": "Deoli",
        "place": "hamlet",
        "source:name": "SOI"
      },
      "geometry": {
        "type": "Point",
        "coordinates": [
          90.5136108,
          26.0742848
        ]
      },
      "id": "node/12036551526"
    },
    {
      "type": "Feature",
      "properties": {
        "@id": "node/12036551527",
        "name": "Baikunthapur",
        "name:en": "Baikunthapur",
        "place": "hamlet",
        "source:name": "SOI"
      },
      "geometry": {
        "type": "Point",
        "coordinates": [
          90.5207348,
          26.0835937
        ]
      },
      "id": "node/12036551527"
    },
    {
      "type": "Feature",
      "properties": {
        "@id": "node/12051457967",
        "name": "Kālāpāni",
        "name:en": "Kalapani",
        "place": "hamlet",
        "source:name": "SOI"
      },
      "geometry": {
        "type": "Point",
        "coordinates": [
          91.003983,
          26.6212962
        ]
      },
      "id": "node/12051457967"
    },
    {
      "type": "Feature",
      "properties": {
        "@id": "node/12051457968",
        "name": "Kurijhār",
        "name:en": "Kurijhar",
        "place": "hamlet",
        "source:name": "SOI"
      },
      "geometry": {
        "type": "Point",
        "coordinates": [
          90.9921813,
          26.6279525
        ]
      },
      "id": "node/12051457968"
    },
    {
      "type": "Feature",
      "properties": {
        "@id": "node/12051475369",
        "name": "Sonbāri",
        "name:en": "Sonbari",
        "place": "hamlet",
        "source:name": "SOI"
      },
      "geometry": {
        "type": "Point",
        "coordinates": [
          90.9948635,
          26.6227158
        ]
      },
      "id": "node/12051475369"
    },
    {
      "type": "Feature",
      "properties": {
        "@id": "node/12051475373",
        "name": "Māyangpāra",
        "name:en": "Mayangpara",
        "place": "hamlet",
        "source:name": "SOI"
      },
      "geometry": {
        "type": "Point",
        "coordinates": [
          91.0152268,
          26.6477656
        ]
      },
      "id": "node/12051475373"
    },
    {
      "type": "Feature",
      "properties": {
        "@id": "node/12051475374",
        "name": "Rupasi Bāzār",
        "name:en": "Rupasi Bazar",
        "place": "hamlet",
        "source:name": "SOI"
      },
      "geometry": {
        "type": "Point",
        "coordinates": [
          91.101079,
          26.6673451
        ]
      },
      "id": "node/12051475374"
    },
    {
      "type": "Feature",
      "properties": {
        "@id": "node/12051475375",
        "name": "Silbāri",
        "name:en": "Silbari",
        "place": "hamlet",
        "source:name": "SOI"
      },
      "geometry": {
        "type": "Point",
        "coordinates": [
          91.1845064,
          26.6559737
        ]
      },
      "id": "node/12051475375"
    },
    {
      "type": "Feature",
      "properties": {
        "@id": "node/12051475376",
        "name": "Jalah",
        "place": "hamlet",
        "source:name": "SOI"
      },
      "geometry": {
        "type": "Point",
        "coordinates": [
          91.2074661,
          26.641705
        ]
      },
      "id": "node/12051475376"
    },
    {
      "type": "Feature",
      "properties": {
        "@id": "node/12051475377",
        "name": "Jārtāluk",
        "name:en": "Jartaluk",
        "place": "hamlet",
        "source:name": "SOI"
      },
      "geometry": {
        "type": "Point",
        "coordinates": [
          91.5003848,
          26.5900622
        ]
      },
      "id": "node/12051475377"
    },
    {
      "type": "Feature",
      "properties": {
        "@id": "node/12051475378",
        "name": "Jārtāluk",
        "name:en": "Jartaluk",
        "place": "hamlet",
        "source:name": "SOI"
      },
      "geometry": {
        "type": "Point",
        "coordinates": [
          91.492188,
          26.5953197
        ]
      },
      "id": "node/12051475378"
    },
    {
      "type": "Feature",
      "properties": {
        "@id": "node/12051475379",
        "name": "Khāgrābārigaon",
        "name:en": "Khagrabarigaon",
        "place": "hamlet",
        "source:name": "SOI"
      },
      "geometry": {
        "type": "Point",
        "coordinates": [
          91.461482,
          26.6231378
        ]
      },
      "id": "node/12051475379"
    },
    {
      "type": "Feature",
      "properties": {
        "@id": "node/12051475380",
        "name": "Bagānpāra",
        "name:en": "Baganpara",
        "place": "hamlet",
        "source:name": "SOI"
      },
      "geometry": {
        "type": "Point",
        "coordinates": [
          91.4524698,
          26.6332466
        ]
      },
      "id": "node/12051475380"
    },
    {
      "type": "Feature",
      "properties": {
        "@id": "node/12051475381",
        "name": "Bagānpāra",
        "name:en": "Baganpara",
        "place": "hamlet",
        "source:name": "SOI"
      },
      "geometry": {
        "type": "Point",
        "coordinates": [
          91.4533281,
          26.6410913
        ]
      },
      "id": "node/12051475381"
    },
    {
      "type": "Feature",
      "properties": {
        "@id": "node/12051475382",
        "name": "Bagānpāra",
        "name:en": "Baganpara",
        "place": "hamlet",
        "source:name": "SOI"
      },
      "geometry": {
        "type": "Point",
        "coordinates": [
          91.4440369,
          26.6448504
        ]
      },
      "id": "node/12051475382"
    },
    {
      "type": "Feature",
      "properties": {
        "@id": "node/12051475396",
        "name": "Dhanbīl",
        "name:en": "Dhanbil",
        "place": "hamlet",
        "source:name": "SOI"
      },
      "geometry": {
        "type": "Point",
        "coordinates": [
          91.3989758,
          26.6524834
        ]
      },
      "id": "node/12051475396"
    },
    {
      "type": "Feature",
      "properties": {
        "@id": "node/12051475397",
        "name": "Kātāligaon",
        "name:en": "Kataligaopn",
        "place": "hamlet",
        "source:name": "SOI"
      },
      "geometry": {
        "type": "Point",
        "coordinates": [
          91.3608241,
          26.6612472
        ]
      },
      "id": "node/12051475397"
    },
    {
      "type": "Feature",
      "properties": {
        "@id": "node/12051475398",
        "name": "Ghorāmāra",
        "name:en": "Ghoramara",
        "place": "hamlet",
        "source:name": "SOI"
      },
      "geometry": {
        "type": "Point",
        "coordinates": [
          91.4858794,
          26.589122
        ]
      },
      "id": "node/12051475398"
    },
    {
      "type": "Feature",
      "properties": {
        "@id": "node/12051475399",
        "name": "Kadamtola",
        "name:en": "Kadamtola",
        "place": "hamlet",
        "source:name": "SOI"
      },
      "geometry": {
        "type": "Point",
        "coordinates": [
          91.4828539,
          26.6071576
        ]
      },
      "id": "node/12051475399"
    },
    {
      "type": "Feature",
      "properties": {
        "@id": "node/12051475400",
        "name": "Kadamtola",
        "name:en": "Kadamtola",
        "place": "hamlet",
        "source:name": "SOI"
      },
      "geometry": {
        "type": "Point",
        "coordinates": [
          91.4833259,
          26.6151
        ]
      },
      "id": "node/12051475400"
    },
    {
      "type": "Feature",
      "properties": {
        "@id": "node/12051475401",
        "name": "Simlābāri",
        "name:en": "Simlabari",
        "place": "hamlet",
        "source:name": "SOI"
      },
      "geometry": {
        "type": "Point",
        "coordinates": [
          91.4634132,
          26.689682
        ]
      },
      "id": "node/12051475401"
    },
    {
      "type": "Feature",
      "properties": {
        "@id": "node/12051475402",
        "name": "Simlābāri",
        "name:en": "Simlabari",
        "place": "hamlet",
        "source:name": "SOI"
      },
      "geometry": {
        "type": "Point",
        "coordinates": [
          91.4488649,
          26.6853875
        ]
      },
      "id": "node/12051475402"
    },
    {
      "type": "Feature",
      "properties": {
        "@id": "node/12051475403",
        "name": "Simlābāri",
        "name:en": "Simlabari",
        "place": "hamlet",
        "source:name": "SOI"
      },
      "geometry": {
        "type": "Point",
        "coordinates": [
          91.4465475,
          26.6993823
        ]
      },
      "id": "node/12051475403"
    },
    {
      "type": "Feature",
      "properties": {
        "@id": "node/12051475404",
        "name": "Simlābāri",
        "name:en": "Simlabari",
        "place": "hamlet",
        "source:name": "SOI"
      },
      "geometry": {
        "type": "Point",
        "coordinates": [
          91.4510107,
          26.6913307
        ]
      },
      "id": "node/12051475404"
    },
    {
      "type": "Feature",
      "properties": {
        "@id": "node/12051475516",
        "name": "Simlāguri",
        "name:en": "Simlaguri",
        "place": "hamlet",
        "source:name": "SOI"
      },
      "geometry": {
        "type": "Point",
        "coordinates": [
          90.5033755,
          26.4644263
        ]
      },
      "id": "node/12051475516"
    },
    {
      "type": "Feature",
      "properties": {
        "@id": "node/12081695763",
        "name": "Bor Dhania",
        "name:en": "Bor Dhania",
        "place": "hamlet",
        "source:name": "SOI"
      },
      "geometry": {
        "type": "Point",
        "coordinates": [
          95.8671712,
          27.8632845
        ]
      },
      "id": "node/12081695763"
    },
    {
      "type": "Feature",
      "properties": {
        "@id": "node/12081695764",
        "name": "Napātia",
        "name:en": "Napatia",
        "place": "hamlet",
        "source:name": "SOI"
      },
      "geometry": {
        "type": "Point",
        "coordinates": [
          95.8485031,
          27.8644227
        ]
      },
      "id": "node/12081695764"
    },
    {
      "type": "Feature",
      "properties": {
        "@id": "node/12081695765",
        "name": "Telikola",
        "name:en": "Teklikola",
        "place": "hamlet",
        "source:name": "SOI"
      },
      "geometry": {
        "type": "Point",
        "coordinates": [
          95.7963395,
          27.8702083
        ]
      },
      "id": "node/12081695765"
    },
    {
      "type": "Feature",
      "properties": {
        "@id": "node/12081695766",
        "name": "Majuli",
        "name:en": "Majuli",
        "place": "hamlet",
        "source:name": "SOI"
      },
      "geometry": {
        "type": "Point",
        "coordinates": [
          95.7911253,
          27.8712326
        ]
      },
      "id": "node/12081695766"
    },
    {
      "type": "Feature",
      "properties": {
        "@id": "node/12081695767",
        "name": "Mājhgaon",
        "name:en": "Majhgaon",
        "place": "hamlet",
        "source:name": "SOI"
      },
      "geometry": {
        "type": "Point",
        "coordinates": [
          95.7837653,
          27.8835236
        ]
      },
      "id": "node/12081695767"
    },
    {
      "type": "Feature",
      "properties": {
        "@id": "node/12081695768",
        "name": "Napātia Āhmogaon",
        "name:en": "Napatia Ahmogaon",
        "place": "hamlet",
        "source:name": "SOI"
      },
      "geometry": {
        "type": "Point",
        "coordinates": [
          95.8847666,
          27.8639105
        ]
      },
      "id": "node/12081695768"
    },
    {
      "type": "Feature",
      "properties": {
        "@id": "node/12081734869",
        "name": "Napātia Limbugaon",
        "name:en": "Napatia Limbugaon",
        "place": "hamlet",
        "source:name": "SOI"
      },
      "geometry": {
        "type": "Point",
        "coordinates": [
          95.8888006,
          27.8753867
        ]
      },
      "id": "node/12081734869"
    },
    {
      "type": "Feature",
      "properties": {
        "@id": "node/12081734870",
        "name": "Napātia Limbugaon",
        "name:en": "Napatia Limbugaon",
        "place": "hamlet",
        "source:name": "SOI"
      },
      "geometry": {
        "type": "Point",
        "coordinates": [
          95.8863759,
          27.8882082
        ]
      },
      "id": "node/12081734870"
    },
    {
      "type": "Feature",
      "properties": {
        "@id": "node/12081734871",
        "name": "Napātia Limbugaon",
        "name:en": "Napatia Limbugaon",
        "place": "hamlet",
        "source:name": "SOI"
      },
      "geometry": {
        "type": "Point",
        "coordinates": [
          95.8833718,
          27.9007248
        ]
      },
      "id": "node/12081734871"
    },
    {
      "type": "Feature",
      "properties": {
        "@id": "node/12081734872",
        "name": "Tokājān",
        "name:en": "Tokajan",
        "place": "hamlet",
        "source:name": "SOI"
      },
      "geometry": {
        "type": "Point",
        "coordinates": [
          95.8354783,
          27.9178284
        ]
      },
      "id": "node/12081734872"
    },
    {
      "type": "Feature",
      "properties": {
        "@id": "node/12081734873",
        "name": "Ambikāpur",
        "name:en": "Ambikapur",
        "place": "hamlet",
        "source:name": "SOI"
      },
      "geometry": {
        "type": "Point",
        "coordinates": [
          95.8763981,
          27.9089167
        ]
      },
      "id": "node/12081734873"
    },
    {
      "type": "Feature",
      "properties": {
        "@id": "node/12081734874",
        "name": "Limbu Basti",
        "name:en": "Limbu Basti",
        "place": "hamlet",
        "source:name": "SOI"
      },
      "geometry": {
        "type": "Point",
        "coordinates": [
          95.8555841,
          27.9154584
        ]
      },
      "id": "node/12081734874"
    },
    {
      "type": "Feature",
      "properties": {
        "@id": "node/12081734875",
        "name": "Ambikāpur",
        "name:en": "Ambikapur",
        "place": "hamlet",
        "source:name": "SOI"
      },
      "geometry": {
        "type": "Point",
        "coordinates": [
          95.8872986,
          27.9163874
        ]
      },
      "id": "node/12081734875"
    },
    {
      "type": "Feature",
      "properties": {
        "@id": "node/12081734876",
        "name": "Ambikāpur",
        "name:en": "Ambikapur",
        "place": "hamlet",
        "source:name": "SOI"
      },
      "geometry": {
        "type": "Point",
        "coordinates": [
          95.8758402,
          27.9229287
        ]
      },
      "id": "node/12081734876"
    },
    {
      "type": "Feature",
      "properties": {
        "@id": "node/12081736810",
        "name": "Bor Dhania",
        "name:en": "Bor Dhania",
        "place": "hamlet",
        "source:name": "SOI"
      },
      "geometry": {
        "type": "Point",
        "coordinates": [
          95.8827925,
          27.8515794
        ]
      },
      "id": "node/12081736810"
    },
    {
      "type": "Feature",
      "properties": {
        "@id": "node/12081736811",
        "name": "Sunpura",
        "name:en": "Sunpura",
        "place": "hamlet",
        "source:name": "SOI"
      },
      "geometry": {
        "type": "Point",
        "coordinates": [
          95.8641028,
          27.8382982
        ]
      },
      "id": "node/12081736811"
    },
    {
      "type": "Feature",
      "properties": {
        "@id": "node/12081736812",
        "name": "Kukuramora",
        "name:en": "Kukuramora",
        "place": "hamlet",
        "source:name": "SOI"
      },
      "geometry": {
        "type": "Point",
        "coordinates": [
          95.8121109,
          27.8562464
        ]
      },
      "id": "node/12081736812"
    },
    {
      "type": "Feature",
      "properties": {
        "@id": "node/12081736813",
        "name": "Hollogaon",
        "name:en": "Hollogaon",
        "place": "hamlet",
        "source:name": "SOI"
      },
      "geometry": {
        "type": "Point",
        "coordinates": [
          95.7965112,
          27.8543493
        ]
      },
      "id": "node/12081736813"
    },
    {
      "type": "Feature",
      "properties": {
        "@id": "node/12081736814",
        "name": "Hollogaon",
        "name:en": "Hollogaon",
        "place": "hamlet",
        "source:name": "SOI"
      },
      "geometry": {
        "type": "Point",
        "coordinates": [
          95.7881856,
          27.8583901
        ]
      },
      "id": "node/12081736814"
    },
    {
      "type": "Feature",
      "properties": {
        "@id": "node/12083006313",
        "place": "hamlet"
      },
      "geometry": {
        "type": "Point",
        "coordinates": [
          92.7670805,
          26.239965
        ]
      },
      "id": "node/12083006313"
    },
    {
      "type": "Feature",
      "properties": {
        "@id": "node/12083006348",
        "place": "village"
      },
      "geometry": {
        "type": "Point",
        "coordinates": [
          92.7522766,
          26.2434505
        ]
      },
      "id": "node/12083006348"
    },
    {
      "type": "Feature",
      "properties": {
        "@id": "node/12083607347",
        "place": "village"
      },
      "geometry": {
        "type": "Point",
        "coordinates": [
          92.78229,
          26.2388985
        ]
      },
      "id": "node/12083607347"
    },
    {
      "type": "Feature",
      "properties": {
        "@id": "node/12083639098",
        "place": "village"
      },
      "geometry": {
        "type": "Point",
        "coordinates": [
          92.7823057,
          26.2347136
        ]
      },
      "id": "node/12083639098"
    },
    {
      "type": "Feature",
      "properties": {
        "@id": "node/12083852116",
        "alt_name": "Pengeri",
        "name": "Pengri Chārāli",
        "name:en": "Pengri Charali",
        "place": "hamlet",
        "source:name": "SOI"
      },
      "geometry": {
        "type": "Point",
        "coordinates": [
          95.7587242,
          27.4403261
        ]
      },
      "id": "node/12083852116"
    },
    {
      "type": "Feature",
      "properties": {
        "@id": "node/12086052752",
        "name": "Pātidoi Gosala",
        "name:en": "Patidoi Gosala",
        "place": "hamlet",
        "source:name": "SOI"
      },
      "geometry": {
        "type": "Point",
        "coordinates": [
          95.695864,
          27.8483067
        ]
      },
      "id": "node/12086052752"
    },
    {
      "type": "Feature",
      "properties": {
        "@id": "node/12086070242",
        "name": "Burāburi Deopānigaon",
        "name:en": "Buraburi Deopanigaon",
        "place": "hamlet",
        "source:name": "SOI"
      },
      "geometry": {
        "type": "Point",
        "coordinates": [
          95.6968617,
          27.9289766
        ]
      },
      "id": "node/12086070242"
    },
    {
      "type": "Feature",
      "properties": {
        "@id": "node/12086070243",
        "name": "Dupāani Bargaon",
        "name:en": "Dupani Bargaon",
        "place": "hamlet",
        "source:name": "SOI"
      },
      "geometry": {
        "type": "Point",
        "coordinates": [
          95.7046723,
          27.8713654
        ]
      },
      "id": "node/12086070243"
    },
    {
      "type": "Feature",
      "properties": {
        "@id": "node/12086070244",
        "name": "Jhiyāgaon",
        "name:en": "Jhiyagaon",
        "place": "hamlet",
        "source:name": "SOI"
      },
      "geometry": {
        "type": "Point",
        "coordinates": [
          95.6679797,
          27.8737554
        ]
      },
      "id": "node/12086070244"
    },
    {
      "type": "Feature",
      "properties": {
        "@id": "node/12086070245",
        "name": "Borgora",
        "name:en": "Borgora",
        "place": "hamlet",
        "source:name": "SOI"
      },
      "geometry": {
        "type": "Point",
        "coordinates": [
          95.7026338,
          27.9083099
        ]
      },
      "id": "node/12086070245"
    },
    {
      "type": "Feature",
      "properties": {
        "@id": "node/12086070246",
        "name": "Kundilnagar (Islāmpur)",
        "name:en": "Kundlinagar (Islampur)",
        "place": "hamlet",
        "source:name": "SOI"
      },
      "geometry": {
        "type": "Point",
        "coordinates": [
          95.7428026,
          27.8771886
        ]
      },
      "id": "node/12086070246"
    },
    {
      "type": "Feature",
      "properties": {
        "@id": "node/12086070247",
        "name": "Bājalgaon",
        "name:en": "Bajalgaon",
        "place": "hamlet",
        "source:name": "SOI"
      },
      "geometry": {
        "type": "Point",
        "coordinates": [
          95.674417,
          27.8474814
        ]
      },
      "id": "node/12086070247"
    },
    {
      "type": "Feature",
      "properties": {
        "@id": "node/12086070248",
        "name": "Kundligaon",
        "name:en": "Kundligaon",
        "place": "hamlet",
        "source:name": "SOI"
      },
      "geometry": {
        "type": "Point",
        "coordinates": [
          95.6688595,
          27.8348448
        ]
      },
      "id": "node/12086070248"
    },
    {
      "type": "Feature",
      "properties": {
        "@id": "node/12086070249",
        "name": "Ghurmura Muluk Chapāri",
        "name:en": "Ghurmura Muluk Capari",
        "place": "hamlet",
        "source:name": "SOI"
      },
      "geometry": {
        "type": "Point",
        "coordinates": [
          95.6627869,
          27.8370648
        ]
      },
      "id": "node/12086070249"
    },
    {
      "type": "Feature",
      "properties": {
        "@id": "node/12086070250",
        "name": "Dibāng Chāpari",
        "name:en": "Dibang Chapari",
        "place": "hamlet",
        "source:name": "SOI"
      },
      "geometry": {
        "type": "Point",
        "coordinates": [
          95.6316948,
          27.8215805
        ]
      },
      "id": "node/12086070250"
    },
    {
      "type": "Feature",
      "properties": {
        "@id": "node/12086070251",
        "name": "Chandrāpurgaon",
        "name:en": "Chandrapurgaon",
        "place": "hamlet",
        "source:name": "SOI"
      },
      "geometry": {
        "type": "Point",
        "coordinates": [
          95.7047152,
          27.8585799
        ]
      },
      "id": "node/12086070251"
    },
    {
      "type": "Feature",
      "properties": {
        "@id": "node/12086123173",
        "alt_name": "Bargolaāi",
        "alt_name:en": "Bargolaāi",
        "name": "Bargolai",
        "name:en": "Bargolai",
        "place": "hamlet",
        "source:name": "SOI"
      },
      "geometry": {
        "type": "Point",
        "coordinates": [
          95.7082665,
          27.2840972
        ]
      },
      "id": "node/12086123173"
    },
    {
      "type": "Feature",
      "properties": {
        "@id": "node/12086123174",
        "name": "Bargolaāi",
        "name:en": "Bargolai",
        "place": "hamlet",
        "source:name": "SOI"
      },
      "geometry": {
        "type": "Point",
        "coordinates": [
          95.7070756,
          27.2748954
        ]
      },
      "id": "node/12086123174"
    },
    {
      "type": "Feature",
      "properties": {
        "@id": "node/12086123175",
        "name": "Bānsbān",
        "name:en": "Bansban",
        "place": "hamlet",
        "source:name": "SOI"
      },
      "geometry": {
        "type": "Point",
        "coordinates": [
          95.6991845,
          27.2687254
        ]
      },
      "id": "node/12086123175"
    },
    {
      "type": "Feature",
      "properties": {
        "@id": "node/12086123176",
        "name": "Nāmdāng",
        "name:en": "Namdang",
        "place": "hamlet",
        "source:name": "SOI"
      },
      "geometry": {
        "type": "Point",
        "coordinates": [
          95.701915,
          27.2635947
        ]
      },
      "id": "node/12086123176"
    },
    {
      "type": "Feature",
      "properties": {
        "@id": "node/12086214445",
        "name": "Baghjan Gaon",
        "place": "hamlet"
      },
      "geometry": {
        "type": "Point",
        "coordinates": [
          95.4045009,
          27.6062793
        ]
      },
      "id": "node/12086214445"
    },
    {
      "type": "Feature",
      "properties": {
        "@id": "node/12086256647",
        "name": "Philobari",
        "name:en": "Philobari",
        "place": "hamlet",
        "source:name": "SOI"
      },
      "geometry": {
        "type": "Point",
        "coordinates": [
          95.7265162,
          27.5501904
        ]
      },
      "id": "node/12086256647"
    },
    {
      "type": "Feature",
      "properties": {
        "@id": "node/12086256648",
        "alt_name": "Philobari Ghurmi)",
        "name": "Bishunpur",
        "place": "hamlet",
        "source:name": "SOI"
      },
      "geometry": {
        "type": "Point",
        "coordinates": [
          95.6905961,
          27.5541665
        ]
      },
      "id": "node/12086256648"
    },
    {
      "type": "Feature",
      "properties": {
        "@id": "node/12089656704",
        "name": "Saikhoaghat",
        "name:en": "Saikhoaghat",
        "name:zh": "赛考卡德",
        "place": "hamlet",
        "source:name": "SOI"
      },
      "geometry": {
        "type": "Point",
        "coordinates": [
          95.5970728,
          27.7684121
        ]
      },
      "id": "node/12089656704"
    },
    {
      "type": "Feature",
      "properties": {
        "@id": "node/12089659247",
        "name": "Lāhoāl Pātra",
        "name:en": "Lahoal Patra",
        "place": "hamlet",
        "source:name": "SOI"
      },
      "geometry": {
        "type": "Point",
        "coordinates": [
          95.0074375,
          27.4564262
        ]
      },
      "id": "node/12089659247"
    },
    {
      "type": "Feature",
      "properties": {
        "@id": "node/12089659248",
        "name": "Nij Lahoāl",
        "name:en": "Nij Lahoal",
        "place": "hamlet",
        "source:name": "SOI"
      },
      "geometry": {
        "type": "Point",
        "coordinates": [
          94.98775,
          27.4565262
        ]
      },
      "id": "node/12089659248"
    },
    {
      "type": "Feature",
      "properties": {
        "@id": "node/12090132459",
        "name": "Sankalāgaon",
        "name:en": "Sankalagaon",
        "place": "hamlet",
        "source:name": "SOI"
      },
      "geometry": {
        "type": "Point",
        "coordinates": [
          93.8105392,
          26.6191094
        ]
      },
      "id": "node/12090132459"
    },
    {
      "type": "Feature",
      "properties": {
        "@id": "node/12090132460",
        "name": "Khimtāi",
        "name:en": "Khumtai",
        "place": "hamlet",
        "source:name": "SOI"
      },
      "geometry": {
        "type": "Point",
        "coordinates": [
          93.8519096,
          26.5944179
        ]
      },
      "id": "node/12090132460"
    },
    {
      "type": "Feature",
      "properties": {
        "@id": "node/12090132461",
        "name": "Sonārigaon",
        "name:en": "Sonarigaon",
        "place": "hamlet",
        "source:name": "SOI"
      },
      "geometry": {
        "type": "Point",
        "coordinates": [
          93.760221,
          26.633822
        ]
      },
      "id": "node/12090132461"
    },
    {
      "type": "Feature",
      "properties": {
        "@id": "node/12090132462",
        "name": "Kamārgaom",
        "name:en": "Kamargaon",
        "place": "village",
        "source:name": "SOI"
      },
      "geometry": {
        "type": "Point",
        "coordinates": [
          93.7627959,
          26.6353948
        ]
      },
      "id": "node/12090132462"
    },
    {
      "type": "Feature",
      "properties": {
        "@id": "node/12091744564",
        "name": "Kamarbandha",
        "name:en": "Kamarbandha",
        "place": "hamlet",
        "source:name": "already existing health data (PHC)"
      },
      "geometry": {
        "type": "Point",
        "coordinates": [
          94.0550923,
          26.5312355
        ]
      },
      "id": "node/12091744564"
    },
    {
      "type": "Feature",
      "properties": {
        "@id": "node/12091744565",
        "name": "Kamarband Ali",
        "name:en": "Kamarband Ali",
        "place": "hamlet",
        "source:name": "SOI"
      },
      "geometry": {
        "type": "Point",
        "coordinates": [
          94.0574741,
          26.5290469
        ]
      },
      "id": "node/12091744565"
    },
    {
      "type": "Feature",
      "properties": {
        "@id": "node/12091863496",
        "name": "Bebejiāgaon",
        "name:en": "Bebejiagaon",
        "place": "hamlet",
        "source:name": "SOI"
      },
      "geometry": {
        "type": "Point",
        "coordinates": [
          94.1744828,
          26.587088
        ]
      },
      "id": "node/12091863496"
    },
    {
      "type": "Feature",
      "properties": {
        "@id": "node/12091863497",
        "alt_name": "Mājgaon",
        "name": "Kumārgaon",
        "name:en": "Kumargaon",
        "place": "hamlet",
        "source:name": "SOI"
      },
      "geometry": {
        "type": "Point",
        "coordinates": [
          94.1811132,
          26.5826554
        ]
      },
      "id": "node/12091863497"
    },
    {
      "type": "Feature",
      "properties": {
        "@id": "node/12091863498",
        "name": "Bagiāelengi Satra",
        "name:en": "Bagiaelengi Satra",
        "place": "hamlet",
        "source:name": "SOI"
      },
      "geometry": {
        "type": "Point",
        "coordinates": [
          94.1189718,
          26.5490498
        ]
      },
      "id": "node/12091863498"
    },
    {
      "type": "Feature",
      "properties": {
        "@id": "node/12091863499",
        "alt_name": "Bharaluāgaon",
        "name": "Birina Sāyak",
        "name:en": "Birina Sayak",
        "place": "village",
        "source:name": "SOI"
      },
      "geometry": {
        "type": "Point",
        "coordinates": [
          94.1401291,
          26.5501823
        ]
      },
      "id": "node/12091863499"
    },
    {
      "type": "Feature",
      "properties": {
        "@id": "node/12096003944",
        "name": "Hemelāigaon",
        "name:en": "Hemelaigaon",
        "place": "hamlet",
        "source:name": "SOI"
      },
      "geometry": {
        "type": "Point",
        "coordinates": [
          94.462552,
          26.7465302
        ]
      },
      "id": "node/12096003944"
    },
    {
      "type": "Feature",
      "properties": {
        "@id": "node/12096003988",
        "alt_name": "Simalugiri",
        "name": "Simaluguri",
        "name:as": "শিমলুগুৰি",
        "name:hi": "शिमलुगुड़ी",
        "place": "village",
        "postal_code": "785686",
        "source": "AND",
        "wikidata": "Q7517346"
      },
      "geometry": {
        "type": "Point",
        "coordinates": [
          94.7556049,
          26.9202285
        ]
      },
      "id": "node/12096003988"
    },
    {
      "type": "Feature",
      "properties": {
        "@id": "node/12097814915",
        "name": "Jojoli Panchali",
        "place": "hamlet"
      },
      "geometry": {
        "type": "Point",
        "coordinates": [
          94.9386227,
          27.0689473
        ]
      },
      "id": "node/12097814915"
    },
    {
      "type": "Feature",
      "properties": {
        "@id": "node/12101473804",
        "alt_name": "Tingkhong",
        "name": "Tingkhang",
        "name:en": "Tingkhang",
        "place": "hamlet",
        "source:name": "SOI"
      },
      "geometry": {
        "type": "Point",
        "coordinates": [
          95.1727366,
          27.23229
        ]
      },
      "id": "node/12101473804"
    },
    {
      "type": "Feature",
      "properties": {
        "@id": "node/12101473809",
        "name": "Rājgarh ,786611",
        "name:en": "Rajgarh",
        "place": "hamlet",
        "source:name": "SOI"
      },
      "geometry": {
        "type": "Point",
        "coordinates": [
          95.1065585,
          27.1812937
        ]
      },
      "id": "node/12101473809"
    },
    {
      "type": "Feature",
      "properties": {
        "@id": "node/12101473810",
        "name": "Rājgarhgaon",
        "name:en": "Rajgarhgaon",
        "place": "hamlet",
        "source:name": "SOI"
      },
      "geometry": {
        "type": "Point",
        "coordinates": [
          94.8694217,
          27.02072
        ]
      },
      "id": "node/12101473810"
    },
    {
      "type": "Feature",
      "properties": {
        "@id": "node/12101473859",
        "name": "Pithāguti Grant",
        "name:en": "Pithaguti Grant",
        "place": "hamlet",
        "source:name": "SOI"
      },
      "geometry": {
        "type": "Point",
        "coordinates": [
          95.0306171,
          27.1615979
        ]
      },
      "id": "node/12101473859"
    },
    {
      "type": "Feature",
      "properties": {
        "@id": "node/12101473860",
        "name": "Nanābāt Namke",
        "name:en": "Nanabat nanke",
        "place": "hamlet",
        "source:name": "SOI"
      },
      "geometry": {
        "type": "Point",
        "coordinates": [
          95.0585389,
          27.1727658
        ]
      },
      "id": "node/12101473860"
    },
    {
      "type": "Feature",
      "properties": {
        "@id": "node/12102166434",
        "name": "Nām Hulung",
        "name:en": "Nam Hulung",
        "place": "hamlet",
        "source:name": "SOI"
      },
      "geometry": {
        "type": "Point",
        "coordinates": [
          95.7758474,
          27.5749765
        ]
      },
      "id": "node/12102166434"
    },
    {
      "type": "Feature",
      "properties": {
        "@id": "node/12102166435",
        "alt_name": "Borhollong na Gaon",
        "name": "Bara Hulung",
        "name:en": "Bara Hulung",
        "place": "village",
        "source:name": "SOI"
      },
      "geometry": {
        "type": "Point",
        "coordinates": [
          95.8091283,
          27.5298894
        ]
      },
      "id": "node/12102166435"
    },
    {
      "type": "Feature",
      "properties": {
        "@id": "node/12102166436",
        "name": "Tālpātāgaon",
        "name:en": "Talpatagaon",
        "place": "hamlet",
        "source:name": "SOI"
      },
      "geometry": {
        "type": "Point",
        "coordinates": [
          95.8439111,
          27.5478884
        ]
      },
      "id": "node/12102166436"
    },
    {
      "type": "Feature",
      "properties": {
        "@id": "node/12102166437",
        "name": "Morābāri",
        "name:en": "Morabari",
        "place": "hamlet",
        "source:name": "SOI"
      },
      "geometry": {
        "type": "Point",
        "coordinates": [
          95.7559776,
          27.6206155
        ]
      },
      "id": "node/12102166437"
    },
    {
      "type": "Feature",
      "properties": {
        "@id": "node/12102166438",
        "name": "Morābāri",
        "name:en": "Morabari",
        "place": "hamlet",
        "source:name": "SOI"
      },
      "geometry": {
        "type": "Point",
        "coordinates": [
          95.7649684,
          27.6230491
        ]
      },
      "id": "node/12102166438"
    },
    {
      "type": "Feature",
      "properties": {
        "@id": "node/12102166439",
        "name": "Honjāngoan",
        "name:en": "Honjangoan",
        "place": "hamlet",
        "source:name": "SOI"
      },
      "geometry": {
        "type": "Point",
        "coordinates": [
          95.7665348,
          27.637136
        ]
      },
      "id": "node/12102166439"
    },
    {
      "type": "Feature",
      "properties": {
        "@id": "node/12102166440",
        "name": "Tongāna",
        "name:en": "Tongana",
        "place": "hamlet",
        "source:name": "SOI"
      },
      "geometry": {
        "type": "Point",
        "coordinates": [
          95.7542181,
          27.6017537
        ]
      },
      "id": "node/12102166440"
    },
    {
      "type": "Feature",
      "properties": {
        "@id": "node/12102166441",
        "name": "Tinalingaon",
        "name:en": "Tinalingaon",
        "place": "village",
        "source:name": "SOI"
      },
      "geometry": {
        "type": "Point",
        "coordinates": [
          95.7695603,
          27.5958017
        ]
      },
      "id": "node/12102166441"
    },
    {
      "type": "Feature",
      "properties": {
        "@id": "node/12102166442",
        "name": "Bātoni",
        "name:en": "Batoni",
        "place": "village",
        "source:name": "SOI"
      },
      "geometry": {
        "type": "Point",
        "coordinates": [
          95.7591104,
          27.6078956
        ]
      },
      "id": "node/12102166442"
    },
    {
      "type": "Feature",
      "properties": {
        "@id": "node/12102166443",
        "name": "Kailāshpu",
        "name:en": "Kailashpur",
        "place": "village",
        "source:name": "SOI"
      },
      "geometry": {
        "type": "Point",
        "coordinates": [
          95.7787871,
          27.6087702
        ]
      },
      "id": "node/12102166443"
    },
    {
      "type": "Feature",
      "properties": {
        "@id": "node/12102225945",
        "name": "Nāmghar",
        "name:en": "Namghar",
        "place": "hamlet",
        "source:name": "SOI"
      },
      "geometry": {
        "type": "Point",
        "coordinates": [
          95.7013249,
          27.435927
        ]
      },
      "id": "node/12102225945"
    },
    {
      "type": "Feature",
      "properties": {
        "@id": "node/12102225946",
        "name": "Dhekiājān Bangaon",
        "name:en": "Dhekiajan Bangaon",
        "place": "hamlet",
        "source:name": "SOI"
      },
      "geometry": {
        "type": "Point",
        "coordinates": [
          95.6864118,
          27.4351462
        ]
      },
      "id": "node/12102225946"
    },
    {
      "type": "Feature",
      "properties": {
        "@id": "node/12102225947",
        "name": "Pānbāri (No 2)",
        "place": "hamlet",
        "source:name": "SOI"
      },
      "geometry": {
        "type": "Point",
        "coordinates": [
          95.6410718,
          27.4221381
        ]
      },
      "id": "node/12102225947"
    },
    {
      "type": "Feature",
      "properties": {
        "@id": "node/12102225950",
        "name": "Bhimpāthar Bangaon",
        "name:en": "Bhimpathar Bangaon",
        "place": "hamlet",
        "source:name": "SOI"
      },
      "geometry": {
        "type": "Point",
        "coordinates": [
          95.6676578,
          27.4135096
        ]
      },
      "id": "node/12102225950"
    },
    {
      "type": "Feature",
      "properties": {
        "@id": "node/12102225951",
        "name": "Kherjān Bangaon",
        "name:en": "Kherjan Bangaon",
        "place": "hamlet",
        "source:name": "SOI"
      },
      "geometry": {
        "type": "Point",
        "coordinates": [
          95.6820988,
          27.4253188
        ]
      },
      "id": "node/12102225951"
    },
    {
      "type": "Feature",
      "properties": {
        "@id": "node/12102228030",
        "name": "Ghurania",
        "name:en": "Ghurania",
        "place": "hamlet",
        "source:name": "SOI"
      },
      "geometry": {
        "type": "Point",
        "coordinates": [
          95.284692,
          27.2691546
        ]
      },
      "id": "node/12102228030"
    },
    {
      "type": "Feature",
      "properties": {
        "@id": "node/12102228031",
        "name": "Ghurania",
        "name:en": "Ghurania",
        "place": "hamlet",
        "source:name": "SOI"
      },
      "geometry": {
        "type": "Point",
        "coordinates": [
          95.2660453,
          27.2609625
        ]
      },
      "id": "node/12102228031"
    },
    {
      "type": "Feature",
      "properties": {
        "@id": "node/12102473417",
        "name": "Morān",
        "name:as": "মৰাণ",
        "name:en": "Moran",
        "name:hi": "मोरान",
        "place": "town",
        "wikidata": "Q2733391",
        "wikipedia": "en:Moran Town"
      },
      "geometry": {
        "type": "Point",
        "coordinates": [
          94.9104273,
          27.1857364
        ]
      },
      "id": "node/12102473417"
    },
    {
      "type": "Feature",
      "properties": {
        "@id": "node/12102473419",
        "name": "Bāmunbāri",
        "name:en": "Bamunbari",
        "place": "village",
        "source:name": "SOI"
      },
      "geometry": {
        "type": "Point",
        "coordinates": [
          94.9875945,
          27.2429596
        ]
      },
      "id": "node/12102473419"
    },
    {
      "type": "Feature",
      "properties": {
        "@id": "node/12104727953",
        "name": "Raāngājāngaon",
        "name:en": "Rangajangaon",
        "place": "hamlet",
        "source:name": "SOI"
      },
      "geometry": {
        "type": "Point",
        "coordinates": [
          93.9025068,
          26.4844981
        ]
      },
      "id": "node/12104727953"
    },
    {
      "type": "Feature",
      "properties": {
        "@id": "node/12104727954",
        "name": "Raāngājāngaon",
        "name:en": "Rangajangaon",
        "place": "hamlet",
        "source:name": "SOI"
      },
      "geometry": {
        "type": "Point",
        "coordinates": [
          93.9108753,
          26.50207
        ]
      },
      "id": "node/12104727954"
    },
    {
      "type": "Feature",
      "properties": {
        "@id": "node/12106423898",
        "alt_name": "Kachumari",
        "name": "Kāsomārigaon",
        "name:en": "Kasomarigaon",
        "place": "village",
        "source:name": "SOI"
      },
      "geometry": {
        "type": "Point",
        "coordinates": [
          94.9335265,
          27.1175646
        ]
      },
      "id": "node/12106423898"
    },
    {
      "type": "Feature",
      "properties": {
        "@id": "node/12106506183",
        "alt_name": "Kachumari",
        "name": "Kāsomārigaon",
        "name:en": "Kasomarigaon",
        "place": "hamlet",
        "source:name": "SOI"
      },
      "geometry": {
        "type": "Point",
        "coordinates": [
          94.9317455,
          27.1029339
        ]
      },
      "id": "node/12106506183"
    },
    {
      "type": "Feature",
      "properties": {
        "@id": "node/12106853765",
        "name": "Barāhigaon",
        "name:en": "Barahigaon",
        "place": "hamlet",
        "source:name": "SOI"
      },
      "geometry": {
        "type": "Point",
        "coordinates": [
          94.9848747,
          27.054272
        ]
      },
      "id": "node/12106853765"
    },
    {
      "type": "Feature",
      "properties": {
        "@id": "node/12106856619",
        "name": "Sonari",
        "place": "town",
        "postal_code": "785690",
        "wikidata": "Q2737021",
        "wikipedia": "en:Sonari"
      },
      "geometry": {
        "type": "Point",
        "coordinates": [
          95.0183272,
          27.0266981
        ]
      },
      "id": "node/12106856619"
    },
    {
      "type": "Feature",
      "properties": {
        "@id": "node/12106958017",
        "name": "Lāklāpathār",
        "name:en": "Laklapathar",
        "place": "hamlet",
        "source:name": "SOI"
      },
      "geometry": {
        "type": "Point",
        "coordinates": [
          95.9191954,
          27.3974223
        ]
      },
      "id": "node/12106958017"
    },
    {
      "type": "Feature",
      "properties": {
        "@id": "node/12106958018",
        "name": "Takoupāni",
        "name:en": "Takoupani",
        "place": "hamlet",
        "source:name": "SOI"
      },
      "geometry": {
        "type": "Point",
        "coordinates": [
          95.9248817,
          27.4035565
        ]
      },
      "id": "node/12106958018"
    },
    {
      "type": "Feature",
      "properties": {
        "@id": "node/12106958019",
        "name": "Namphāi",
        "name:en": "Namphai",
        "place": "hamlet",
        "source:name": "SOI"
      },
      "geometry": {
        "type": "Point",
        "coordinates": [
          95.9317589,
          27.4129763
        ]
      },
      "id": "node/12106958019"
    },
    {
      "type": "Feature",
      "properties": {
        "@id": "node/12106962912",
        "name": "Khāmdu",
        "name:en": "Khamdu",
        "place": "hamlet",
        "source:name": "SOI"
      },
      "geometry": {
        "type": "Point",
        "coordinates": [
          95.9702539,
          27.3486222
        ]
      },
      "id": "node/12106962912"
    },
    {
      "type": "Feature",
      "properties": {
        "@id": "node/12117349934",
        "name": "Wokha Garanga",
        "place": "hamlet",
        "source:name": "SOI"
      },
      "geometry": {
        "type": "Point",
        "coordinates": [
          94.0323686,
          26.4306132
        ]
      },
      "id": "node/12117349934"
    },
    {
      "type": "Feature",
      "properties": {
        "@id": "node/12118106199",
        "name": "Tippomia",
        "name:en": "Tippomia",
        "place": "hamlet",
        "source:name": "SOI"
      },
      "geometry": {
        "type": "Point",
        "coordinates": [
          94.1700411,
          26.5125159
        ]
      },
      "id": "node/12118106199"
    },
    {
      "type": "Feature",
      "properties": {
        "@id": "node/12118106200",
        "name": "Rājābāri",
        "name:en": "Rajabari",
        "place": "hamlet",
        "source:name": "SOI"
      },
      "geometry": {
        "type": "Point",
        "coordinates": [
          94.1645908,
          26.4924298
        ]
      },
      "id": "node/12118106200"
    },
    {
      "type": "Feature",
      "properties": {
        "@id": "node/12118115894",
        "name": "Mudalgaon",
        "name:en": "Mudalgaon",
        "place": "hamlet",
        "source:name": "SOI"
      },
      "geometry": {
        "type": "Point",
        "coordinates": [
          94.0320897,
          26.4391058
        ]
      },
      "id": "node/12118115894"
    },
    {
      "type": "Feature",
      "properties": {
        "@id": "node/12118115895",
        "name": "Phechuāl",
        "name:en": "Phechual",
        "place": "hamlet",
        "source:name": "SOI"
      },
      "geometry": {
        "type": "Point",
        "coordinates": [
          94.0367031,
          26.4430253
        ]
      },
      "id": "node/12118115895"
    },
    {
      "type": "Feature",
      "properties": {
        "@id": "node/12118115896",
        "name": "Baruāgaon",
        "name:en": "Baruagaon",
        "place": "hamlet",
        "source:name": "SOI"
      },
      "geometry": {
        "type": "Point",
        "coordinates": [
          94.0323472,
          26.4452347
        ]
      },
      "id": "node/12118115896"
    },
    {
      "type": "Feature",
      "properties": {
        "@id": "node/12118115897",
        "alt_name": "Boruagaon",
        "name": "Baruāgaon",
        "name:en": "Baruagaon",
        "place": "hamlet",
        "source:alt_name": "already existing healthcare data (address PHC)",
        "source:name": "SOI"
      },
      "geometry": {
        "type": "Point",
        "coordinates": [
          94.0425396,
          26.4382797
        ]
      },
      "id": "node/12118115897"
    },
    {
      "type": "Feature",
      "properties": {
        "@id": "node/12118121101",
        "name": "Gohāingaon",
        "name:en": "Gohaingaon",
        "place": "hamlet",
        "source:name": "SOI"
      },
      "geometry": {
        "type": "Point",
        "coordinates": [
          94.1590547,
          26.4777951
        ]
      },
      "id": "node/12118121101"
    },
    {
      "type": "Feature",
      "properties": {
        "@id": "node/12118121102",
        "name": "Barhalla",
        "name:en": "Barhalla",
        "place": "village",
        "source:name": "SOI"
      },
      "geometry": {
        "type": "Point",
        "coordinates": [
          94.1331339,
          26.4520165
        ]
      },
      "id": "node/12118121102"
    },
    {
      "type": "Feature",
      "properties": {
        "@id": "node/12118121103",
        "name": "Khutākata",
        "name:en": "Khiutakata",
        "place": "hamlet",
        "source:name": "SOI"
      },
      "geometry": {
        "type": "Point",
        "coordinates": [
          94.1113329,
          26.4274812
        ]
      },
      "id": "node/12118121103"
    },
    {
      "type": "Feature",
      "properties": {
        "@id": "node/12118121104",
        "name": "Nagaon",
        "name:en": "Nagaon",
        "place": "hamlet",
        "source:name": "SOI"
      },
      "geometry": {
        "type": "Point",
        "coordinates": [
          94.0991449,
          26.4295948
        ]
      },
      "id": "node/12118121104"
    },
    {
      "type": "Feature",
      "properties": {
        "@id": "node/12118121105",
        "name": "Rupkalia",
        "name:en": "Rupkalia",
        "place": "hamlet",
        "source:name": "SOI"
      },
      "geometry": {
        "type": "Point",
        "coordinates": [
          94.063847,
          26.4248294
        ]
      },
      "id": "node/12118121105"
    },
    {
      "type": "Feature",
      "properties": {
        "@id": "node/12118201332",
        "name": "2Rahan Pathār No.2",
        "name:en": "Rahan Pathar No.2",
        "place": "hamlet",
        "source:name": "SOI"
      },
      "geometry": {
        "type": "Point",
        "coordinates": [
          95.136323,
          27.1303028
        ]
      },
      "id": "node/12118201332"
    },
    {
      "type": "Feature",
      "properties": {
        "@id": "node/12118201333",
        "name": "Rahan Pathār No.1",
        "name:en": "Rahan Pathar No.1",
        "place": "hamlet",
        "source:name": "SOI"
      },
      "geometry": {
        "type": "Point",
        "coordinates": [
          95.1234484,
          27.1238288
        ]
      },
      "id": "node/12118201333"
    },
    {
      "type": "Feature",
      "properties": {
        "@id": "node/12118201334",
        "name": "Timānbārtani",
        "name:en": "Timanbartani",
        "place": "hamlet",
        "source:name": "SOI"
      },
      "geometry": {
        "type": "Point",
        "coordinates": [
          95.102334,
          27.1128279
        ]
      },
      "id": "node/12118201334"
    },
    {
      "type": "Feature",
      "properties": {
        "@id": "node/12118201335",
        "name": "Chechasatra",
        "name:en": "Chechāsatra",
        "place": "hamlet",
        "source:name": "SOI"
      },
      "geometry": {
        "type": "Point",
        "coordinates": [
          95.0969696,
          27.1103259
        ]
      },
      "id": "node/12118201335"
    },
    {
      "type": "Feature",
      "properties": {
        "@id": "node/12118201336",
        "name": "Miri Pathār",
        "name:en": "Miri Pathar",
        "place": "hamlet",
        "source:name": "SOI"
      },
      "geometry": {
        "type": "Point",
        "coordinates": [
          95.0870776,
          27.099763
        ]
      },
      "id": "node/12118201336"
    },
    {
      "type": "Feature",
      "properties": {
        "@id": "node/12118201337",
        "name": "Longpatiya",
        "name:en": "Longpatiya",
        "place": "hamlet",
        "source:name": "SOI"
      },
      "geometry": {
        "type": "Point",
        "coordinates": [
          95.0930214,
          27.0797997
        ]
      },
      "id": "node/12118201337"
    },
    {
      "type": "Feature",
      "properties": {
        "@id": "node/12118201338",
        "name": "Banhabārigaon",
        "name:en": "Banhabarigaon",
        "place": "hamlet",
        "source:name": "SOI"
      },
      "geometry": {
        "type": "Point",
        "coordinates": [
          95.0618005,
          27.0868398
        ]
      },
      "id": "node/12118201338"
    },
    {
      "type": "Feature",
      "properties": {
        "@id": "node/12118201339",
        "name": "Hāthīmuriyā īgaom",
        "name:en": "Hatimuriyagaon",
        "place": "hamlet",
        "source:name": "SOI"
      },
      "geometry": {
        "type": "Point",
        "coordinates": [
          95.0528097,
          27.082226
        ]
      },
      "id": "node/12118201339"
    },
    {
      "type": "Feature",
      "properties": {
        "@id": "node/12118201348",
        "name": "Sāpekhāti",
        "name:en": "Sapekhati",
        "place": "hamlet"
      },
      "geometry": {
        "type": "Point",
        "coordinates": [
          95.1597547,
          27.1032681
        ]
      },
      "id": "node/12118201348"
    },
    {
      "type": "Feature",
      "properties": {
        "@id": "node/12118201349",
        "name": "Bhojogaon",
        "name:en": "Bhojogaon",
        "place": "hamlet",
        "source:name": "SOI"
      },
      "geometry": {
        "type": "Point",
        "coordinates": [
          95.0486898,
          27.0759977
        ]
      },
      "id": "node/12118201349"
    },
    {
      "type": "Feature",
      "properties": {
        "@id": "node/12118201350",
        "name": "Bhojogaon",
        "name:en": "Bhojogaon",
        "place": "hamlet",
        "source:name": "SOI"
      },
      "geometry": {
        "type": "Point",
        "coordinates": [
          95.0400343,
          27.0688948
        ]
      },
      "id": "node/12118201350"
    },
    {
      "type": "Feature",
      "properties": {
        "@id": "node/12118201351",
        "name": "Bhojo",
        "name:en": "Bhojo",
        "place": "hamlet",
        "source:name": "SOI"
      },
      "geometry": {
        "type": "Point",
        "coordinates": [
          95.0259232,
          27.0629284
        ]
      },
      "id": "node/12118201351"
    },
    {
      "type": "Feature",
      "properties": {
        "@id": "node/12122704335",
        "name": "Dillighāt",
        "name:en": "Dillighat",
        "place": "hamlet",
        "source:name": "SOI"
      },
      "geometry": {
        "type": "Point",
        "coordinates": [
          95.3685808,
          27.1409392
        ]
      },
      "id": "node/12122704335"
    },
    {
      "type": "Feature",
      "properties": {
        "@id": "node/12122742221",
        "name": "Nāmrup",
        "name:en": "Namrup",
        "place": "hamlet",
        "source:name": "SOI"
      },
      "geometry": {
        "type": "Point",
        "coordinates": [
          95.3160846,
          27.1954895
        ]
      },
      "id": "node/12122742221"
    },
    {
      "type": "Feature",
      "properties": {
        "@id": "node/12122742222",
        "name": "Nārempathār",
        "name:en": "Narempathar",
        "place": "hamlet",
        "source:name": "SOI"
      },
      "geometry": {
        "type": "Point",
        "coordinates": [
          95.3120184,
          27.1823293
        ]
      },
      "id": "node/12122742222"
    },
    {
      "type": "Feature",
      "properties": {
        "@id": "node/12122742223",
        "name": "Nārempathār",
        "name:en": "Narempathar",
        "place": "hamlet",
        "source:name": "SOI"
      },
      "geometry": {
        "type": "Point",
        "coordinates": [
          95.3012895,
          27.1876356
        ]
      },
      "id": "node/12122742223"
    },
    {
      "type": "Feature",
      "properties": {
        "@id": "node/12122742224",
        "name": "Ghilāguri",
        "name:en": "Ghilaguri",
        "place": "hamlet",
        "source:name": "SOI"
      },
      "geometry": {
        "type": "Point",
        "coordinates": [
          95.2557993,
          27.1830737
        ]
      },
      "id": "node/12122742224"
    },
    {
      "type": "Feature",
      "properties": {
        "@id": "node/12122742225",
        "name": "Khariyābhetāgoan",
        "name:en": "Khariyahetagoan",
        "place": "hamlet"
      },
      "geometry": {
        "type": "Point",
        "coordinates": [
          95.2169823,
          27.1585815
        ]
      },
      "id": "node/12122742225"
    },
    {
      "type": "Feature",
      "properties": {
        "@id": "node/12122765792",
        "name": "Santipu",
        "name:en": "Santipur",
        "place": "hamlet",
        "source:name": "SOI"
      },
      "geometry": {
        "type": "Point",
        "coordinates": [
          95.2776486,
          27.1950315
        ]
      },
      "id": "node/12122765792"
    },
    {
      "type": "Feature",
      "properties": {
        "@id": "node/12122765793",
        "name": "Sapekhati Chāriali",
        "name:en": "Sapekhati Chariali",
        "place": "hamlet",
        "source:name": "SOI"
      },
      "geometry": {
        "type": "Point",
        "coordinates": [
          95.176245,
          27.0819251
        ]
      },
      "id": "node/12122765793"
    },
    {
      "type": "Feature",
      "properties": {
        "@id": "node/12122765794",
        "name": "Namrup",
        "place": "town"
      },
      "geometry": {
        "type": "Point",
        "coordinates": [
          95.3567576,
          27.1932851
        ]
      },
      "id": "node/12122765794"
    },
    {
      "type": "Feature",
      "properties": {
        "@id": "node/12122771518",
        "name": "Sāpekhāti",
        "name:en": "Sapekhati",
        "place": "hamlet"
      },
      "geometry": {
        "type": "Point",
        "coordinates": [
          95.1580918,
          27.1132863
        ]
      },
      "id": "node/12122771518"
    },
    {
      "type": "Feature",
      "properties": {
        "@id": "node/12122771519",
        "name": "Titlāgarh",
        "name:en": "Titlagarh",
        "place": "hamlet",
        "source:name": "SOI"
      },
      "geometry": {
        "type": "Point",
        "coordinates": [
          95.3181338,
          27.1572259
        ]
      },
      "id": "node/12122771519"
    },
    {
      "type": "Feature",
      "properties": {
        "@id": "node/12128136231",
        "name": "Barhat Bagisa",
        "place": "hamlet",
        "source:name": "Assm Gazette no.391_e-1899067-33_dated_24-08-23.pdf"
      },
      "geometry": {
        "type": "Point",
        "coordinates": [
          95.3192228,
          27.1544957
        ]
      },
      "id": "node/12128136231"
    },
    {
      "type": "Feature",
      "properties": {
        "@id": "node/12128136233",
        "GNS:dsg_code": "PPL",
        "GNS:dsg_string": "populated place",
        "GNS:id": "-2110306",
        "GNS:uni": "-2929388;-2930016",
        "alt_name": "Sepekhati",
        "name": "Sāpekhāti",
        "name:en": "Sapekhati",
        "place": "village",
        "source": "geonames.nga.mil(GNS)-country file (20210809)",
        "source:alt_name": "geonames.nga.mil"
      },
      "geometry": {
        "type": "Point",
        "coordinates": [
          95.1787139,
          27.0799364
        ]
      },
      "id": "node/12128136233"
    },
    {
      "type": "Feature",
      "properties": {
        "@id": "node/12128194967",
        "name": "Parbatpur",
        "name:en": "parbatpur",
        "place": "village",
        "source:name": "SOI"
      },
      "geometry": {
        "type": "Point",
        "coordinates": [
          95.3657913,
          27.1867194
        ]
      },
      "id": "node/12128194967"
    },
    {
      "type": "Feature",
      "properties": {
        "@id": "node/12128194968",
        "name": "Donangiaon",
        "name:en": "Donangiaon",
        "place": "hamlet",
        "source:name": "SOI"
      },
      "geometry": {
        "type": "Point",
        "coordinates": [
          95.347209,
          27.1949456
        ]
      },
      "id": "node/12128194968"
    },
    {
      "type": "Feature",
      "properties": {
        "@id": "node/12128194971",
        "name": "Kherbartāni",
        "name:en": "Kherbartani",
        "place": "hamlet",
        "source:name": "SOI"
      },
      "geometry": {
        "type": "Point",
        "coordinates": [
          95.2236128,
          27.1929225
        ]
      },
      "id": "node/12128194971"
    },
    {
      "type": "Feature",
      "properties": {
        "@id": "node/12128194972",
        "name": "Godhāchalong",
        "name:en": "Godhachalong",
        "place": "hamlet",
        "source:name": "SOI"
      },
      "geometry": {
        "type": "Point",
        "coordinates": [
          95.2405643,
          27.1988581
        ]
      },
      "id": "node/12128194972"
    },
    {
      "type": "Feature",
      "properties": {
        "@id": "node/12128194973",
        "name": "Shil Grant",
        "name:en": "Shil Grant",
        "place": "hamlet",
        "source:name": "SOI"
      },
      "geometry": {
        "type": "Point",
        "coordinates": [
          95.2393842,
          27.1937432
        ]
      },
      "id": "node/12128194973"
    },
    {
      "type": "Feature",
      "properties": {
        "@id": "node/12128194974",
        "name": "Bartāni",
        "name:en": "Bartani",
        "place": "hamlet",
        "source:name": "SOI"
      },
      "geometry": {
        "type": "Point",
        "coordinates": [
          95.2341914,
          27.1974267
        ]
      },
      "id": "node/12128194974"
    },
    {
      "type": "Feature",
      "properties": {
        "@id": "node/12128194975",
        "name": "Mamorāli",
        "name:en": "Mamorali",
        "place": "hamlet",
        "source:name": "SOI"
      },
      "geometry": {
        "type": "Point",
        "coordinates": [
          95.2608418,
          27.193705
        ]
      },
      "id": "node/12128194975"
    },
    {
      "type": "Feature",
      "properties": {
        "@id": "node/12128194976",
        "name": "Mamorāli",
        "name:en": "Mamorali",
        "place": "hamlet",
        "source:name": "SOI"
      },
      "geometry": {
        "type": "Point",
        "coordinates": [
          95.2526665,
          27.1955373
        ]
      },
      "id": "node/12128194976"
    },
    {
      "type": "Feature",
      "properties": {
        "@id": "node/12128194977",
        "name": "Palongdhepa",
        "name:en": "Palongdhepa",
        "place": "hamlet",
        "source:name": "SOI"
      },
      "geometry": {
        "type": "Point",
        "coordinates": [
          95.3026199,
          27.2038392
        ]
      },
      "id": "node/12128194977"
    },
    {
      "type": "Feature",
      "properties": {
        "@id": "node/12128194978",
        "name": "Barhela",
        "name:en": "Barhela",
        "place": "hamlet",
        "source:name": "SOI"
      },
      "geometry": {
        "type": "Point",
        "coordinates": [
          95.2826321,
          27.2023792
        ]
      },
      "id": "node/12128194978"
    },
    {
      "type": "Feature",
      "properties": {
        "@id": "node/12128194979",
        "name": "Barhela",
        "name:en": "Barhela",
        "place": "hamlet",
        "source:name": "SOI"
      },
      "geometry": {
        "type": "Point",
        "coordinates": [
          95.2701437,
          27.1983905
        ]
      },
      "id": "node/12128194979"
    },
    {
      "type": "Feature",
      "properties": {
        "@id": "node/12128194980",
        "name": "Bortony No 2",
        "name:en": "Bortony No 2",
        "place": "hamlet",
        "source:name": "SOI"
      },
      "geometry": {
        "type": "Point",
        "coordinates": [
          95.2550805,
          27.200528
        ]
      },
      "id": "node/12128194980"
    },
    {
      "type": "Feature",
      "properties": {
        "@id": "node/12128194981",
        "name": "Kābola",
        "name:en": "Kabola",
        "place": "hamlet",
        "source:name": "SOI"
      },
      "geometry": {
        "type": "Point",
        "coordinates": [
          95.2255654,
          27.1830832
        ]
      },
      "id": "node/12128194981"
    },
    {
      "type": "Feature",
      "properties": {
        "@id": "node/12128194982",
        "name": "Chrni",
        "name:en": "Chrni",
        "place": "hamlet",
        "source:name": "SOI"
      },
      "geometry": {
        "type": "Point",
        "coordinates": [
          95.2062106,
          27.1783685
        ]
      },
      "id": "node/12128194982"
    },
    {
      "type": "Feature",
      "properties": {
        "@id": "node/12128194983",
        "name": "Shimulguri",
        "name:en": "Shimulguri",
        "place": "hamlet",
        "source:name": "SOI"
      },
      "geometry": {
        "type": "Point",
        "coordinates": [
          95.19472,
          27.1760683
        ]
      },
      "id": "node/12128194983"
    },
    {
      "type": "Feature",
      "properties": {
        "@id": "node/12128194984",
        "name": "Māhamara Alikinār",
        "name:en": "Mahamara Alikinar",
        "place": "hamlet",
        "source:name": "SOI"
      },
      "geometry": {
        "type": "Point",
        "coordinates": [
          95.1977992,
          27.171315
        ]
      },
      "id": "node/12128194984"
    },
    {
      "type": "Feature",
      "properties": {
        "@id": "node/12128194985",
        "name": "Got Pathār",
        "name:en": "Got pathar",
        "place": "hamlet",
        "source:name": "SOI"
      },
      "geometry": {
        "type": "Point",
        "coordinates": [
          95.195589,
          27.1652825
        ]
      },
      "id": "node/12128194985"
    },
    {
      "type": "Feature",
      "properties": {
        "@id": "node/12128194986",
        "name": "Kalyānpur",
        "name:en": "Kalyanpur",
        "place": "hamlet",
        "source:name": "SOI"
      },
      "geometry": {
        "type": "Point",
        "coordinates": [
          95.1829934,
          27.1648434
        ]
      },
      "id": "node/12128194986"
    },
    {
      "type": "Feature",
      "properties": {
        "@id": "node/12128194987",
        "alt_name": "Geleki",
        "name": "Chapātali",
        "name:en": "Chapatali",
        "place": "hamlet",
        "source:name": "SOI"
      },
      "geometry": {
        "type": "Point",
        "coordinates": [
          95.1762771,
          27.1517082
        ]
      },
      "id": "node/12128194987"
    },
    {
      "type": "Feature",
      "properties": {
        "@id": "node/12128194988",
        "name": "Chapātali",
        "name:en": "Chapatali",
        "place": "hamlet",
        "source:name": "SOI"
      },
      "geometry": {
        "type": "Point",
        "coordinates": [
          95.1715565,
          27.1533693
        ]
      },
      "id": "node/12128194988"
    },
    {
      "type": "Feature",
      "properties": {
        "@id": "node/12128194989",
        "name": "Bagādād",
        "name:en": "Bagadad",
        "place": "hamlet",
        "source:name": "SOI"
      },
      "geometry": {
        "type": "Point",
        "coordinates": [
          95.1566434,
          27.1442426
        ]
      },
      "id": "node/12128194989"
    },
    {
      "type": "Feature",
      "properties": {
        "@id": "node/12128302302",
        "name": "Gariāgaon",
        "name:en": "Gariagaon",
        "place": "hamlet",
        "source:name": "SOI"
      },
      "geometry": {
        "type": "Point",
        "coordinates": [
          94.1696119,
          26.6961042
        ]
      },
      "id": "node/12128302302"
    },
    {
      "type": "Feature",
      "properties": {
        "@id": "node/12128302303",
        "name": "Charāibāhi",
        "name:en": "Charaibahi",
        "place": "hamlet",
        "source:name": "SOI"
      },
      "geometry": {
        "type": "Point",
        "coordinates": [
          94.1556644,
          26.6748807
        ]
      },
      "id": "node/12128302303"
    },
    {
      "type": "Feature",
      "properties": {
        "@id": "node/12128302304",
        "name": "Dhalājān",
        "name:en": "Dhalajan",
        "place": "hamlet",
        "source:name": "SOI"
      },
      "geometry": {
        "type": "Point",
        "coordinates": [
          94.1421032,
          26.6669808
        ]
      },
      "id": "node/12128302304"
    },
    {
      "type": "Feature",
      "properties": {
        "@id": "node/12128302305",
        "name": "Chengeli Chetia",
        "name:en": "Chengeli Chetia",
        "place": "hamlet",
        "source:name": "SOI"
      },
      "geometry": {
        "type": "Point",
        "coordinates": [
          94.1096485,
          26.6435462
        ]
      },
      "id": "node/12128302305"
    },
    {
      "type": "Feature",
      "properties": {
        "@id": "node/12128302306",
        "name": "Jakāi Chuk",
        "name:en": "Jakai Chuk",
        "place": "hamlet",
        "source:name": "SOI"
      },
      "geometry": {
        "type": "Point",
        "coordinates": [
          94.1137361,
          26.6283074
        ]
      },
      "id": "node/12128302306"
    },
    {
      "type": "Feature",
      "properties": {
        "@id": "node/12128302307",
        "name": "Chungi",
        "name:en": "Chungi",
        "place": "hamlet",
        "source:name": "SOI"
      },
      "geometry": {
        "type": "Point",
        "coordinates": [
          94.0940702,
          26.6230323
        ]
      },
      "id": "node/12128302307"
    },
    {
      "type": "Feature",
      "properties": {
        "@id": "node/12128302308",
        "name": "Barbām Chungi",
        "name:en": "Barbam Chungi",
        "place": "hamlet",
        "source:name": "SOI"
      },
      "geometry": {
        "type": "Point",
        "coordinates": [
          94.1000247,
          26.6182845
        ]
      },
      "id": "node/12128302308"
    },
    {
      "type": "Feature",
      "properties": {
        "@id": "node/12128302309",
        "name": "Nām Chungi",
        "name:en": "Ban Chungi",
        "place": "hamlet",
        "source:name": "SOI"
      },
      "geometry": {
        "type": "Point",
        "coordinates": [
          94.0870213,
          26.6127691
        ]
      },
      "id": "node/12128302309"
    },
    {
      "type": "Feature",
      "properties": {
        "@id": "node/12128302310",
        "name": "Rowriya",
        "name:en": "Rowriya",
        "place": "village",
        "source:name": "SOI"
      },
      "geometry": {
        "type": "Point",
        "coordinates": [
          94.1740966,
          26.7160492
        ]
      },
      "id": "node/12128302310"
    },
    {
      "type": "Feature",
      "properties": {
        "@id": "node/12128302311",
        "name": "Kākadānga",
        "name:en": "Kakadanga",
        "place": "hamlet",
        "source:name": "SOI"
      },
      "geometry": {
        "type": "Point",
        "coordinates": [
          94.0791678,
          26.6060832
        ]
      },
      "id": "node/12128302311"
    },
    {
      "type": "Feature",
      "properties": {
        "@id": "node/12128302312",
        "name": "Āthābārigaon",
        "name:en": "Athabarigaon",
        "place": "hamlet",
        "source:name": "SOI"
      },
      "geometry": {
        "type": "Point",
        "coordinates": [
          94.0564441,
          26.5715058
        ]
      },
      "id": "node/12128302312"
    },
    {
      "type": "Feature",
      "properties": {
        "@id": "node/12128330703",
        "name": "Nāgābāt",
        "name:en": "Nagabat",
        "place": "hamlet",
        "source:name": "SOI"
      },
      "geometry": {
        "type": "Point",
        "coordinates": [
          94.1461158,
          26.3752998
        ]
      },
      "id": "node/12128330703"
    },
    {
      "type": "Feature",
      "properties": {
        "@id": "node/12128330704",
        "name": "Barhalla",
        "name:en": "Barhallla",
        "place": "village",
        "source:name": "SOI"
      },
      "geometry": {
        "type": "Point",
        "coordinates": [
          94.1309023,
          26.4500377
        ]
      },
      "id": "node/12128330704"
    },
    {
      "type": "Feature",
      "properties": {
        "@id": "node/12133523575",
        "name": "Dimaugaon",
        "name:en": "Dimaugaon",
        "place": "hamlet",
        "source:name": "SOI"
      },
      "geometry": {
        "type": "Point",
        "coordinates": [
          94.7381973,
          27.1277438
        ]
      },
      "id": "node/12133523575"
    },
    {
      "type": "Feature",
      "properties": {
        "@id": "node/12133558574",
        "name": "Chunpura Gohāigaon",
        "name:en": "Chunpura Gohaigaon",
        "place": "hamlet",
        "short_name": "Sunpura",
        "source:name": "SOI"
      },
      "geometry": {
        "type": "Point",
        "coordinates": [
          94.7299522,
          26.9441511
        ]
      },
      "id": "node/12133558574"
    },
    {
      "type": "Feature",
      "properties": {
        "@id": "node/12134441623",
        "name": "Khowāng",
        "name:en": "Khowang",
        "place": "village",
        "source:name": "SOI"
      },
      "geometry": {
        "type": "Point",
        "coordinates": [
          94.890418,
          27.2767549
        ]
      },
      "id": "node/12134441623"
    },
    {
      "type": "Feature",
      "properties": {
        "@id": "node/12135426492",
        "GNS:dsg_code": "PPL",
        "GNS:dsg_name": "populated place",
        "GNS:id": "11648191",
        "GNS:modify_date": "2012-11-15T00:00:00.000Z",
        "GNS:uni": "13987807",
        "name": "Tipamia",
        "name:en": "Tipamia",
        "place": "village",
        "source": "geonames.mil (GNS) country file 20246233"
      },
      "geometry": {
        "type": "Point",
        "coordinates": [
          95.1766862,
          27.2637364
        ]
      },
      "id": "node/12135426492"
    },
    {
      "type": "Feature",
      "properties": {
        "@id": "node/12135426493",
        "GNS:dsg_code": "PPL",
        "GNS:dsg_name": "populated place",
        "GNS:id": "11648046",
        "GNS:modify_date": "2012-11-13T00:00:00.000Z",
        "GNS:uni": "13987492",
        "name": "Bogaigāon",
        "name:en": "Bogaigaon",
        "place": "village",
        "source": "geonames.mil (GNS) country file 20246382"
      },
      "geometry": {
        "type": "Point",
        "coordinates": [
          94.796417,
          27.2281641
        ]
      },
      "id": "node/12135426493"
    },
    {
      "type": "Feature",
      "properties": {
        "@id": "node/12135426494",
        "GNS:dsg_code": "PPL",
        "GNS:dsg_name": "populated place",
        "GNS:id": "11648045",
        "GNS:modify_date": "2012-11-13T00:00:00.000Z",
        "GNS:uni": "13987429",
        "name": "Burhi Khow",
        "name:en": "Burhi Khow",
        "place": "village",
        "source": "geonames.mil (GNS) country file 20246201"
      },
      "geometry": {
        "type": "Point",
        "coordinates": [
          94.9251234,
          27.2898193
        ]
      },
      "id": "node/12135426494"
    },
    {
      "type": "Feature",
      "properties": {
        "@id": "node/12135426495",
        "GNS:dsg_code": "PPL",
        "GNS:dsg_name": "populated place",
        "GNS:id": "-2100914",
        "GNS:modify_date": "2012-09-17T00:00:00.000Z",
        "GNS:uni": "-2916787",
        "name": "Khowāng",
        "name:en": "Khowang",
        "place": "village",
        "source": "geonames.mil (GNS) country file 20243224"
      },
      "geometry": {
        "type": "Point",
        "coordinates": [
          94.8757096,
          27.2754299
        ]
      },
      "id": "node/12135426495"
    },
    {
      "type": "Feature",
      "properties": {
        "@id": "node/12135700060",
        "name": "Kāthani",
        "name:en": "kathani",
        "place": "hamlet",
        "source:name": "SOI"
      },
      "geometry": {
        "type": "Point",
        "coordinates": [
          93.9047169,
          26.6819748
        ]
      },
      "id": "node/12135700060"
    },
    {
      "type": "Feature",
      "properties": {
        "@id": "node/12135700061",
        "name": "Domgaon",
        "name:en": "Domgaon",
        "place": "hamlet",
        "source:name": "SOI"
      },
      "geometry": {
        "type": "Point",
        "coordinates": [
          93.9017987,
          26.6799617
        ]
      },
      "id": "node/12135700061"
    },
    {
      "type": "Feature",
      "properties": {
        "@id": "node/12135700062",
        "name": "Bangaon",
        "name:en": "Bangaon",
        "place": "hamlet",
        "source:name": "SOI"
      },
      "geometry": {
        "type": "Point",
        "coordinates": [
          93.986299,
          26.5822716
        ]
      },
      "id": "node/12135700062"
    },
    {
      "type": "Feature",
      "properties": {
        "@id": "node/12135700063",
        "name": "Bangaon",
        "name:en": "Bangaon",
        "place": "hamlet",
        "source:name": "SOI"
      },
      "geometry": {
        "type": "Point",
        "coordinates": [
          93.9886594,
          26.5744996
        ]
      },
      "id": "node/12135700063"
    },
    {
      "type": "Feature",
      "properties": {
        "@id": "node/12135700064",
        "name": "Bangaon",
        "name:en": "Bangaon",
        "place": "hamlet",
        "source:name": "SOI"
      },
      "geometry": {
        "type": "Point",
        "coordinates": [
          94.0043664,
          26.5633684
        ]
      },
      "id": "node/12135700064"
    },
    {
      "type": "Feature",
      "properties": {
        "@id": "node/12135700065",
        "name": "Bangaon",
        "name:en": "Bangaon",
        "place": "hamlet",
        "source:name": "SOI"
      },
      "geometry": {
        "type": "Point",
        "coordinates": [
          93.9941096,
          26.5651149
        ]
      },
      "id": "node/12135700065"
    },
    {
      "type": "Feature",
      "properties": {
        "@id": "node/12135700066",
        "name": "Maliāgaon",
        "name:en": "maliagaon",
        "place": "hamlet",
        "source:name": "SOI"
      },
      "geometry": {
        "type": "Point",
        "coordinates": [
          93.9897108,
          26.6033396
        ]
      },
      "id": "node/12135700066"
    },
    {
      "type": "Feature",
      "properties": {
        "@id": "node/12135700067",
        "name": "Kāthkatiāgaon",
        "name:en": "Kathkatiagaon",
        "place": "hamlet",
        "source:name": "SOI"
      },
      "geometry": {
        "type": "Point",
        "coordinates": [
          93.9779091,
          26.6066012
        ]
      },
      "id": "node/12135700067"
    },
    {
      "type": "Feature",
      "properties": {
        "@id": "node/12135700068",
        "name": "Kāthkatiāgaon",
        "name:en": "Kathkatiagaon",
        "place": "hamlet",
        "source:name": "SOI"
      },
      "geometry": {
        "type": "Point",
        "coordinates": [
          93.9770078,
          26.6143902
        ]
      },
      "id": "node/12135700068"
    },
    {
      "type": "Feature",
      "properties": {
        "@id": "node/12135700069",
        "name": "Kāthkatiāgaon",
        "name:en": "Kathkatiagaon",
        "place": "hamlet",
        "source:name": "SOI"
      },
      "geometry": {
        "type": "Point",
        "coordinates": [
          93.9826727,
          26.6212387
        ]
      },
      "id": "node/12135700069"
    },
    {
      "type": "Feature",
      "properties": {
        "@id": "node/12135700070",
        "name": "Barua Bāmungaon",
        "name:en": "Barua Bamungaon",
        "place": "hamlet"
      },
      "geometry": {
        "type": "Point",
        "coordinates": [
          93.9890885,
          26.6712568
        ]
      },
      "id": "node/12135700070"
    },
    {
      "type": "Feature",
      "properties": {
        "@id": "node/12135734601",
        "name": "Merapāni",
        "name:en": "Merapani",
        "place": "hamlet",
        "source:name": "SOI"
      },
      "geometry": {
        "type": "Point",
        "coordinates": [
          94.0959799,
          26.3038365
        ]
      },
      "id": "node/12135734601"
    },
    {
      "type": "Feature",
      "properties": {
        "@id": "node/12144809342",
        "name": "Santak",
        "place": "town"
      },
      "geometry": {
        "type": "Point",
        "coordinates": [
          94.8006928,
          26.8632615
        ]
      },
      "id": "node/12144809342"
    },
    {
      "type": "Feature",
      "properties": {
        "@id": "node/12144941896",
        "name": "Rajgarh Chariali",
        "place": "village"
      },
      "geometry": {
        "type": "Point",
        "coordinates": [
          94.7895329,
          26.9247105
        ]
      },
      "id": "node/12144941896"
    },
    {
      "type": "Feature",
      "properties": {
        "@id": "node/12144941897",
        "alt_name": "Changdhora",
        "name": "Chengdharagaon",
        "name:en": "Chengdharagaon",
        "place": "hamlet",
        "source:name": "SOI"
      },
      "geometry": {
        "type": "Point",
        "coordinates": [
          94.7804475,
          26.8861532
        ]
      },
      "id": "node/12144941897"
    },
    {
      "type": "Feature",
      "properties": {
        "@id": "node/12144952928",
        "alt_name": "Geleki",
        "name": "Gelakey Chariali",
        "name:en": "Geleki",
        "place": "hamlet",
        "source:name": "already existing health data"
      },
      "geometry": {
        "type": "Point",
        "coordinates": [
          94.7013652,
          26.8040299
        ]
      },
      "id": "node/12144952928"
    },
    {
      "type": "Feature",
      "properties": {
        "@id": "node/12144953516",
        "alt_name": "Haluating",
        "name": "Hālwāting",
        "name:en": "Halwating",
        "place": "hamlet",
        "source:name": "SOI"
      },
      "geometry": {
        "type": "Point",
        "coordinates": [
          94.5667291,
          26.7784206
        ]
      },
      "id": "node/12144953516"
    },
    {
      "type": "Feature",
      "properties": {
        "@id": "node/12144953517",
        "name": "Deopāni",
        "name:en": "Deopani",
        "place": "hamlet",
        "source:name": "SOI"
      },
      "geometry": {
        "type": "Point",
        "coordinates": [
          94.6466267,
          26.7902299
        ]
      },
      "id": "node/12144953517"
    },
    {
      "type": "Feature",
      "properties": {
        "@id": "node/12144953518",
        "name": "Deopāni",
        "name:en": "Deopani",
        "place": "hamlet",
        "source:name": "SOI"
      },
      "geometry": {
        "type": "Point",
        "coordinates": [
          94.6456718,
          26.8141896
        ]
      },
      "id": "node/12144953518"
    },
    {
      "type": "Feature",
      "properties": {
        "@id": "node/12144953519",
        "name": "Deopāni",
        "name:en": "Deopani",
        "place": "hamlet",
        "source:name": "SOI"
      },
      "geometry": {
        "type": "Point",
        "coordinates": [
          94.648118,
          26.8071037
        ]
      },
      "id": "node/12144953519"
    },
    {
      "type": "Feature",
      "properties": {
        "@id": "node/12144953520",
        "name": "Deopāni",
        "name:en": "Deopani",
        "place": "hamlet",
        "source:name": "SOI"
      },
      "geometry": {
        "type": "Point",
        "coordinates": [
          94.649663,
          26.7954207
        ]
      },
      "id": "node/12144953520"
    },
    {
      "type": "Feature",
      "properties": {
        "@id": "node/12144953521",
        "name": "Athkhel",
        "name:en": "Athkhel",
        "place": "hamlet",
        "source:name": "SOI"
      },
      "geometry": {
        "type": "Point",
        "coordinates": [
          94.6848643,
          26.7883336
        ]
      },
      "id": "node/12144953521"
    },
    {
      "type": "Feature",
      "properties": {
        "@id": "node/12144953522",
        "name": "Lāhangaon",
        "name:en": "Lahangaon",
        "place": "hamlet",
        "source:name": "SOI"
      },
      "geometry": {
        "type": "Point",
        "coordinates": [
          94.7302579,
          26.8090955
        ]
      },
      "id": "node/12144953522"
    },
    {
      "type": "Feature",
      "properties": {
        "@id": "node/12144953523",
        "name": "Lāhangaon",
        "name:en": "Lahangaon",
        "place": "hamlet",
        "source:name": "SOI"
      },
      "geometry": {
        "type": "Point",
        "coordinates": [
          94.7423172,
          26.7919347
        ]
      },
      "id": "node/12144953523"
    },
    {
      "type": "Feature",
      "properties": {
        "@id": "node/12144953524",
        "alt_name": "Lahon",
        "name": "Lāhangaon",
        "name:en": "Lahangaon",
        "place": "hamlet",
        "source:name": "SOI"
      },
      "geometry": {
        "type": "Point",
        "coordinates": [
          94.7361373,
          26.7974126
        ]
      },
      "id": "node/12144953524"
    },
    {
      "type": "Feature",
      "properties": {
        "@id": "node/12144953542",
        "name": "Nirmoliagaon",
        "name:en": "Nirmoliagaon",
        "place": "hamlet"
      },
      "geometry": {
        "type": "Point",
        "coordinates": [
          94.7640001,
          26.8582462
        ]
      },
      "id": "node/12144953542"
    },
    {
      "type": "Feature",
      "properties": {
        "@id": "node/12144953543",
        "name": "Garmur Silani",
        "name:en": "Garmur Silani",
        "place": "hamlet",
        "source:name": "SOI"
      },
      "geometry": {
        "type": "Point",
        "coordinates": [
          94.7975921,
          26.8494209
        ]
      },
      "id": "node/12144953543"
    },
    {
      "type": "Feature",
      "properties": {
        "@id": "node/12144953556",
        "name": "Mirigaon",
        "name:en": "Mirigaon",
        "place": "hamlet",
        "source:name": "SOI"
      },
      "geometry": {
        "type": "Point",
        "coordinates": [
          94.7885155,
          26.869272
        ]
      },
      "id": "node/12144953556"
    },
    {
      "type": "Feature",
      "properties": {
        "@id": "node/12149499887",
        "name": "Silanijāngaon",
        "name:en": "Silanijangaon",
        "place": "hamlet",
        "source:name": "SOI"
      },
      "geometry": {
        "type": "Point",
        "coordinates": [
          93.8604069,
          26.3305953
        ]
      },
      "id": "node/12149499887"
    },
    {
      "type": "Feature",
      "properties": {
        "@id": "node/12149499888",
        "name": "Silanijāngaon",
        "name:en": "Silanijangaon",
        "place": "hamlet",
        "source:name": "SOI"
      },
      "geometry": {
        "type": "Point",
        "coordinates": [
          93.8733887,
          26.3210177
        ]
      },
      "id": "node/12149499888"
    },
    {
      "type": "Feature",
      "properties": {
        "@id": "node/12149701785",
        "name": "Uriamghāt",
        "name:en": "Uriamghat",
        "place": "hamlet",
        "source:name": "SOI"
      },
      "geometry": {
        "type": "Point",
        "coordinates": [
          93.9443064,
          26.1425135
        ]
      },
      "id": "node/12149701785"
    },
    {
      "type": "Feature",
      "properties": {
        "@id": "node/12149855615",
        "name": "Tumpreng",
        "name:en": "Tumpreng",
        "place": "hamlet",
        "source:name": "SOI"
      },
      "geometry": {
        "type": "Point",
        "coordinates": [
          92.7526974,
          26.0050714
        ]
      },
      "id": "node/12149855615"
    },
    {
      "type": "Feature",
      "properties": {
        "@id": "node/12149855639",
        "name": "Donka Molām",
        "name:en": "Donka Mokam",
        "place": "village",
        "source:name": "SOI"
      },
      "geometry": {
        "type": "Point",
        "coordinates": [
          92.7000832,
          25.9335112
        ]
      },
      "id": "node/12149855639"
    },
    {
      "type": "Feature",
      "properties": {
        "@id": "node/12150302840",
        "name": "Nilbāgān",
        "name:en": "Nilbagan",
        "place": "village",
        "source:name": "SOI"
      },
      "geometry": {
        "type": "Point",
        "coordinates": [
          92.8999185,
          26.0672111
        ]
      },
      "id": "node/12150302840"
    },
    {
      "type": "Feature",
      "properties": {
        "@id": "node/12156213430",
        "name": "Dighaljār",
        "name:en": "Dighaljar",
        "place": "hamlet",
        "source:name": "SOI"
      },
      "geometry": {
        "type": "Point",
        "coordinates": [
          93.0057907,
          26.0742463
        ]
      },
      "id": "node/12156213430"
    },
    {
      "type": "Feature",
      "properties": {
        "@id": "node/12156213431",
        "name": "Dighaljār",
        "name:en": "Dighaljar",
        "place": "hamlet",
        "source:name": "SOI"
      },
      "geometry": {
        "type": "Point",
        "coordinates": [
          93.011359,
          26.0863207
        ]
      },
      "id": "node/12156213431"
    },
    {
      "type": "Feature",
      "properties": {
        "@id": "node/12156213432",
        "name": "Dighaljar",
        "place": "hamlet",
        "source:name": "already existing health data (addrss dispensary)"
      },
      "geometry": {
        "type": "Point",
        "coordinates": [
          92.9950941,
          26.0891874
        ]
      },
      "id": "node/12156213432"
    },
    {
      "type": "Feature",
      "properties": {
        "@id": "node/12156213433",
        "name": "Borhowa",
        "name:en": "Borhowa",
        "place": "hamlet",
        "source:name": "SOI"
      },
      "geometry": {
        "type": "Point",
        "coordinates": [
          93.0085802,
          26.0995886
        ]
      },
      "id": "node/12156213433"
    },
    {
      "type": "Feature",
      "properties": {
        "@id": "node/12156213434",
        "name": "Sābājpur",
        "name:en": "Sabajpur",
        "place": "hamlet",
        "source:name": "SOI"
      },
      "geometry": {
        "type": "Point",
        "coordinates": [
          92.9635191,
          26.0659004
        ]
      },
      "id": "node/12156213434"
    },
    {
      "type": "Feature",
      "properties": {
        "@id": "node/12156213435",
        "name": "Murājār",
        "name:en": "Murakar",
        "place": "hamlet",
        "source:name": "SOI"
      },
      "geometry": {
        "type": "Point",
        "coordinates": [
          92.9766726,
          26.0658619
        ]
      },
      "id": "node/12156213435"
    },
    {
      "type": "Feature",
      "properties": {
        "@id": "node/12156245600",
        "alt_name": "Chowkihola",
        "alt_name:en": "Chowkihola",
        "name": "Chokihola",
        "name:en": "Chokihola",
        "place": "village",
        "source:name": "SOI"
      },
      "geometry": {
        "type": "Point",
        "coordinates": [
          93.742218,
          26.4305171
        ]
      },
      "id": "node/12156245600"
    },
    {
      "type": "Feature",
      "properties": {
        "@id": "node/12156285320",
        "name": "Sonāpur",
        "name:en": "Sonapur",
        "place": "village",
        "source:name": "SOI"
      },
      "geometry": {
        "type": "Point",
        "coordinates": [
          93.1168556,
          26.2661714
        ]
      },
      "id": "node/12156285320"
    },
    {
      "type": "Feature",
      "properties": {
        "@id": "node/12164093506",
        "GNS:dsg_code": "PPL",
        "GNS:dsg_name": "populated place",
        "GNS:id": "11647592",
        "GNS:modify_date": "2012-11-09T00:00:00.000Z",
        "GNS:uni": "13986448",
        "name": "Perhen",
        "name:en": "Perhen",
        "note": "GNS location moved to residential area on imagery",
        "place": "hamlet",
        "source": "geonames.mil (GNS) country file 20246192"
      },
      "geometry": {
        "type": "Point",
        "coordinates": [
          93.645757,
          26.5185456
        ]
      },
      "id": "node/12164093506"
    },
    {
      "type": "Feature",
      "properties": {
        "@id": "node/12164093507",
        "GNS:dsg_code": "PPL",
        "GNS:dsg_name": "populated place",
        "GNS:id": "11647594",
        "GNS:modify_date": "2012-11-09T00:00:00.000Z",
        "GNS:uni": "13986450",
        "name": "Phāngchagāon",
        "name:en": "Phangchagaon",
        "place": "hamlet",
        "source": "geonames.mil (GNS) country file 20246167"
      },
      "geometry": {
        "type": "Point",
        "coordinates": [
          93.8213365,
          26.4266255
        ]
      },
      "id": "node/12164093507"
    },
    {
      "type": "Feature",
      "properties": {
        "@id": "node/12164093508",
        "GNS:dsg_code": "PPL",
        "GNS:dsg_name": "populated place",
        "GNS:id": "-2099134",
        "GNS:modify_date": "2012-09-10T00:00:00.000Z",
        "GNS:uni": "-2914407;-2914502",
        "alt_name": "Kalliani",
        "alt_name:en": "Kalliani",
        "name": "Kaliani",
        "name:en": "Kaliani",
        "place": "hamlet",
        "source": "geonames.mil (GNS) country file 20243555",
        "source:alt_name": "geonames.mil (GNS) country file 20243561"
      },
      "geometry": {
        "type": "Point",
        "coordinates": [
          93.769197,
          26.471108
        ]
      },
      "id": "node/12164093508"
    },
    {
      "type": "Feature",
      "properties": {
        "@id": "node/12164093509",
        "GNS:dsg_code": "PPL",
        "GNS:dsg_name": "populated place",
        "GNS:id": "-2099612",
        "GNS:modify_date": "2012-09-10T00:00:00.000Z",
        "GNS:uni": "-2915091",
        "name": "Kaolākhāt",
        "name:en": "Kaolakhat",
        "place": "hamlet",
        "source": "geonames.mil (GNS) country file 20243649"
      },
      "geometry": {
        "type": "Point",
        "coordinates": [
          93.5832921,
          26.6151992
        ]
      },
      "id": "node/12164093509"
    },
    {
      "type": "Feature",
      "properties": {
        "@id": "node/12164093510",
        "GNS:dsg_code": "PPL",
        "GNS:dsg_name": "populated place",
        "GNS:id": "11646910",
        "GNS:modify_date": "2012-11-08T00:00:00.000Z",
        "GNS:uni": "13985060",
        "name": "Māthani",
        "name:en": "Mathani",
        "place": "hamlet",
        "source": "geonames.mil (GNS) country file 20246367"
      },
      "geometry": {
        "type": "Point",
        "coordinates": [
          93.5140237,
          26.6199151
        ]
      },
      "id": "node/12164093510"
    },
    {
      "type": "Feature",
      "properties": {
        "@id": "node/12164093511",
        "GNS:dsg_code": "PPL",
        "GNS:dsg_name": "populated place",
        "GNS:id": "-2100208",
        "GNS:modify_date": "2012-09-10T00:00:00.000Z",
        "GNS:uni": "-2915912",
        "name": "Kāziranga",
        "name:en": "Kaziranga",
        "place": "hamlet",
        "source": "geonames.mil (GNS) country file 20243230"
      },
      "geometry": {
        "type": "Point",
        "coordinates": [
          93.4084741,
          26.5892533
        ]
      },
      "id": "node/12164093511"
    },
    {
      "type": "Feature",
      "properties": {
        "@id": "node/12164093512",
        "GNS:dsg_code": "PPL",
        "GNS:dsg_name": "populated place",
        "GNS:id": "11646911",
        "GNS:modify_date": "2012-11-08T00:00:00.000Z",
        "GNS:uni": "13985064",
        "name": "Bachāgāon",
        "name:en": "Bachagaon",
        "place": "hamlet",
        "source": "geonames.mil (GNS) country file 20246313"
      },
      "geometry": {
        "type": "Point",
        "coordinates": [
          93.4505995,
          26.5930264
        ]
      },
      "id": "node/12164093512"
    },
    {
      "type": "Feature",
      "properties": {
        "@id": "node/12164103837",
        "name": "Kohora",
        "name:en": "Kohora",
        "place": "hamlet",
        "source:name": "SOI"
      },
      "geometry": {
        "type": "Point",
        "coordinates": [
          93.3964598,
          26.5894506
        ]
      },
      "id": "node/12164103837"
    },
    {
      "type": "Feature",
      "properties": {
        "@id": "node/12164104130",
        "name": "Degrāmgaon",
        "name:en": "Degramgaon",
        "place": "hamlet",
        "source:name": "SOI"
      },
      "geometry": {
        "type": "Point",
        "coordinates": [
          93.4902406,
          26.5329633
        ]
      },
      "id": "node/12164104130"
    },
    {
      "type": "Feature",
      "properties": {
        "@id": "node/12164104131",
        "name": "Burhaterāng Ānchachegaon",
        "name:en": "Burhtarang Anchachegaon",
        "place": "hamlet",
        "source:name": "SOI"
      },
      "geometry": {
        "type": "Point",
        "coordinates": [
          93.4796619,
          26.5409685
        ]
      },
      "id": "node/12164104131"
    },
    {
      "type": "Feature",
      "properties": {
        "@id": "node/12164104133",
        "name": "Langbaigaon",
        "name:en": "langbaigaon",
        "place": "hamlet",
        "source:name": "SOI"
      },
      "geometry": {
        "type": "Point",
        "coordinates": [
          93.4460163,
          26.5565644
        ]
      },
      "id": "node/12164104133"
    },
    {
      "type": "Feature",
      "properties": {
        "@id": "node/12164104134",
        "name": "Ranghānggaon",
        "name:en": "Ranghanggaon",
        "place": "hamlet",
        "source:name": "SOI"
      },
      "geometry": {
        "type": "Point",
        "coordinates": [
          93.4775269,
          26.5461897
        ]
      },
      "id": "node/12164104134"
    },
    {
      "type": "Feature",
      "properties": {
        "@id": "node/12164104135",
        "name": "Langkui Pāngso",
        "name:en": "Langkui Pangso",
        "place": "hamlet",
        "source:name": "SOI"
      },
      "geometry": {
        "type": "Point",
        "coordinates": [
          93.465929,
          26.5483204
        ]
      },
      "id": "node/12164104135"
    },
    {
      "type": "Feature",
      "properties": {
        "@id": "node/12164195689",
        "GNS:dsg_code": "PPL",
        "GNS:dsg_name": "populated place",
        "GNS:id": "-2102616",
        "GNS:modify_date": "2012-09-10T00:00:00.000Z",
        "GNS:uni": "-2919122",
        "name": "Letekujān",
        "name:en": "Letekujan",
        "place": "hamlet",
        "source": "geonames.mil (GNS) country file 20242918"
      },
      "geometry": {
        "type": "Point",
        "coordinates": [
          93.8050528,
          26.5829168
        ]
      },
      "id": "node/12164195689"
    },
    {
      "type": "Feature",
      "properties": {
        "@id": "node/12164195690",
        "name": "Numaligarh",
        "name:en": "Numaligarh",
        "place": "hamlet",
        "source:name": "SOI"
      },
      "geometry": {
        "type": "Point",
        "coordinates": [
          93.7869143,
          26.573684
        ]
      },
      "id": "node/12164195690"
    },
    {
      "type": "Feature",
      "properties": {
        "@id": "node/12164228667",
        "alt_name": "(Deuri)",
        "name": "Sangterāng Waphang Hānse",
        "name:en": "Sagterang Waphang hanse",
        "place": "hamlet",
        "source:name": "SOI"
      },
      "geometry": {
        "type": "Point",
        "coordinates": [
          93.6815572,
          26.5096453
        ]
      },
      "id": "node/12164228667"
    },
    {
      "type": "Feature",
      "properties": {
        "@id": "node/12164229024",
        "name": "Lakhaujān",
        "name:en": "Lakhaujan",
        "place": "hamlet",
        "source:name": "SOI"
      },
      "geometry": {
        "type": "Point",
        "coordinates": [
          93.5200345,
          26.585102
        ]
      },
      "id": "node/12164229024"
    },
    {
      "type": "Feature",
      "properties": {
        "@id": "node/12164229025",
        "name": "Takbigaon",
        "name:en": "Takbigaon",
        "place": "hamlet",
        "source:name": "SOI"
      },
      "geometry": {
        "type": "Point",
        "coordinates": [
          93.5293472,
          26.5838547
        ]
      },
      "id": "node/12164229025"
    },
    {
      "type": "Feature",
      "properties": {
        "@id": "node/12164229026",
        "name": "Rangterenggaon",
        "name:en": "Rangterenggaon",
        "place": "hamlet",
        "source:name": "SOI"
      },
      "geometry": {
        "type": "Point",
        "coordinates": [
          93.530302,
          26.5639442
        ]
      },
      "id": "node/12164229026"
    },
    {
      "type": "Feature",
      "properties": {
        "@id": "node/12164229027",
        "name": "Tipujān Basti",
        "name:en": "Tipujan Basti",
        "place": "hamlet",
        "source:name": "SOI"
      },
      "geometry": {
        "type": "Point",
        "coordinates": [
          93.5833883,
          26.5757278
        ]
      },
      "id": "node/12164229027"
    },
    {
      "type": "Feature",
      "properties": {
        "@id": "node/12164229028",
        "name": "Tipujān",
        "name:en": "Tipujan",
        "place": "hamlet",
        "source:name": "SOI"
      },
      "geometry": {
        "type": "Point",
        "coordinates": [
          93.5842037,
          26.5806452
        ]
      },
      "id": "node/12164229028"
    },
    {
      "type": "Feature",
      "properties": {
        "@id": "node/12164229029",
        "name": "Kekang Ādanggaon",
        "name:en": "Kekang Adanggaon",
        "place": "hamlet",
        "source:name": "SOI"
      },
      "geometry": {
        "type": "Point",
        "coordinates": [
          93.6956763,
          26.5688766
        ]
      },
      "id": "node/12164229029"
    },
    {
      "type": "Feature",
      "properties": {
        "@id": "node/12164229030",
        "name": "Diethar Pathārgaon",
        "name:en": "Diethar Pathargaon",
        "place": "hamlet",
        "source:name": "SOI"
      },
      "geometry": {
        "type": "Point",
        "coordinates": [
          93.7170267,
          26.5783952
        ]
      },
      "id": "node/12164229030"
    },
    {
      "type": "Feature",
      "properties": {
        "@id": "node/12164229031",
        "name": "Tarādon",
        "name:en": "Taradon",
        "place": "hamlet",
        "source:name": "SOI"
      },
      "geometry": {
        "type": "Point",
        "coordinates": [
          93.7225842,
          26.5815999
        ]
      },
      "id": "node/12164229031"
    },
    {
      "type": "Feature",
      "properties": {
        "@id": "node/12164229032",
        "name": "Mara Bheti",
        "name:en": "Mera Bheti",
        "place": "hamlet",
        "source:name": "SOI"
      },
      "geometry": {
        "type": "Point",
        "coordinates": [
          93.7628388,
          26.4915656
        ]
      },
      "id": "node/12164229032"
    },
    {
      "type": "Feature",
      "properties": {
        "@id": "node/12164229033",
        "name": "Bālijāngaon",
        "name:en": "Balijangaon",
        "place": "hamlet",
        "source:name": "SOI"
      },
      "geometry": {
        "type": "Point",
        "coordinates": [
          93.7393641,
          26.4434288
        ]
      },
      "id": "node/12164229033"
    },
    {
      "type": "Feature",
      "properties": {
        "@id": "node/12164229034",
        "name": "Bālijāngaon",
        "name:en": "Balijangaon",
        "place": "hamlet",
        "source:name": "SOI"
      },
      "geometry": {
        "type": "Point",
        "coordinates": [
          93.7576675,
          26.4406813
        ]
      },
      "id": "node/12164229034"
    },
    {
      "type": "Feature",
      "properties": {
        "@id": "node/12164229035",
        "name": "Chakihola",
        "name:en": "Chakihola",
        "place": "hamlet",
        "source:name": "SOI"
      },
      "geometry": {
        "type": "Point",
        "coordinates": [
          93.7584615,
          26.4523623
        ]
      },
      "id": "node/12164229035"
    },
    {
      "type": "Feature",
      "properties": {
        "@id": "node/12166706377",
        "name": "Khāgarijān No 2",
        "name:en": "Khagarijan No 2",
        "place": "hamlet",
        "source:name": "SOI"
      },
      "geometry": {
        "type": "Point",
        "coordinates": [
          93.1090021,
          25.9142417
        ]
      },
      "id": "node/12166706377"
    },
    {
      "type": "Feature",
      "properties": {
        "@id": "node/12166706378",
        "name": "Khāgarijān No 1",
        "name:en": "Khagarijan No 1",
        "place": "hamlet",
        "source:name": "SOI"
      },
      "geometry": {
        "type": "Point",
        "coordinates": [
          93.1147527,
          25.9030857
        ]
      },
      "id": "node/12166706378"
    },
    {
      "type": "Feature",
      "properties": {
        "@id": "node/12166706379",
        "name": "Tapanpur",
        "name:en": "Tapanpur",
        "place": "hamlet",
        "source:name": "SOI"
      },
      "geometry": {
        "type": "Point",
        "coordinates": [
          93.0534267,
          26.01535
        ]
      },
      "id": "node/12166706379"
    },
    {
      "type": "Feature",
      "properties": {
        "@id": "node/12168639585",
        "alt_name": "Thesojuri",
        "name": "Thesoajur",
        "name:en": "Thesoajur",
        "place": "hamlet",
        "source:name": "SOI"
      },
      "geometry": {
        "type": "Point",
        "coordinates": [
          93.3977365,
          25.8263356
        ]
      },
      "id": "node/12168639585"
    },
    {
      "type": "Feature",
      "properties": {
        "@id": "node/12178495177",
        "name": "Barbāli",
        "name:en": "Barbali",
        "place": "hamlet",
        "source:name": "SOI"
      },
      "geometry": {
        "type": "Point",
        "coordinates": [
          93.0223775,
          26.0768097
        ]
      },
      "id": "node/12178495177"
    },
    {
      "type": "Feature",
      "properties": {
        "@id": "node/12178495178",
        "name": "Barbāli",
        "name:en": "Barbali",
        "place": "hamlet",
        "source:name": "SOI"
      },
      "geometry": {
        "type": "Point",
        "coordinates": [
          93.0222273,
          26.084461
        ]
      },
      "id": "node/12178495178"
    },
    {
      "type": "Feature",
      "properties": {
        "@id": "node/12178495179",
        "name": "Rowārpār",
        "name:en": "Rowarpar",
        "place": "hamlet",
        "source:name": "SOI"
      },
      "geometry": {
        "type": "Point",
        "coordinates": [
          92.9245734,
          26.1087992
        ]
      },
      "id": "node/12178495179"
    },
    {
      "type": "Feature",
      "properties": {
        "@id": "node/12178495180",
        "name": "Āmbāri",
        "name:en": "Ambari",
        "place": "hamlet",
        "source:name": "SOI"
      },
      "geometry": {
        "type": "Point",
        "coordinates": [
          92.9769945,
          26.1145024
        ]
      },
      "id": "node/12178495180"
    },
    {
      "type": "Feature",
      "properties": {
        "@id": "node/12178495181",
        "name": "Āmbāri",
        "name:en": "Ambari",
        "place": "hamlet",
        "source:name": "SOI"
      },
      "geometry": {
        "type": "Point",
        "coordinates": [
          92.9583478,
          26.0940581
        ]
      },
      "id": "node/12178495181"
    },
    {
      "type": "Feature",
      "properties": {
        "@id": "node/12178589445",
        "name": "Chaudhari Bāzār",
        "name:en": "Chaudhari bazar",
        "place": "hamlet",
        "source:name": "SOI"
      },
      "geometry": {
        "type": "Point",
        "coordinates": [
          93.0417323,
          26.0560311
        ]
      },
      "id": "node/12178589445"
    },
    {
      "type": "Feature",
      "properties": {
        "@id": "node/12178589446",
        "name": "Silputātināli",
        "name:en": "Silputatinali",
        "place": "hamlet",
        "source:name": "SOI"
      },
      "geometry": {
        "type": "Point",
        "coordinates": [
          93.1566381,
          26.0436547
        ]
      },
      "id": "node/12178589446"
    },
    {
      "type": "Feature",
      "properties": {
        "@id": "node/12184841905",
        "name": "Lāngtarāng",
        "name:en": "Langtarang",
        "place": "hamlet",
        "population:tribe": "Kachāri",
        "source:name": "SOI",
        "source:population:tribe": "SOI"
      },
      "geometry": {
        "type": "Point",
        "coordinates": [
          92.9750204,
          25.484985
        ]
      },
      "id": "node/12184841905"
    },
    {
      "type": "Feature",
      "properties": {
        "@id": "node/12184841906",
        "name": "Sarungdisa",
        "name:en": "Sarungdisa",
        "place": "hamlet",
        "source:name": "SOI"
      },
      "geometry": {
        "type": "Point",
        "coordinates": [
          92.9622531,
          25.4923066
        ]
      },
      "id": "node/12184841906"
    },
    {
      "type": "Feature",
      "properties": {
        "@id": "node/12184841907",
        "name": "Dikārbi",
        "name:en": "Dikarbi",
        "place": "hamlet",
        "source:name": "SOI"
      },
      "geometry": {
        "type": "Point",
        "coordinates": [
          92.9664373,
          25.5073357
        ]
      },
      "id": "node/12184841907"
    },
    {
      "type": "Feature",
      "properties": {
        "@id": "node/12184841908",
        "name": "Mazuari",
        "name:en": "mazuari",
        "place": "hamlet",
        "source:name": "SOI"
      },
      "geometry": {
        "type": "Point",
        "coordinates": [
          92.9840112,
          25.5423834
        ]
      },
      "id": "node/12184841908"
    },
    {
      "type": "Feature",
      "properties": {
        "@id": "node/12184841909",
        "name": "Lāngyendisa",
        "name:en": "Langyendisa",
        "place": "hamlet",
        "source:name": "SOI"
      },
      "geometry": {
        "type": "Point",
        "coordinates": [
          92.9685187,
          25.5433321
        ]
      },
      "id": "node/12184841909"
    },
    {
      "type": "Feature",
      "properties": {
        "@id": "node/12184841910",
        "name": "Thāijuwāri",
        "name:en": "Thaijuwari",
        "place": "hamlet",
        "source:name": "SOI"
      },
      "geometry": {
        "type": "Point",
        "coordinates": [
          92.9708576,
          25.5690012
        ]
      },
      "id": "node/12184841910"
    },
    {
      "type": "Feature",
      "properties": {
        "@id": "node/12184841911",
        "name": "Thāijuwāri",
        "name:en": "Thaijuwari",
        "place": "hamlet",
        "source:name": "SOI"
      },
      "geometry": {
        "type": "Point",
        "coordinates": [
          92.969917,
          25.5573626
        ]
      },
      "id": "node/12184841911"
    },
    {
      "type": "Feature",
      "properties": {
        "@id": "node/12184841912",
        "name": "Lāngdisa",
        "name:en": "Langdisa",
        "place": "hamlet",
        "source:name": "SOI"
      },
      "geometry": {
        "type": "Point",
        "coordinates": [
          92.9604936,
          25.5768789
        ]
      },
      "id": "node/12184841912"
    },
    {
      "type": "Feature",
      "properties": {
        "@id": "node/12184841913",
        "name": "Lāngkol",
        "name:en": "Langkol",
        "place": "hamlet",
        "source:name": "SOI"
      },
      "geometry": {
        "type": "Point",
        "coordinates": [
          92.942512,
          25.5876688
        ]
      },
      "id": "node/12184841913"
    },
    {
      "type": "Feature",
      "properties": {
        "@id": "node/12184841914",
        "name": "Jārāmdisa",
        "name:en": "Jaramdisa",
        "place": "hamlet",
        "source:name": "SOI"
      },
      "geometry": {
        "type": "Point",
        "coordinates": [
          92.9367292,
          25.592091
        ]
      },
      "id": "node/12184841914"
    },
    {
      "type": "Feature",
      "properties": {
        "@id": "node/12184841916",
        "name": "Old Gera",
        "name:en": "Old Gera",
        "place": "hamlet",
        "source:name": "SOI"
      },
      "geometry": {
        "type": "Point",
        "coordinates": [
          92.9090971,
          25.6394952
        ]
      },
      "id": "node/12184841916"
    },
    {
      "type": "Feature",
      "properties": {
        "@id": "node/12184841917",
        "name": "Lārbo",
        "name:en": "Larbo",
        "place": "hamlet",
        "source:name": "SOI"
      },
      "geometry": {
        "type": "Point",
        "coordinates": [
          92.9255175,
          25.6434898
        ]
      },
      "id": "node/12184841917"
    },
    {
      "type": "Feature",
      "properties": {
        "@id": "node/12184841918",
        "name": "Railing",
        "name:en": "Railing",
        "place": "hamlet",
        "source:name": "SOI"
      },
      "geometry": {
        "type": "Point",
        "coordinates": [
          92.9208076,
          25.660792
        ]
      },
      "id": "node/12184841918"
    },
    {
      "type": "Feature",
      "properties": {
        "@id": "node/12184841919",
        "name": "Kaila Disa",
        "name:en": "Kaila Disa",
        "place": "hamlet",
        "source:name": "SOI"
      },
      "geometry": {
        "type": "Point",
        "coordinates": [
          92.9073483,
          25.6737548
        ]
      },
      "id": "node/12184841919"
    },
    {
      "type": "Feature",
      "properties": {
        "@id": "node/12184841920",
        "name": "Adālāngso",
        "name:en": "Adalangso",
        "place": "hamlet",
        "source:name": "SOI"
      },
      "geometry": {
        "type": "Point",
        "coordinates": [
          92.9071498,
          25.7001307
        ]
      },
      "id": "node/12184841920"
    },
    {
      "type": "Feature",
      "properties": {
        "@id": "node/12184841921",
        "name": "Ardha",
        "name:en": "Ardha",
        "place": "hamlet",
        "source:name": "SOI"
      },
      "geometry": {
        "type": "Point",
        "coordinates": [
          92.9087484,
          25.7074681
        ]
      },
      "id": "node/12184841921"
    },
    {
      "type": "Feature",
      "properties": {
        "@id": "node/12184841922",
        "name": "Ningthe",
        "name:en": "Ningthe",
        "place": "hamlet",
        "source:name": "SOI"
      },
      "geometry": {
        "type": "Point",
        "coordinates": [
          92.9079035,
          25.7161994
        ]
      },
      "id": "node/12184841922"
    },
    {
      "type": "Feature",
      "properties": {
        "@id": "node/12184841924",
        "name": "Probdisa",
        "name:en": "Probdisa",
        "place": "hamlet",
        "source:name": "SOI"
      },
      "geometry": {
        "type": "Point",
        "coordinates": [
          92.9102933,
          25.7315507
        ]
      },
      "id": "node/12184841924"
    },
    {
      "type": "Feature",
      "properties": {
        "@id": "node/12184841925",
        "name": "Probdisa",
        "name:en": "Probdisa",
        "place": "hamlet",
        "source:name": "SOI"
      },
      "geometry": {
        "type": "Point",
        "coordinates": [
          92.9155505,
          25.7408577
        ]
      },
      "id": "node/12184841925"
    },
    {
      "type": "Feature",
      "properties": {
        "@id": "node/12184841926",
        "name": "Kārbithepa",
        "name:en": "Karbithepa",
        "place": "hamlet",
        "source:name": "SOI"
      },
      "geometry": {
        "type": "Point",
        "coordinates": [
          92.8980517,
          25.7485115
        ]
      },
      "id": "node/12184841926"
    },
    {
      "type": "Feature",
      "properties": {
        "@id": "node/12184841927",
        "name": "Washobil",
        "name:en": "Wahobil",
        "place": "hamlet",
        "source:name": "SOI"
      },
      "geometry": {
        "type": "Point",
        "coordinates": [
          92.9130936,
          25.7476804
        ]
      },
      "id": "node/12184841927"
    },
    {
      "type": "Feature",
      "properties": {
        "@id": "node/12184841928",
        "name": "Chhota Wāshling No. 2",
        "name:en": "Chhota Washling No. 2",
        "place": "hamlet",
        "source:name": "SOI"
      },
      "geometry": {
        "type": "Point",
        "coordinates": [
          92.9158723,
          25.7531209
        ]
      },
      "id": "node/12184841928"
    },
    {
      "type": "Feature",
      "properties": {
        "@id": "node/12184841929",
        "name": "Haflong Tiniali",
        "name:en": "Haflong Tiniali",
        "place": "hamlet"
      },
      "geometry": {
        "type": "Point",
        "coordinates": [
          92.9153627,
          25.7581843
        ]
      },
      "id": "node/12184841929"
    },
    {
      "type": "Feature",
      "properties": {
        "@id": "node/12184848890",
        "name": "Lāngkri",
        "name:en": "Langkri",
        "place": "hamlet",
        "source:name": "SOI"
      },
      "geometry": {
        "type": "Point",
        "coordinates": [
          92.8806066,
          25.738055
        ]
      },
      "id": "node/12184848890"
    },
    {
      "type": "Feature",
      "properties": {
        "@id": "node/12184848891",
        "name": "Lāngkri",
        "name:en": "Langkri",
        "place": "hamlet",
        "source:name": "SOI"
      },
      "geometry": {
        "type": "Point",
        "coordinates": [
          92.883482,
          25.7336287
        ]
      },
      "id": "node/12184848891"
    },
    {
      "type": "Feature",
      "properties": {
        "@id": "node/12184848892",
        "name": "Klempu",
        "name:en": "Klempu",
        "place": "hamlet",
        "source:name": "SOI"
      },
      "geometry": {
        "type": "Point",
        "coordinates": [
          92.8915071,
          25.7222623
        ]
      },
      "id": "node/12184848892"
    },
    {
      "type": "Feature",
      "properties": {
        "@id": "node/12184848893",
        "name": "Klempu",
        "name:en": "Klempu",
        "place": "hamlet",
        "source:name": "SOI"
      },
      "geometry": {
        "type": "Point",
        "coordinates": [
          92.8901124,
          25.718744
        ]
      },
      "id": "node/12184848893"
    },
    {
      "type": "Feature",
      "properties": {
        "@id": "node/12184848894",
        "name": "Klempu",
        "name:en": "Klempu",
        "place": "hamlet",
        "source:name": "SOI"
      },
      "geometry": {
        "type": "Point",
        "coordinates": [
          92.8881383,
          25.7151868
        ]
      },
      "id": "node/12184848894"
    },
    {
      "type": "Feature",
      "properties": {
        "@id": "node/12184848895",
        "name": "New Gera",
        "name:en": "New Gera",
        "place": "hamlet",
        "source:name": "SOI"
      },
      "geometry": {
        "type": "Point",
        "coordinates": [
          92.8957397,
          25.6581954
        ]
      },
      "id": "node/12184848895"
    },
    {
      "type": "Feature",
      "properties": {
        "@id": "node/12184848896",
        "name": "Boro Langlai",
        "name:en": "Boro Langlai",
        "place": "hamlet",
        "source:name": "SOI"
      },
      "geometry": {
        "type": "Point",
        "coordinates": [
          92.7333855,
          25.4725102
        ]
      },
      "id": "node/12184848896"
    },
    {
      "type": "Feature",
      "properties": {
        "@id": "node/12184848898",
        "name": "Kurungthar",
        "name:en": "Kurungthar",
        "place": "hamlet",
        "source:name": "SOI"
      },
      "geometry": {
        "type": "Point",
        "coordinates": [
          92.7666235,
          25.4758228
        ]
      },
      "id": "node/12184848898"
    },
    {
      "type": "Feature",
      "properties": {
        "@id": "node/12184848899",
        "name": "Thāosenpur",
        "name:en": "Thaosenpur",
        "place": "hamlet",
        "source:name": "SOI"
      },
      "geometry": {
        "type": "Point",
        "coordinates": [
          92.7873301,
          25.4750867
        ]
      },
      "id": "node/12184848899"
    },
    {
      "type": "Feature",
      "properties": {
        "@id": "node/12184848900",
        "name": "Khunti",
        "name:en": "Khunti",
        "place": "hamlet",
        "source:name": "SOI"
      },
      "geometry": {
        "type": "Point",
        "coordinates": [
          92.7859998,
          25.4956961
        ]
      },
      "id": "node/12184848900"
    },
    {
      "type": "Feature",
      "properties": {
        "@id": "node/12184851601",
        "name": "Dorbin",
        "name:en": "Dorbin",
        "place": "hamlet",
        "source:name": "SOI"
      },
      "geometry": {
        "type": "Point",
        "coordinates": [
          92.8003549,
          25.4927714
        ]
      },
      "id": "node/12184851601"
    },
    {
      "type": "Feature",
      "properties": {
        "@id": "node/12184851602",
        "name": "Dithur",
        "name:en": "Dithur",
        "place": "hamlet",
        "source:name": "SOI"
      },
      "geometry": {
        "type": "Point",
        "coordinates": [
          92.8013849,
          25.4965676
        ]
      },
      "id": "node/12184851602"
    },
    {
      "type": "Feature",
      "properties": {
        "@id": "node/12184851603",
        "name": "Wāridiplāi",
        "name:en": "Waridiplai",
        "place": "hamlet",
        "source:name": "SOI"
      },
      "geometry": {
        "type": "Point",
        "coordinates": [
          92.8147959,
          25.5053991
        ]
      },
      "id": "node/12184851603"
    },
    {
      "type": "Feature",
      "properties": {
        "@id": "node/12184851604",
        "name": "Wāridiplāi",
        "name:en": "Waridiplai",
        "place": "hamlet",
        "source:name": "SOI"
      },
      "geometry": {
        "type": "Point",
        "coordinates": [
          92.8213405,
          25.5133972
        ]
      },
      "id": "node/12184851604"
    },
    {
      "type": "Feature",
      "properties": {
        "@id": "node/12184851605",
        "name": "Dikārbi",
        "name:en": "Dikarbi",
        "place": "hamlet",
        "source:name": "SOI"
      },
      "geometry": {
        "type": "Point",
        "coordinates": [
          92.8355026,
          25.5464684
        ]
      },
      "id": "node/12184851605"
    },
    {
      "type": "Feature",
      "properties": {
        "@id": "node/12184851609",
        "name": "Langchiru",
        "name:en": "Langchiru",
        "place": "hamlet",
        "source:name": "SOI"
      },
      "geometry": {
        "type": "Point",
        "coordinates": [
          92.7632761,
          25.5035399
        ]
      },
      "id": "node/12184851609"
    },
    {
      "type": "Feature",
      "properties": {
        "@id": "node/12184851610",
        "name": "Umrāngso",
        "name:en": "Umrangso",
        "place": "hamlet",
        "source:name": "SOI"
      },
      "geometry": {
        "type": "Point",
        "coordinates": [
          92.7522468,
          25.5037529
        ]
      },
      "id": "node/12184851610"
    },
    {
      "type": "Feature",
      "properties": {
        "@id": "node/12184851611",
        "name": "Umrāngso (16km)",
        "name:en": "Umrangso (16km)",
        "place": "hamlet",
        "source:name": "SOI"
      },
      "geometry": {
        "type": "Point",
        "coordinates": [
          92.7632975,
          25.5136683
        ]
      },
      "id": "node/12184851611"
    },
    {
      "type": "Feature",
      "properties": {
        "@id": "node/12184851612",
        "name": "Umrāngso",
        "name:en": "Umrangso",
        "place": "hamlet",
        "source:name": "SOI"
      },
      "geometry": {
        "type": "Point",
        "coordinates": [
          92.7814936,
          25.5400214
        ]
      },
      "id": "node/12184851612"
    },
    {
      "type": "Feature",
      "properties": {
        "@id": "node/12184851613",
        "name": "Umrāngshu",
        "name:en": "Umrangshu",
        "place": "hamlet",
        "source:name": "SOI"
      },
      "geometry": {
        "type": "Point",
        "coordinates": [
          92.7691984,
          25.5451907
        ]
      },
      "id": "node/12184851613"
    },
    {
      "type": "Feature",
      "properties": {
        "@id": "node/12184851614",
        "name": "Umrāngshu",
        "name:en": "Umrangshu",
        "place": "hamlet",
        "source:name": "SOI"
      },
      "geometry": {
        "type": "Point",
        "coordinates": [
          92.7689409,
          25.5382208
        ]
      },
      "id": "node/12184851614"
    },
    {
      "type": "Feature",
      "properties": {
        "@id": "node/12184851615",
        "name": "Mangle",
        "name:en": "Mangle",
        "place": "hamlet",
        "source:name": "SOI"
      },
      "geometry": {
        "type": "Point",
        "coordinates": [
          92.8091472,
          25.5506114
        ]
      },
      "id": "node/12184851615"
    },
    {
      "type": "Feature",
      "properties": {
        "@id": "node/12184851617",
        "name": "Diamāi",
        "name:en": "Dismai",
        "place": "hamlet",
        "source:name": "SOI"
      },
      "geometry": {
        "type": "Point",
        "coordinates": [
          92.8749632,
          25.6067206
        ]
      },
      "id": "node/12184851617"
    },
    {
      "type": "Feature",
      "properties": {
        "@id": "node/12184851618",
        "name": "Lāngkula",
        "name:en": "Langkula",
        "place": "hamlet",
        "source:name": "SOI"
      },
      "geometry": {
        "type": "Point",
        "coordinates": [
          92.9069137,
          25.6017088
        ]
      },
      "id": "node/12184851618"
    },
    {
      "type": "Feature",
      "properties": {
        "@id": "node/12184851619",
        "name": "Pāklāngso",
        "name:en": "Paklangso",
        "place": "hamlet",
        "source:name": "SOI"
      },
      "geometry": {
        "type": "Point",
        "coordinates": [
          92.9151964,
          25.5664462
        ]
      },
      "id": "node/12184851619"
    },
    {
      "type": "Feature",
      "properties": {
        "@id": "node/12184851620",
        "name": "Lāngdisa",
        "name:en": "Langdisa",
        "place": "hamlet",
        "source:name": "SOI"
      },
      "geometry": {
        "type": "Point",
        "coordinates": [
          92.9380059,
          25.5652654
        ]
      },
      "id": "node/12184851620"
    },
    {
      "type": "Feature",
      "properties": {
        "@id": "node/12184851626",
        "name": "Dithur",
        "name:en": "Dithur",
        "place": "hamlet",
        "source:name": "SOI"
      },
      "geometry": {
        "type": "Point",
        "coordinates": [
          92.9457736,
          25.5201554
        ]
      },
      "id": "node/12184851626"
    },
    {
      "type": "Feature",
      "properties": {
        "@id": "node/12184851628",
        "name": "Dihāngi",
        "name:en": "Dihangi",
        "place": "hamlet",
        "population:tribe": "Kachāri",
        "source:name": "SOI",
        "source:population:tribe": "SOI"
      },
      "geometry": {
        "type": "Point",
        "coordinates": [
          92.9904055,
          25.4200981
        ]
      },
      "id": "node/12184851628"
    },
    {
      "type": "Feature",
      "properties": {
        "@id": "node/12184851629",
        "name": "Lāngmāīsādikhrang",
        "name:en": "Langmaisadikhrang",
        "place": "hamlet",
        "population:tribe": "Kachāri",
        "source:name": "SOI",
        "source:population:tribe": "SOI"
      },
      "geometry": {
        "type": "Point",
        "coordinates": [
          92.9917145,
          25.4289545
        ]
      },
      "id": "node/12184851629"
    },
    {
      "type": "Feature",
      "properties": {
        "@id": "node/12184851631",
        "name": "Lānglāi No 1",
        "name:en": "Langlai No. 1",
        "place": "hamlet",
        "source:name": "SOI"
      },
      "geometry": {
        "type": "Point",
        "coordinates": [
          92.9847193,
          25.4455998
        ]
      },
      "id": "node/12184851631"
    },
    {
      "type": "Feature",
      "properties": {
        "@id": "node/12185046687",
        "name": "Hārāngajao",
        "name:en": "Harangajao",
        "place": "hamlet",
        "source:name": "SOI"
      },
      "geometry": {
        "type": "Point",
        "coordinates": [
          92.8554716,
          25.1113122
        ]
      },
      "id": "node/12185046687"
    },
    {
      "type": "Feature",
      "properties": {
        "@id": "node/12185046688",
        "alt_name": "Khobak",
        "name": "Kobak",
        "name:en": "Kobak",
        "place": "village",
        "source:name": "SOI"
      },
      "geometry": {
        "type": "Point",
        "coordinates": [
          92.8054269,
          25.2857985
        ]
      },
      "id": "node/12185046688"
    },
    {
      "type": "Feature",
      "properties": {
        "@id": "node/12186828446",
        "name": "Dimādao",
        "name:en": "Dimadao",
        "place": "hamlet",
        "population:tribe": "Kachāri",
        "source:name": "SOI",
        "source:population:tribe": "SOI"
      },
      "geometry": {
        "type": "Point",
        "coordinates": [
          92.9288435,
          25.4833773
        ]
      },
      "id": "node/12186828446"
    },
    {
      "type": "Feature",
      "properties": {
        "@id": "node/12186828447",
        "name": "Wāri Lāmpu",
        "name:en": "Wari Lampu",
        "place": "hamlet",
        "population:tribe": "Kachāri",
        "source:name": "SOI",
        "source:population:tribe": "SOI"
      },
      "geometry": {
        "type": "Point",
        "coordinates": [
          92.9015922,
          25.4780698
        ]
      },
      "id": "node/12186828447"
    },
    {
      "type": "Feature",
      "properties": {
        "@id": "node/12186828448",
        "name": "Amardisa",
        "name:en": "Amardisa",
        "place": "hamlet",
        "population:tribe": "Kachāri",
        "source:name": "SOI",
        "source:population:tribe": "SOI"
      },
      "geometry": {
        "type": "Point",
        "coordinates": [
          92.9257536,
          25.4418408
        ]
      },
      "id": "node/12186828448"
    },
    {
      "type": "Feature",
      "properties": {
        "@id": "node/12186828449",
        "name": "Dikongmābra",
        "name:en": "Dikongmabra",
        "place": "hamlet",
        "population:tribe": "Kachāri",
        "source:name": "SOI",
        "source:population:tribe": "SOI"
      },
      "geometry": {
        "type": "Point",
        "coordinates": [
          92.9443788,
          25.3987973
        ]
      },
      "id": "node/12186828449"
    },
    {
      "type": "Feature",
      "properties": {
        "@id": "node/12186828451",
        "name": "Bāgha",
        "name:en": "Bagha",
        "place": "hamlet",
        "population:tribe": "Khelma",
        "source:name": "SOI",
        "source:population:tribe": "SOI"
      },
      "geometry": {
        "type": "Point",
        "coordinates": [
          92.8625875,
          25.4082998
        ]
      },
      "id": "node/12186828451"
    },
    {
      "type": "Feature",
      "properties": {
        "@id": "node/12186828452",
        "name": "Christian Lānglut",
        "name:en": "Christian Langlut",
        "place": "hamlet",
        "source:name": "SOI"
      },
      "geometry": {
        "type": "Point",
        "coordinates": [
          92.8410011,
          25.4264353
        ]
      },
      "id": "node/12186828452"
    },
    {
      "type": "Feature",
      "properties": {
        "@id": "node/12186828453",
        "alt_name": "Khelma",
        "name": "Choto Lānglut",
        "name:en": "Choto Langlut",
        "place": "hamlet",
        "source:name": "SOI"
      },
      "geometry": {
        "type": "Point",
        "coordinates": [
          92.8290438,
          25.4337798
        ]
      },
      "id": "node/12186828453"
    },
    {
      "type": "Feature",
      "properties": {
        "@id": "node/12186828454",
        "name": "Hindu Lānglut",
        "name:en": "Hindu Langlut",
        "place": "hamlet",
        "source:name": "SOI"
      },
      "geometry": {
        "type": "Point",
        "coordinates": [
          92.824645,
          25.4524781
        ]
      },
      "id": "node/12186828454"
    },
    {
      "type": "Feature",
      "properties": {
        "@id": "node/12186828455",
        "alt_name": "Khelma",
        "name": "Bangphiri",
        "name:en": "Bangphiri",
        "place": "hamlet",
        "source:name": "SOI"
      },
      "geometry": {
        "type": "Point",
        "coordinates": [
          92.7994323,
          25.4403875
        ]
      },
      "id": "node/12186828455"
    },
    {
      "type": "Feature",
      "properties": {
        "@id": "node/12186828456",
        "alt_name": "Khelma",
        "name": "Bangphiri",
        "name:en": "Bangphiri",
        "place": "hamlet",
        "source:name": "SOI"
      },
      "geometry": {
        "type": "Point",
        "coordinates": [
          92.8079939,
          25.4300591
        ]
      },
      "id": "node/12186828456"
    },
    {
      "type": "Feature",
      "properties": {
        "@id": "node/12186828457",
        "alt_name": "Sangbār Camp",
        "alt_name:en": "Sangbar Camp",
        "name": "New Sangbar",
        "name:en": "New Sangbar",
        "place": "hamlet",
        "source:alt_name": "SOI"
      },
      "geometry": {
        "type": "Point",
        "coordinates": [
          92.7925443,
          25.4134965
        ]
      },
      "id": "node/12186828457"
    },
    {
      "type": "Feature",
      "properties": {
        "@id": "node/12187250119",
        "name": "Raising",
        "name:en": "Raising",
        "place": "hamlet",
        "source:name": "SOI"
      },
      "geometry": {
        "type": "Point",
        "coordinates": [
          92.8491497,
          25.1748253
        ]
      },
      "id": "node/12187250119"
    },
    {
      "type": "Feature",
      "properties": {
        "@id": "node/12187250120",
        "name": "Indanglo",
        "name:en": "Indanglo",
        "place": "hamlet",
        "source:name": "SOI"
      },
      "geometry": {
        "type": "Point",
        "coordinates": [
          92.877227,
          25.2037447
        ]
      },
      "id": "node/12187250120"
    },
    {
      "type": "Feature",
      "properties": {
        "@id": "node/12187250121",
        "name": "Rānchirām",
        "name:en": "Ranchiram",
        "place": "hamlet",
        "source:name": "SOI"
      },
      "geometry": {
        "type": "Point",
        "coordinates": [
          92.8837609,
          25.239116
        ]
      },
      "id": "node/12187250121"
    },
    {
      "type": "Feature",
      "properties": {
        "@id": "node/12187250122",
        "name": "Mauldam",
        "name:en": "Mauldam",
        "place": "hamlet",
        "source:name": "SOI"
      },
      "geometry": {
        "type": "Point",
        "coordinates": [
          92.8198385,
          25.2106295
        ]
      },
      "id": "node/12187250122"
    },
    {
      "type": "Feature",
      "properties": {
        "@id": "node/12187250123",
        "name": "Jahāi",
        "name:en": "Jahai",
        "place": "hamlet",
        "source:name": "SOI"
      },
      "geometry": {
        "type": "Point",
        "coordinates": [
          92.8300524,
          25.212998
        ]
      },
      "id": "node/12187250123"
    },
    {
      "type": "Feature",
      "properties": {
        "@id": "node/12187250124",
        "name": "Mālangpa",
        "name:en": "Malangpa",
        "place": "hamlet",
        "source:name": "SOI"
      },
      "geometry": {
        "type": "Point",
        "coordinates": [
          92.8262973,
          25.2175018
        ]
      },
      "id": "node/12187250124"
    },
    {
      "type": "Feature",
      "properties": {
        "@id": "node/12187250125",
        "name": "Thāijal",
        "name:en": "Thaijal",
        "place": "hamlet",
        "source:name": "SOI"
      },
      "geometry": {
        "type": "Point",
        "coordinates": [
          92.8042388,
          25.187758
        ]
      },
      "id": "node/12187250125"
    },
    {
      "type": "Feature",
      "properties": {
        "@id": "node/12187250126",
        "name": "Kanipiui",
        "name:en": "Kanipui",
        "place": "hamlet",
        "source:name": "SOI"
      },
      "geometry": {
        "type": "Point",
        "coordinates": [
          92.8231001,
          25.1956023
        ]
      },
      "id": "node/12187250126"
    },
    {
      "type": "Feature",
      "properties": {
        "@id": "node/12187250127",
        "name": "Thuruk",
        "name:en": "Thuruk",
        "place": "hamlet",
        "source:name": "SOI"
      },
      "geometry": {
        "type": "Point",
        "coordinates": [
          92.8152895,
          25.1797965
        ]
      },
      "id": "node/12187250127"
    },
    {
      "type": "Feature",
      "properties": {
        "@id": "node/12187250128",
        "name": "Khotlir",
        "name:en": "Khotlir",
        "place": "hamlet",
        "source:name": "SOI"
      },
      "geometry": {
        "type": "Point",
        "coordinates": [
          92.8224993,
          25.245744
        ]
      },
      "id": "node/12187250128"
    },
    {
      "type": "Feature",
      "properties": {
        "@id": "node/12187250129",
        "name": "Khārtongsip",
        "name:en": "Khartongsip",
        "place": "hamlet",
        "source:name": "SOI"
      },
      "geometry": {
        "type": "Point",
        "coordinates": [
          92.8109765,
          25.2521485
        ]
      },
      "id": "node/12187250129"
    },
    {
      "type": "Feature",
      "properties": {
        "@id": "node/12187250784",
        "name": "Kanan",
        "name:en": "Kanan",
        "place": "hamlet",
        "source:name": "SOI"
      },
      "geometry": {
        "type": "Point",
        "coordinates": [
          92.8671741,
          25.36586
        ]
      },
      "id": "node/12187250784"
    },
    {
      "type": "Feature",
      "properties": {
        "@id": "node/12187251505",
        "name": "Vaitongsip",
        "name:en": "Vaitongsip",
        "place": "hamlet",
        "source:name": "SOI"
      },
      "geometry": {
        "type": "Point",
        "coordinates": [
          92.8135407,
          25.3273086
        ]
      },
      "id": "node/12187251505"
    },
    {
      "type": "Feature",
      "properties": {
        "@id": "node/12187251870",
        "name": "Khudirāng",
        "name:en": "Khudirang",
        "place": "hamlet",
        "population:tribe": "Kachāri",
        "source:name": "SOI",
        "source:population:tribe": "SOI"
      },
      "geometry": {
        "type": "Point",
        "coordinates": [
          92.9062915,
          25.3301015
        ]
      },
      "id": "node/12187251870"
    },
    {
      "type": "Feature",
      "properties": {
        "@id": "node/12187253911",
        "name": "Khunti",
        "name:en": "Khunti",
        "place": "hamlet",
        "source:name": "SOI"
      },
      "geometry": {
        "type": "Point",
        "coordinates": [
          92.7771377,
          25.4125589
        ]
      },
      "id": "node/12187253911"
    },
    {
      "type": "Feature",
      "properties": {
        "@id": "node/12187253912",
        "name": "Sangbār block",
        "name:en": "Sangbar block",
        "place": "hamlet",
        "source:name": "SOI"
      },
      "geometry": {
        "type": "Point",
        "coordinates": [
          92.7955699,
          25.403178
        ]
      },
      "id": "node/12187253912"
    },
    {
      "type": "Feature",
      "properties": {
        "@id": "node/12187253916",
        "name": "Khunti",
        "name:en": "Khunti",
        "place": "hamlet",
        "source:name": "SOI"
      },
      "geometry": {
        "type": "Point",
        "coordinates": [
          92.8188514,
          25.3603922
        ]
      },
      "id": "node/12187253916"
    },
    {
      "type": "Feature",
      "properties": {
        "@id": "node/12187253917",
        "alt_name": "Biate",
        "name": "Sangbār",
        "name:en": "Sangbar Camp",
        "place": "hamlet",
        "source:name": "SOI"
      },
      "geometry": {
        "type": "Point",
        "coordinates": [
          92.8221774,
          25.3659569
        ]
      },
      "id": "node/12187253917"
    },
    {
      "type": "Feature",
      "properties": {
        "@id": "node/12188790698",
        "name": "Khorungma",
        "name:en": "Khorungma",
        "place": "hamlet",
        "source:name": "SOI"
      },
      "geometry": {
        "type": "Point",
        "coordinates": [
          92.7455306,
          25.43128
        ]
      },
      "id": "node/12188790698"
    },
    {
      "type": "Feature",
      "properties": {
        "@id": "node/12188790699",
        "name": "Khrongma",
        "name:en": "Khrongma",
        "place": "hamlet",
        "source:name": "SOI"
      },
      "geometry": {
        "type": "Point",
        "coordinates": [
          92.7387071,
          25.433959
        ]
      },
      "id": "node/12188790699"
    },
    {
      "type": "Feature",
      "properties": {
        "@id": "node/12188790700",
        "name": "Merpung",
        "name:en": "Merpung",
        "place": "hamlet",
        "source:name": "SOI"
      },
      "geometry": {
        "type": "Point",
        "coordinates": [
          92.7414,
          25.4363279
        ]
      },
      "id": "node/12188790700"
    },
    {
      "type": "Feature",
      "properties": {
        "@id": "node/12188828671",
        "name": "Chota Lobāng",
        "name:en": "Chota Lobang",
        "place": "hamlet",
        "source:name": "SOI"
      },
      "geometry": {
        "type": "Point",
        "coordinates": [
          92.6701712,
          25.4380622
        ]
      },
      "id": "node/12188828671"
    },
    {
      "type": "Feature",
      "properties": {
        "@id": "node/12188828672",
        "name": "Lobāng",
        "name:en": "Lobang",
        "place": "hamlet",
        "source:name": "SOI"
      },
      "geometry": {
        "type": "Point",
        "coordinates": [
          92.6945686,
          25.4447666
        ]
      },
      "id": "node/12188828672"
    },
    {
      "type": "Feature",
      "properties": {
        "@id": "node/12188885950",
        "name": "Neepco Colony",
        "name:en": "Neepco Colony",
        "place": "hamlet",
        "source:name": "SOI"
      },
      "geometry": {
        "type": "Point",
        "coordinates": [
          92.638489,
          25.5292175
        ]
      },
      "id": "node/12188885950"
    },
    {
      "type": "Feature",
      "properties": {
        "@id": "node/12188885951",
        "name": "Phonglangso",
        "name:en": "Phonglangso",
        "place": "hamlet",
        "source:name": "SOI"
      },
      "geometry": {
        "type": "Point",
        "coordinates": [
          92.6513958,
          25.505922
        ]
      },
      "id": "node/12188885951"
    },
    {
      "type": "Feature",
      "properties": {
        "@id": "node/12188885952",
        "name": "Khandong",
        "name:en": "Khandong",
        "place": "hamlet",
        "source:name": "SOI"
      },
      "geometry": {
        "type": "Point",
        "coordinates": [
          92.6684975,
          25.5141718
        ]
      },
      "id": "node/12188885952"
    },
    {
      "type": "Feature",
      "properties": {
        "@id": "node/12188888738",
        "name": "Tlanghoi",
        "name:en": "Tlanghoi",
        "place": "hamlet",
        "source:name": "SOI"
      },
      "geometry": {
        "type": "Point",
        "coordinates": [
          92.7403861,
          25.4062356
        ]
      },
      "id": "node/12188888738"
    },
    {
      "type": "Feature",
      "properties": {
        "@id": "node/12197522167",
        "GNS:dsg_code": "PPL",
        "GNS:dsg_name": "populated place",
        "GNS:id": "11647374",
        "GNS:modify_date": "2012-11-09T00:00:00.000Z",
        "GNS:uni": "13986108",
        "name": "Binnākāndi",
        "name:en": "Binnakandi",
        "place": "hamlet",
        "source": "geonames.mil (GNS) country file 20246341"
      },
      "geometry": {
        "type": "Point",
        "coordinates": [
          93.024306,
          24.7834057
        ]
      },
      "id": "node/12197522167"
    },
    {
      "type": "Feature",
      "properties": {
        "@id": "node/12197522168",
        "GNS:dsg_code": "PPL",
        "GNS:dsg_name": "populated place",
        "GNS:id": "-2098032",
        "GNS:modify_date": "2012-09-10T00:00:00.000Z",
        "GNS:uni": "-2912960",
        "name": "Jaipur",
        "name:en": "Jaipur",
        "place": "hamlet",
        "source": "geonames.mil (GNS) country file 20243909"
      },
      "geometry": {
        "type": "Point",
        "coordinates": [
          93.0581368,
          24.9032139
        ]
      },
      "id": "node/12197522168"
    },
    {
      "type": "Feature",
      "properties": {
        "@id": "node/12197522169",
        "GNS:dsg_code": "PPL",
        "GNS:dsg_name": "populated place",
        "GNS:id": "-2108655",
        "GNS:modify_date": "2012-09-10T00:00:00.000Z",
        "GNS:uni": "-2927270",
        "name": "Rāja Bāzār",
        "name:en": "Raja Bazar",
        "place": "hamlet",
        "source": "geonames.mil (GNS) country file 20242079"
      },
      "geometry": {
        "type": "Point",
        "coordinates": [
          93.0688158,
          24.8878969
        ]
      },
      "id": "node/12197522169"
    },
    {
      "type": "Feature",
      "properties": {
        "@id": "node/12197522170",
        "GNS:dsg_code": "PPL",
        "GNS:dsg_name": "populated place",
        "GNS:id": "11647372",
        "GNS:modify_date": "2012-11-09T00:00:00.000Z",
        "GNS:uni": "13986106",
        "name": "Molong",
        "name:en": "Molong",
        "place": "hamlet",
        "source": "geonames.mil (GNS) country file 20246324"
      },
      "geometry": {
        "type": "Point",
        "coordinates": [
          93.1478593,
          24.972625
        ]
      },
      "id": "node/12197522170"
    },
    {
      "type": "Feature",
      "properties": {
        "@id": "node/12197522190",
        "GNS:dsg_code": "PPL",
        "GNS:dsg_name": "populated place",
        "GNS:id": "11646799",
        "GNS:modify_date": "2012-11-08T00:00:00.000Z",
        "GNS:uni": "13984885",
        "name": "Chaikambao",
        "name:en": "Chaikambao",
        "place": "hamlet",
        "source": "geonames.mil (GNS) country file 20246178"
      },
      "geometry": {
        "type": "Point",
        "coordinates": [
          92.983236,
          25.2033841
        ]
      },
      "id": "node/12197522190"
    },
    {
      "type": "Feature",
      "properties": {
        "@id": "node/12197522193",
        "GNS:dsg_code": "PPL",
        "GNS:dsg_name": "populated place",
        "GNS:id": "-2102593",
        "GNS:modify_date": "2012-09-10T00:00:00.000Z",
        "GNS:uni": "-2919092",
        "name": "Leike",
        "name:en": "Leike",
        "note": "GNS location moved into residential area",
        "place": "hamlet",
        "population:tribe": "KŪKI",
        "source": "geonames.mil (GNS) country file 20242999",
        "source:population:tribe": "SOI"
      },
      "geometry": {
        "type": "Point",
        "coordinates": [
          93.4295078,
          25.2905477
        ]
      },
      "id": "node/12197522193"
    },
    {
      "type": "Feature",
      "properties": {
        "@id": "node/12197523898",
        "alt_name": "Pikai",
        "name": "Shongkai",
        "name:en": "Shongkai",
        "place": "hamlet",
        "source:name": "SOI"
      },
      "geometry": {
        "type": "Point",
        "coordinates": [
          93.2907057,
          25.0944215
        ]
      },
      "id": "node/12197523898"
    },
    {
      "type": "Feature",
      "properties": {
        "@id": "node/12197523899",
        "name": "Nutan Shongkai",
        "name:en": "Nutan Shongkai",
        "place": "hamlet",
        "source:name": "SOI"
      },
      "geometry": {
        "type": "Point",
        "coordinates": [
          93.2806206,
          25.0866678
        ]
      },
      "id": "node/12197523899"
    },
    {
      "type": "Feature",
      "properties": {
        "@id": "node/12197526320",
        "name": "Diglāng",
        "name:en": "Diglang",
        "place": "hamlet",
        "source:name": "SOI"
      },
      "geometry": {
        "type": "Point",
        "coordinates": [
          93.1323373,
          24.8642831
        ]
      },
      "id": "node/12197526320"
    },
    {
      "type": "Feature",
      "properties": {
        "@id": "node/12197526401",
        "name": "Purāna Hmārlūshei",
        "name:en": "Purana Hmarlushei",
        "place": "hamlet",
        "source:name": "SOI"
      },
      "geometry": {
        "type": "Point",
        "coordinates": [
          93.2527041,
          25.0927309
        ]
      },
      "id": "node/12197526401"
    },
    {
      "type": "Feature",
      "properties": {
        "@id": "node/12197526402",
        "name": "Nutan Hmārlūshei",
        "name:en": "Nutan Hmarlushei",
        "place": "hamlet",
        "source:name": "SOI"
      },
      "geometry": {
        "type": "Point",
        "coordinates": [
          93.2602358,
          25.0843552
        ]
      },
      "id": "node/12197526402"
    },
    {
      "type": "Feature",
      "properties": {
        "@id": "node/12197526403",
        "is_in:village": "Hmar",
        "name": "Muallien",
        "name:en": "Muallien",
        "place": "hamlet",
        "source:name": "SOI"
      },
      "geometry": {
        "type": "Point",
        "coordinates": [
          93.196367,
          25.0446453
        ]
      },
      "id": "node/12197526403"
    },
    {
      "type": "Feature",
      "properties": {
        "@id": "node/12197526404",
        "is_in:village": "Hmar",
        "name": "Leiri",
        "name:en": "Leiri",
        "place": "hamlet",
        "source:name": "SOI"
      },
      "geometry": {
        "type": "Point",
        "coordinates": [
          93.2401085,
          25.0648809
        ]
      },
      "id": "node/12197526404"
    },
    {
      "type": "Feature",
      "properties": {
        "@id": "node/12197526405",
        "is_in:village": "Nāga",
        "name": "Dijung",
        "name:en": "Dijung",
        "place": "hamlet",
        "source:name": "SOI"
      },
      "geometry": {
        "type": "Point",
        "coordinates": [
          93.2357526,
          25.0650947
        ]
      },
      "id": "node/12197526405"
    },
    {
      "type": "Feature",
      "properties": {
        "@id": "node/12197526406",
        "GNS:dsg_code": "PPL",
        "GNS:dsg_name": "populated place",
        "GNS:id": "-2089842",
        "GNS:modify_date": "2012-09-10T00:00:00.000Z",
        "GNS:uni": "-2902032;-2902031",
        "alt_name:en": "Baladban",
        "is_in:village": "Naga",
        "name": "Bālādhan",
        "name:en": "Baladhan",
        "place": "hamlet",
        "source": "geonames.mil (GNS) country file 20245442",
        "source:name": "SOI"
      },
      "geometry": {
        "type": "Point",
        "coordinates": [
          93.2183816,
          25.0648537
        ]
      },
      "id": "node/12197526406"
    },
    {
      "type": "Feature",
      "properties": {
        "@id": "node/12200349721",
        "name": "Kumāchara",
        "name:en": "Kumachara",
        "place": "hamlet",
        "source:name": "SOI"
      },
      "geometry": {
        "type": "Point",
        "coordinates": [
          93.1324446,
          24.9489331
        ]
      },
      "id": "node/12200349721"
    },
    {
      "type": "Feature",
      "properties": {
        "@id": "node/12200349722",
        "name": "Nutan Bāzār",
        "name:en": "Nutan Bazar",
        "place": "village",
        "source:name": "SOI"
      },
      "geometry": {
        "type": "Point",
        "coordinates": [
          93.0691016,
          24.8782803
        ]
      },
      "id": "node/12200349722"
    },
    {
      "type": "Feature",
      "properties": {
        "@id": "node/12200349723",
        "name": "Jaipur",
        "name:en": "Jaipur",
        "place": "hamlet",
        "source:name": "SOI"
      },
      "geometry": {
        "type": "Point",
        "coordinates": [
          93.0593598,
          24.9077782
        ]
      },
      "id": "node/12200349723"
    },
    {
      "type": "Feature",
      "properties": {
        "@id": "node/12200349724",
        "name": "Jaipur",
        "name:en": "Jaipur",
        "place": "hamlet",
        "source:name": "SOI"
      },
      "geometry": {
        "type": "Point",
        "coordinates": [
          93.0623639,
          24.8930837
        ]
      },
      "id": "node/12200349724"
    },
    {
      "type": "Feature",
      "properties": {
        "@id": "node/12200349725",
        "name": "Harīnagar",
        "name:en": "Harinagar",
        "place": "hamlet",
        "source:name": "SOI"
      },
      "geometry": {
        "type": "Point",
        "coordinates": [
          93.1159758,
          24.9210991
        ]
      },
      "id": "node/12200349725"
    },
    {
      "type": "Feature",
      "properties": {
        "@id": "node/12200364577",
        "name": "Laisong",
        "name:en": "Laisong",
        "place": "hamlet",
        "source:name": "SOI"
      },
      "geometry": {
        "type": "Point",
        "coordinates": [
          93.349725,
          25.2174533
        ]
      },
      "id": "node/12200364577"
    },
    {
      "type": "Feature",
      "properties": {
        "@id": "node/12200364578",
        "alt_name": "Nengno Punga",
        "alt_name:en": "Nengno Punga",
        "name": "Nutan Nenglo",
        "name:en": "Nutan Nenglo",
        "place": "hamlet",
        "source:name": "SOI"
      },
      "geometry": {
        "type": "Point",
        "coordinates": [
          93.3452189,
          25.2178318
        ]
      },
      "id": "node/12200364578"
    },
    {
      "type": "Feature",
      "properties": {
        "@id": "node/12205922277",
        "is_in:village": "Nāga",
        "name": "Purāna Paisa",
        "name:en": "Purana Paisa",
        "place": "hamlet",
        "source:name": "SOI"
      },
      "geometry": {
        "type": "Point",
        "coordinates": [
          93.1440425,
          25.0723056
        ]
      },
      "id": "node/12205922277"
    },
    {
      "type": "Feature",
      "properties": {
        "@id": "node/12205922368",
        "is_in:village": "Hmār",
        "name": "Thīngburg",
        "name:en": "Thingburg",
        "place": "hamlet",
        "source:name": "SOI"
      },
      "geometry": {
        "type": "Point",
        "coordinates": [
          93.1529206,
          25.1146148
        ]
      },
      "id": "node/12205922368"
    },
    {
      "type": "Feature",
      "properties": {
        "@id": "node/12205922369",
        "is_in:village": "Hmār",
        "name": "Molko",
        "name:en": "Molko",
        "place": "hamlet",
        "source:name": "SOI"
      },
      "geometry": {
        "type": "Point",
        "coordinates": [
          93.1636763,
          25.1024468
        ]
      },
      "id": "node/12205922369"
    },
    {
      "type": "Feature",
      "properties": {
        "@id": "node/12205922929",
        "is_in:village": "Nāga",
        "name": "Khunglung",
        "name:en": "Khunglung",
        "place": "hamlet",
        "source:name": "SOI"
      },
      "geometry": {
        "type": "Point",
        "coordinates": [
          93.1227136,
          25.0401059
        ]
      },
      "id": "node/12205922929"
    },
    {
      "type": "Feature",
      "properties": {
        "@id": "node/12205922930",
        "is_in:village": "Hmār",
        "name": "Gopikot",
        "name:en": "Gopikot",
        "place": "hamlet",
        "source:name": "SOI"
      },
      "geometry": {
        "type": "Point",
        "coordinates": [
          93.1292903,
          25.0432942
        ]
      },
      "id": "node/12205922930"
    },
    {
      "type": "Feature",
      "properties": {
        "@id": "node/12205989706",
        "is_in:village": "Nāga",
        "name": "Dauban",
        "name:en": "Dauban",
        "place": "hamlet",
        "source:name": "SOI"
      },
      "geometry": {
        "type": "Point",
        "coordinates": [
          93.0990028,
          25.003853
        ]
      },
      "id": "node/12205989706"
    },
    {
      "type": "Feature",
      "properties": {
        "@id": "node/12205989707",
        "is_in:village": "Nāga",
        "name": "Khangnam",
        "name:en": "Khangnam",
        "place": "hamlet",
        "source:name": "SOI"
      },
      "geometry": {
        "type": "Point",
        "coordinates": [
          93.1146884,
          25.0186121
        ]
      },
      "id": "node/12205989707"
    },
    {
      "type": "Feature",
      "properties": {
        "@id": "node/12207196740",
        "name": "Amarānagar",
        "name:en": "Amaranagar tea garden",
        "place": "hamlet"
      },
      "geometry": {
        "type": "Point",
        "coordinates": [
          92.8648782,
          24.9728901
        ]
      },
      "id": "node/12207196740"
    },
    {
      "type": "Feature",
      "properties": {
        "@id": "node/12207197321",
        "alt_name": "Pangram",
        "name": "Pānigrām",
        "name:en": "Panigram",
        "place": "hamlet",
        "source:name": "SOI"
      },
      "geometry": {
        "type": "Point",
        "coordinates": [
          92.9004443,
          24.9112035
        ]
      },
      "id": "node/12207197321"
    },
    {
      "type": "Feature",
      "properties": {
        "@id": "node/12207197322",
        "alt_name": "Pangram",
        "name": "Pānigrām",
        "name:en": "Panigram",
        "place": "hamlet",
        "source:name": "SOI"
      },
      "geometry": {
        "type": "Point",
        "coordinates": [
          92.9072678,
          24.9092281
        ]
      },
      "id": "node/12207197322"
    },
    {
      "type": "Feature",
      "properties": {
        "@id": "node/12207386719",
        "name": "Duiheng",
        "name:en": "Duiheng",
        "place": "hamlet",
        "source:name": "SOI"
      },
      "geometry": {
        "type": "Point",
        "coordinates": [
          92.9709595,
          25.0857349
        ]
      },
      "id": "node/12207386719"
    },
    {
      "type": "Feature",
      "properties": {
        "@id": "node/12207765759",
        "name": "Ārda",
        "name:en": "Arda",
        "place": "hamlet",
        "source:name": "SOI"
      },
      "geometry": {
        "type": "Point",
        "coordinates": [
          92.937963,
          25.0737827
        ]
      },
      "id": "node/12207765759"
    },
    {
      "type": "Feature",
      "properties": {
        "@id": "node/12212645002",
        "GNS:dsg_code": "PPL",
        "GNS:dsg_name": "populated place",
        "GNS:id": "11646803",
        "GNS:modify_date": "2012-11-08T00:00:00.000Z",
        "GNS:uni": "13984919",
        "name": "Bikrampur",
        "name:en": "Bikrampur",
        "place": "hamlet",
        "source": "geonames.mil (GNS) country file 20246417"
      },
      "geometry": {
        "type": "Point",
        "coordinates": [
          92.656669,
          24.9239268
        ]
      },
      "id": "node/12212645002"
    },
    {
      "type": "Feature",
      "properties": {
        "@id": "node/12216958361",
        "name": "Michikūr",
        "name:en": "Michikur",
        "place": "hamlet",
        "source:name": "SOI"
      },
      "geometry": {
        "type": "Point",
        "coordinates": [
          92.8018248,
          25.1056528
        ]
      },
      "id": "node/12216958361"
    },
    {
      "type": "Feature",
      "properties": {
        "@id": "node/12216958362",
        "name": "Saidingbasti",
        "name:en": "Saidingbasti",
        "place": "hamlet",
        "source:name": "SOI"
      },
      "geometry": {
        "type": "Point",
        "coordinates": [
          92.7993035,
          25.0969671
        ]
      },
      "id": "node/12216958362"
    },
    {
      "type": "Feature",
      "properties": {
        "@id": "node/12216958363",
        "name": "Ditokchhara",
        "name:en": "Ditokchhara",
        "place": "hamlet",
        "source:name": "SOI"
      },
      "geometry": {
        "type": "Point",
        "coordinates": [
          92.8032517,
          25.0940328
        ]
      },
      "id": "node/12216958363"
    },
    {
      "type": "Feature",
      "properties": {
        "@id": "node/12216958365",
        "name": "Disāma",
        "name:en": "Disama",
        "place": "hamlet",
        "source:name": "SOI"
      },
      "geometry": {
        "type": "Point",
        "coordinates": [
          92.7485776,
          25.0700413
        ]
      },
      "id": "node/12216958365"
    },
    {
      "type": "Feature",
      "properties": {
        "@id": "node/12216958366",
        "name": "Disāma",
        "name:en": "Disama",
        "place": "hamlet",
        "source:name": "SOI"
      },
      "geometry": {
        "type": "Point",
        "coordinates": [
          92.7461958,
          25.0733356
        ]
      },
      "id": "node/12216958366"
    },
    {
      "type": "Feature",
      "properties": {
        "@id": "node/12216958367",
        "name": "New Nachangjāl",
        "name:en": "NewNachangjal",
        "place": "hamlet",
        "source:name": "SOI"
      },
      "geometry": {
        "type": "Point",
        "coordinates": [
          92.754634,
          25.0818579
        ]
      },
      "id": "node/12216958367"
    },
    {
      "type": "Feature",
      "properties": {
        "@id": "node/12216958368",
        "name": "New Zoār",
        "name:en": "New Zoar",
        "place": "hamlet",
        "source:name": "SOI"
      },
      "geometry": {
        "type": "Point",
        "coordinates": [
          92.7595854,
          25.0811485
        ]
      },
      "id": "node/12216958368"
    },
    {
      "type": "Feature",
      "properties": {
        "@id": "node/12216958369",
        "name": "Kayāng Deshwālibasti",
        "name:en": "Kayang Deshwalibasti",
        "place": "hamlet",
        "source:name": "SOI"
      },
      "geometry": {
        "type": "Point",
        "coordinates": [
          92.8131544,
          25.0887957
        ]
      },
      "id": "node/12216958369"
    },
    {
      "type": "Feature",
      "properties": {
        "@id": "node/12216958370",
        "name": "Kayāng Deshwālibasti",
        "name:en": "Kayang Deshwalibasti",
        "place": "hamlet",
        "source:name": "SOI"
      },
      "geometry": {
        "type": "Point",
        "coordinates": [
          92.8027904,
          25.089884
        ]
      },
      "id": "node/12216958370"
    },
    {
      "type": "Feature",
      "properties": {
        "@id": "node/12216958371",
        "name": "Kayāng",
        "name:en": "Kayang",
        "place": "hamlet",
        "source:name": "SOI"
      },
      "geometry": {
        "type": "Point",
        "coordinates": [
          92.7960312,
          25.0910208
        ]
      },
      "id": "node/12216958371"
    },
    {
      "type": "Feature",
      "properties": {
        "@id": "node/12216958372",
        "name": "Zoār",
        "name:en": "Zoar",
        "place": "hamlet",
        "source:name": "SOI"
      },
      "geometry": {
        "type": "Point",
        "coordinates": [
          92.7748418,
          25.0836264
        ]
      },
      "id": "node/12216958372"
    },
    {
      "type": "Feature",
      "properties": {
        "@id": "node/12216958373",
        "name": "Sāisi",
        "name:en": "Saisi",
        "place": "hamlet",
        "source:name": "SOI"
      },
      "geometry": {
        "type": "Point",
        "coordinates": [
          92.7820462,
          25.0861625
        ]
      },
      "id": "node/12216958373"
    },
    {
      "type": "Feature",
      "properties": {
        "@id": "node/12216959852",
        "name": "Kayāng",
        "name:en": "Kayang",
        "place": "hamlet",
        "source:name": "SOI"
      },
      "geometry": {
        "type": "Point",
        "coordinates": [
          92.796396,
          25.0843649
        ]
      },
      "id": "node/12216959852"
    },
    {
      "type": "Feature",
      "properties": {
        "@id": "node/12216959854",
        "name": "Paschim Bāndarkhāl",
        "name:en": "Paschim Bandarkhal",
        "place": "hamlet",
        "source:name": "SOI"
      },
      "geometry": {
        "type": "Point",
        "coordinates": [
          92.7979141,
          25.0595987
        ]
      },
      "id": "node/12216959854"
    },
    {
      "type": "Feature",
      "properties": {
        "@id": "node/12216959855",
        "name": "Bāndarkhāl",
        "name:en": "Bandarkhal",
        "place": "hamlet",
        "source:name": "SOI"
      },
      "geometry": {
        "type": "Point",
        "coordinates": [
          92.7991533,
          25.0557646
        ]
      },
      "id": "node/12216959855"
    },
    {
      "type": "Feature",
      "properties": {
        "@id": "node/12216959857",
        "name": "Dālung Basti",
        "name:en": "Dalung Basti",
        "place": "hamlet",
        "source:name": "SOI"
      },
      "geometry": {
        "type": "Point",
        "coordinates": [
          92.7812737,
          25.0443051
        ]
      },
      "id": "node/12216959857"
    },
    {
      "type": "Feature",
      "properties": {
        "@id": "node/12216959858",
        "name": "Durbintola",
        "name:en": "Durbintola",
        "place": "hamlet",
        "source:name": "SOI"
      },
      "geometry": {
        "type": "Point",
        "coordinates": [
          92.7776957,
          25.0297775
        ]
      },
      "id": "node/12216959858"
    },
    {
      "type": "Feature",
      "properties": {
        "@id": "node/12216959859",
        "name": "Durgāchhara",
        "name:en": "Durgachhara",
        "place": "hamlet",
        "source:name": "SOI"
      },
      "geometry": {
        "type": "Point",
        "coordinates": [
          92.7706468,
          25.0246251
        ]
      },
      "id": "node/12216959859"
    },
    {
      "type": "Feature",
      "properties": {
        "@id": "node/12216959860",
        "name": "Tibong",
        "name:en": "Tibong",
        "place": "hamlet",
        "source:name": "SOI"
      },
      "geometry": {
        "type": "Point",
        "coordinates": [
          92.7537757,
          25.0094827
        ]
      },
      "id": "node/12216959860"
    },
    {
      "type": "Feature",
      "properties": {
        "@id": "node/12216959861",
        "name": "New Jātinga",
        "name:en": "New Jatinga",
        "place": "hamlet",
        "source:name": "SOI"
      },
      "geometry": {
        "type": "Point",
        "coordinates": [
          92.741062,
          25.002832
        ]
      },
      "id": "node/12216959861"
    },
    {
      "type": "Feature",
      "properties": {
        "@id": "node/12218273466",
        "GNS:dsg_code": "PPL",
        "GNS:dsg_name": "populated place",
        "GNS:id": "-2093896",
        "GNS:modify_date": "2012-09-10T00:00:00.000Z",
        "GNS:uni": "-2907486;-2907474",
        "alt_name": "Daloo",
        "alt_name:en": "Daloo",
        "name": "Dalu",
        "name:en": "Dalu",
        "place": "village",
        "source": "US Army map",
        "source:alt_name": "deonames.mil (GNS)",
        "source:gnsdata": "geonames.mil (GNS) country file 20244896"
      },
      "geometry": {
        "type": "Point",
        "coordinates": [
          92.782899,
          24.923232
        ]
      },
      "id": "node/12218273466"
    },
    {
      "type": "Feature",
      "properties": {
        "@id": "node/12218273467",
        "GNS:dsg_code": "PPL",
        "GNS:dsg_name": "populated place",
        "GNS:id": "-2090405",
        "GNS:modify_date": "2012-09-10T00:00:00.000Z",
        "GNS:uni": "-2902749",
        "alt_name": "Borkhola",
        "name": "Barākhola",
        "name:en": "Barakhola",
        "place": "hamlet",
        "source": "geonames.mil (GNS) country file 20245111",
        "source:alt_name": "already existing healthdata (address PHC)"
      },
      "geometry": {
        "type": "Point",
        "coordinates": [
          92.7442405,
          24.9318161
        ]
      },
      "id": "node/12218273467"
    },
    {
      "type": "Feature",
      "properties": {
        "@id": "node/12218273468",
        "name": "Barkhala",
        "name:en": "Barkhala",
        "place": "hamlet",
        "source:name": "SOI"
      },
      "geometry": {
        "type": "Point",
        "coordinates": [
          92.7536416,
          24.9272337
        ]
      },
      "id": "node/12218273468"
    },
    {
      "type": "Feature",
      "properties": {
        "@id": "node/12218662746",
        "name": "Bhaga Bāzār",
        "name:en": "Bhaga Bazar",
        "place": "village",
        "source:name": "SOI"
      },
      "geometry": {
        "type": "Point",
        "coordinates": [
          92.8225422,
          24.5404477
        ]
      },
      "id": "node/12218662746"
    },
    {
      "type": "Feature",
      "properties": {
        "@id": "node/12222987254",
        "name": "Dīwāngaon",
        "name:en": "Diwangaon",
        "place": "hamlet",
        "source:name": "SOI"
      },
      "geometry": {
        "type": "Point",
        "coordinates": [
          93.0249739,
          24.8565441
        ]
      },
      "id": "node/12222987254"
    },
    {
      "type": "Feature",
      "properties": {
        "@id": "node/12222987255",
        "name": "Dīwāngaon",
        "name:en": "Diwangaon",
        "place": "hamlet",
        "source:name": "SOI"
      },
      "geometry": {
        "type": "Point",
        "coordinates": [
          93.0135369,
          24.863923
        ]
      },
      "id": "node/12222987255"
    },
    {
      "type": "Feature",
      "properties": {
        "@id": "node/12222987256",
        "name": "Dīwāngaon",
        "name:en": "Diwangaon",
        "place": "village",
        "source:name": "SOI"
      },
      "geometry": {
        "type": "Point",
        "coordinates": [
          93.0230749,
          24.8471106
        ]
      },
      "id": "node/12222987256"
    },
    {
      "type": "Feature",
      "properties": {
        "@id": "node/12224115213",
        "name": "Matinagar",
        "name:en": "Matinagar",
        "place": "village",
        "source:name": "SOI"
      },
      "geometry": {
        "type": "Point",
        "coordinates": [
          92.9633689,
          24.64612
        ]
      },
      "id": "node/12224115213"
    },
    {
      "type": "Feature",
      "properties": {
        "@id": "node/12224115214",
        "alt_name": "Amjur river",
        "name": "Āmjurghāt",
        "name:en": "Amjurghat",
        "place": "hamlet",
        "source:name": "SOI"
      },
      "geometry": {
        "type": "Point",
        "coordinates": [
          92.9268479,
          24.7266995
        ]
      },
      "id": "node/12224115214"
    },
    {
      "type": "Feature",
      "properties": {
        "@id": "node/12224186293",
        "name": "Kālāgrām",
        "name:en": "Kalagram",
        "place": "hamlet",
        "source:name": "SOI"
      },
      "geometry": {
        "type": "Point",
        "coordinates": [
          92.9323411,
          24.7028508
        ]
      },
      "id": "node/12224186293"
    },
    {
      "type": "Feature",
      "properties": {
        "@id": "node/12224186294",
        "name": "Sadhin Bāzār",
        "name:en": "Sadhin Bazar",
        "place": "hamlet",
        "source:name": "SOI"
      },
      "geometry": {
        "type": "Point",
        "coordinates": [
          92.9388213,
          24.7044883
        ]
      },
      "id": "node/12224186294"
    },
    {
      "type": "Feature",
      "properties": {
        "@id": "node/12224186295",
        "name": "Dakshin Mohanpur",
        "name:en": "Dakshin Mohanpur",
        "place": "hamlet",
        "source:name": "SOI"
      },
      "geometry": {
        "type": "Point",
        "coordinates": [
          92.9394436,
          24.695901
        ]
      },
      "id": "node/12224186295"
    },
    {
      "type": "Feature",
      "properties": {
        "@id": "node/12224186296",
        "name": "Dakshin Mohanpur",
        "name:en": "Dakshin Mohanpur",
        "place": "hamlet",
        "source:name": "SOI"
      },
      "geometry": {
        "type": "Point",
        "coordinates": [
          92.9595494,
          24.6971682
        ]
      },
      "id": "node/12224186296"
    },
    {
      "type": "Feature",
      "properties": {
        "@id": "node/12224186297",
        "name": "Dakshin Mohanpur",
        "name:en": "Dakshin Mohanpur",
        "place": "hamlet",
        "source:name": "SOI"
      },
      "geometry": {
        "type": "Point",
        "coordinates": [
          92.9466963,
          24.6996538
        ]
      },
      "id": "node/12224186297"
    },
    {
      "type": "Feature",
      "properties": {
        "@id": "node/12224186901",
        "name": "Dakshin Mohanpur",
        "name:en": "Dakshin Mohanpur",
        "place": "hamlet",
        "source:name": "SOI"
      },
      "geometry": {
        "type": "Point",
        "coordinates": [
          92.9340148,
          24.6886389
        ]
      },
      "id": "node/12224186901"
    },
    {
      "type": "Feature",
      "properties": {
        "@id": "node/12224186902",
        "alt_name": "Machkhal",
        "name": "Māchhkhāl",
        "name:en": "Machhkhal",
        "place": "hamlet",
        "source:name": "SOI"
      },
      "geometry": {
        "type": "Point",
        "coordinates": [
          92.9886246,
          24.7079289
        ]
      },
      "id": "node/12224186902"
    },
    {
      "type": "Feature",
      "properties": {
        "@id": "node/12224186903",
        "name": "Māchhkāl Khās",
        "name:en": "Machhkal Khas",
        "place": "hamlet",
        "source:name": "SOI"
      },
      "geometry": {
        "type": "Point",
        "coordinates": [
          93.004353,
          24.6961447
        ]
      },
      "id": "node/12224186903"
    },
    {
      "type": "Feature",
      "properties": {
        "@id": "node/12224186904",
        "name": "Māchhkāl",
        "name:en": "Machhkal",
        "place": "hamlet",
        "source:name": "SOI"
      },
      "geometry": {
        "type": "Point",
        "coordinates": [
          93.0089986,
          24.6993077
        ]
      },
      "id": "node/12224186904"
    },
    {
      "type": "Feature",
      "properties": {
        "@id": "node/12224186905",
        "name": "Kābuganj",
        "name:en": "Kabuganj",
        "place": "hamlet",
        "source:name": "SOI"
      },
      "geometry": {
        "type": "Point",
        "coordinates": [
          92.8587091,
          24.6684781
        ]
      },
      "id": "node/12224186905"
    },
    {
      "type": "Feature",
      "properties": {
        "@id": "node/12224186906",
        "name": "Kuwarpār",
        "name:en": "Kuwarpar",
        "place": "village",
        "source:name": "SOI"
      },
      "geometry": {
        "type": "Point",
        "coordinates": [
          92.8738904,
          24.6560661
        ]
      },
      "id": "node/12224186906"
    },
    {
      "type": "Feature",
      "properties": {
        "@id": "node/12224186907",
        "name": "Nagdirgrām",
        "name:en": "Nagdirgram",
        "name:hi": "नगदीरग्राम",
        "place": "hamlet",
        "source:name": "SOI"
      },
      "geometry": {
        "type": "Point",
        "coordinates": [
          92.8628611,
          24.6678249
        ]
      },
      "id": "node/12224186907"
    },
    {
      "type": "Feature",
      "properties": {
        "@id": "node/12224186908",
        "name": "Nagdirgrām",
        "name:en": "Nagdirgram",
        "place": "hamlet",
        "source:name": "SOI"
      },
      "geometry": {
        "type": "Point",
        "coordinates": [
          92.8832138,
          24.6712567
        ]
      },
      "id": "node/12224186908"
    },
    {
      "type": "Feature",
      "properties": {
        "@id": "node/12225450412",
        "name": "Nāgātila",
        "name:en": "Nagatila",
        "place": "hamlet",
        "source:name": "SOI"
      },
      "geometry": {
        "type": "Point",
        "coordinates": [
          92.8878486,
          24.5976947
        ]
      },
      "id": "node/12225450412"
    },
    {
      "type": "Feature",
      "properties": {
        "@id": "node/12225705614",
        "name": "Chengjur",
        "name:en": "Changjur",
        "place": "hamlet",
        "source:name": "SOI"
      },
      "geometry": {
        "type": "Point",
        "coordinates": [
          92.9864573,
          24.6981722
        ]
      },
      "id": "node/12225705614"
    },
    {
      "type": "Feature",
      "properties": {
        "@id": "node/12225705624",
        "name": "Gangānagar",
        "name:en": "Ganganagar",
        "place": "hamlet",
        "source:name": "SOI"
      },
      "geometry": {
        "type": "Point",
        "coordinates": [
          92.9606437,
          24.6181108
        ]
      },
      "id": "node/12225705624"
    },
    {
      "type": "Feature",
      "properties": {
        "@id": "node/12225705625",
        "name": "Pālanghāt",
        "name:en": "Palanghat",
        "place": "village",
        "source:name": "SOI"
      },
      "geometry": {
        "type": "Point",
        "coordinates": [
          92.888031,
          24.6444818
        ]
      },
      "id": "node/12225705625"
    },
    {
      "type": "Feature",
      "properties": {
        "@id": "node/12225705626",
        "name": "Sachinpur",
        "name:en": "Sachinpur",
        "place": "hamlet",
        "source:name": "SOI"
      },
      "geometry": {
        "type": "Point",
        "coordinates": [
          92.9369438,
          24.6067668
        ]
      },
      "id": "node/12225705626"
    },
    {
      "type": "Feature",
      "properties": {
        "@id": "node/12225705627",
        "name": "Bārai Basti",
        "name:en": "Barai Basti",
        "place": "hamlet",
        "source:name": "SOI"
      },
      "geometry": {
        "type": "Point",
        "coordinates": [
          92.9288328,
          24.6122682
        ]
      },
      "id": "node/12225705627"
    },
    {
      "type": "Feature",
      "properties": {
        "@id": "node/12225705628",
        "name": "Kalyānpur",
        "name:en": "Kalyanpur",
        "place": "hamlet",
        "source:name": "SOI"
      },
      "geometry": {
        "type": "Point",
        "coordinates": [
          92.919445,
          24.6129022
        ]
      },
      "id": "node/12225705628"
    },
    {
      "type": "Feature",
      "properties": {
        "@id": "node/12225705629",
        "name": "Dharmi",
        "name:en": "Dharmi",
        "place": "hamlet",
        "source:name": "SOI"
      },
      "geometry": {
        "type": "Point",
        "coordinates": [
          92.9144856,
          24.6161795
        ]
      },
      "id": "node/12225705629"
    },
    {
      "type": "Feature",
      "properties": {
        "@id": "node/12225705630",
        "name": "Punichara",
        "name:en": "Punichara",
        "place": "hamlet",
        "source:name": "SOI"
      },
      "geometry": {
        "type": "Point",
        "coordinates": [
          92.9028368,
          24.6128924
        ]
      },
      "id": "node/12225705630"
    },
    {
      "type": "Feature",
      "properties": {
        "@id": "node/12225705631",
        "name": "Amrāghāt",
        "name:en": "Amraghat",
        "place": "hamlet",
        "source:name": "SOI"
      },
      "geometry": {
        "type": "Point",
        "coordinates": [
          92.9540455,
          24.6037136
        ]
      },
      "id": "node/12225705631"
    },
    {
      "type": "Feature",
      "properties": {
        "@id": "node/12225705653",
        "name": "Bhubandhar No.6",
        "name:en": "Bhubandhar No.6",
        "place": "hamlet",
        "source:name": "SOI"
      },
      "geometry": {
        "type": "Point",
        "coordinates": [
          92.8729784,
          24.5676841
        ]
      },
      "id": "node/12225705653"
    },
    {
      "type": "Feature",
      "properties": {
        "@id": "node/12225705654",
        "name": "Bhubandhar No.6",
        "name:en": "Bhubandhar No.6",
        "place": "hamlet",
        "source:name": "SOI"
      },
      "geometry": {
        "type": "Point",
        "coordinates": [
          92.8652859,
          24.5812171
        ]
      },
      "id": "node/12225705654"
    },
    {
      "type": "Feature",
      "properties": {
        "@id": "node/12225705655",
        "name": "Bhubandhar No.6",
        "name:en": "Bhubandhar No.6",
        "place": "hamlet",
        "source:name": "SOI"
      },
      "geometry": {
        "type": "Point",
        "coordinates": [
          92.8802848,
          24.5910122
        ]
      },
      "id": "node/12225705655"
    },
    {
      "type": "Feature",
      "properties": {
        "@id": "node/12225705656",
        "name": "Bhubandhar",
        "name:en": "Bhubandhar",
        "place": "hamlet",
        "source:name": "SOI"
      },
      "geometry": {
        "type": "Point",
        "coordinates": [
          92.8944039,
          24.5920658
        ]
      },
      "id": "node/12225705656"
    },
    {
      "type": "Feature",
      "properties": {
        "@id": "node/12229339841",
        "name": "Lāntugrām",
        "name:en": "Lantugram",
        "place": "hamlet",
        "source:name": "SOI"
      },
      "geometry": {
        "type": "Point",
        "coordinates": [
          92.8405452,
          24.5979971
        ]
      },
      "id": "node/12229339841"
    },
    {
      "type": "Feature",
      "properties": {
        "@id": "node/12229339842",
        "name": "Gagalghāt",
        "name:en": "Gagalghat",
        "place": "hamlet",
        "source:name": "SOI"
      },
      "geometry": {
        "type": "Point",
        "coordinates": [
          92.8497934,
          24.5654496
        ]
      },
      "id": "node/12229339842"
    },
    {
      "type": "Feature",
      "properties": {
        "@id": "node/12229339843",
        "name": "Debipur",
        "name:en": "Debipur",
        "place": "hamlet",
        "source:name": "SOI"
      },
      "geometry": {
        "type": "Point",
        "coordinates": [
          92.8621852,
          24.5739678
        ]
      },
      "id": "node/12229339843"
    },
    {
      "type": "Feature",
      "properties": {
        "@id": "node/12229339844",
        "name": "Debipur",
        "name:en": "Debipur",
        "place": "hamlet",
        "source:name": "SOI"
      },
      "geometry": {
        "type": "Point",
        "coordinates": [
          92.8491175,
          24.5780364
        ]
      },
      "id": "node/12229339844"
    },
    {
      "type": "Feature",
      "properties": {
        "@id": "node/12229339845",
        "name": "Sukhtala",
        "name:en": "Sukhtala",
        "place": "hamlet",
        "source:name": "SOI"
      },
      "geometry": {
        "type": "Point",
        "coordinates": [
          92.8728336,
          24.6014163
        ]
      },
      "id": "node/12229339845"
    },
    {
      "type": "Feature",
      "properties": {
        "@id": "node/12229339846",
        "name": "Rekhāthal",
        "name:en": "Rekhathal",
        "place": "hamlet",
        "source:name": "SOI"
      },
      "geometry": {
        "type": "Point",
        "coordinates": [
          92.8783643,
          24.6172719
        ]
      },
      "id": "node/12229339846"
    },
    {
      "type": "Feature",
      "properties": {
        "@id": "node/12229339847",
        "name": "Bitila",
        "name:en": "Bitila",
        "place": "hamlet",
        "source:name": "SOI"
      },
      "geometry": {
        "type": "Point",
        "coordinates": [
          92.876873,
          24.6228217
        ]
      },
      "id": "node/12229339847"
    },
    {
      "type": "Feature",
      "properties": {
        "@id": "node/12229339848",
        "name": "Moroikāndi",
        "name:en": "Moroikandi",
        "place": "hamlet",
        "source:name": "SOI"
      },
      "geometry": {
        "type": "Point",
        "coordinates": [
          92.8725493,
          24.6270155
        ]
      },
      "id": "node/12229339848"
    },
    {
      "type": "Feature",
      "properties": {
        "@id": "node/12229339849",
        "name": "Nandagrām",
        "name:en": "Nandagram",
        "place": "hamlet",
        "source:name": "SOI"
      },
      "geometry": {
        "type": "Point",
        "coordinates": [
          92.8780854,
          24.6315408
        ]
      },
      "id": "node/12229339849"
    },
    {
      "type": "Feature",
      "properties": {
        "@id": "node/12229339850",
        "name": "Mahādebpur",
        "name:en": "Mahadebpur",
        "place": "hamlet",
        "source:name": "SOI"
      },
      "geometry": {
        "type": "Point",
        "coordinates": [
          92.8472507,
          24.5923585
        ]
      },
      "id": "node/12229339850"
    },
    {
      "type": "Feature",
      "properties": {
        "@id": "node/12229339851",
        "name": "Dhalāi",
        "name:en": "Dhalai",
        "place": "village",
        "source:name": "SOI"
      },
      "geometry": {
        "type": "Point",
        "coordinates": [
          92.8381634,
          24.5890415
        ]
      },
      "id": "node/12229339851"
    },
    {
      "type": "Feature",
      "properties": {
        "@id": "node/12229339852",
        "name": "Bangrām",
        "name:en": "Bangram",
        "place": "village",
        "source:name": "SOI"
      },
      "geometry": {
        "type": "Point",
        "coordinates": [
          92.823658,
          24.5470061
        ]
      },
      "id": "node/12229339852"
    },
    {
      "type": "Feature",
      "properties": {
        "@id": "node/12229339853",
        "name": "Islāmābād",
        "name:en": "Islamabad",
        "place": "hamlet",
        "source:name": "SOI"
      },
      "geometry": {
        "type": "Point",
        "coordinates": [
          92.8404164,
          24.5612634
        ]
      },
      "id": "node/12229339853"
    },
    {
      "type": "Feature",
      "properties": {
        "@id": "node/12229339854",
        "name": "Saptagrām",
        "name:en": "Saptagram",
        "place": "hamlet",
        "source:name": "SOI"
      },
      "geometry": {
        "type": "Point",
        "coordinates": [
          92.8346658,
          24.5693916
        ]
      },
      "id": "node/12229339854"
    },
    {
      "type": "Feature",
      "properties": {
        "@id": "node/12229339855",
        "alt_name": "Sadagram",
        "name": "Saoāgrām",
        "name:en": "Saoagram",
        "place": "hamlet",
        "source:name": "SOI"
      },
      "geometry": {
        "type": "Point",
        "coordinates": [
          92.837584,
          24.5822513
        ]
      },
      "id": "node/12229339855"
    },
    {
      "type": "Feature",
      "properties": {
        "@id": "node/12229339856",
        "name": "Saptagrām",
        "name:en": "Saptagram",
        "place": "hamlet",
        "source:name": "SOI"
      },
      "geometry": {
        "type": "Point",
        "coordinates": [
          92.8427553,
          24.5692648
        ]
      },
      "id": "node/12229339856"
    },
    {
      "type": "Feature",
      "properties": {
        "@id": "node/12249059032",
        "name": "Jamalpār",
        "name:en": "Jamalpar",
        "place": "hamlet",
        "source:name": "SOI"
      },
      "geometry": {
        "type": "Point",
        "coordinates": [
          92.905873,
          24.6352077
        ]
      },
      "id": "node/12249059032"
    },
    {
      "type": "Feature",
      "properties": {
        "@id": "node/12249059033",
        "name": "Kāshital",
        "name:en": "Kashital",
        "place": "hamlet",
        "source:name": "SOI"
      },
      "geometry": {
        "type": "Point",
        "coordinates": [
          92.9512882,
          24.5596826
        ]
      },
      "id": "node/12249059033"
    },
    {
      "type": "Feature",
      "properties": {
        "@id": "node/12249059034",
        "name": "Nāgākhāl",
        "name:en": "Nagakhal",
        "place": "village",
        "source:name": "SOI"
      },
      "geometry": {
        "type": "Point",
        "coordinates": [
          92.9736471,
          24.5683964
        ]
      },
      "id": "node/12249059034"
    },
    {
      "type": "Feature",
      "properties": {
        "@id": "node/12249059035",
        "name": "Mohankhāl",
        "name:en": "Mohankhal",
        "place": "hamlet",
        "source:name": "SOI"
      },
      "geometry": {
        "type": "Point",
        "coordinates": [
          92.9695272,
          24.5846708
        ]
      },
      "id": "node/12249059035"
    },
    {
      "type": "Feature",
      "properties": {
        "@id": "node/12249059036",
        "name": "Rakhāltila",
        "name:en": "Rakhaltila",
        "place": "hamlet",
        "source:name": "SOI"
      },
      "geometry": {
        "type": "Point",
        "coordinates": [
          92.8773022,
          24.6336181
        ]
      },
      "id": "node/12249059036"
    },
    {
      "type": "Feature",
      "properties": {
        "@id": "node/12249059037",
        "name": "Dulālgrām",
        "name:en": "Dulalgram",
        "place": "hamlet",
        "source:name": "SOI"
      },
      "geometry": {
        "type": "Point",
        "coordinates": [
          92.8594065,
          24.6048256
        ]
      },
      "id": "node/12249059037"
    },
    {
      "type": "Feature",
      "properties": {
        "@id": "node/12249059038",
        "name": "Dulālgrām",
        "name:en": "Dulalgram",
        "place": "hamlet",
        "source:name": "SOI"
      },
      "geometry": {
        "type": "Point",
        "coordinates": [
          92.8522825,
          24.6048646
        ]
      },
      "id": "node/12249059038"
    },
    {
      "type": "Feature",
      "properties": {
        "@id": "node/12249059039",
        "name": "Bitila",
        "name:en": "Bitila",
        "place": "hamlet",
        "source:name": "SOI"
      },
      "geometry": {
        "type": "Point",
        "coordinates": [
          92.8645134,
          24.611244
        ]
      },
      "id": "node/12249059039"
    },
    {
      "type": "Feature",
      "properties": {
        "@id": "node/12249059040",
        "name": "Sukhtala",
        "name:en": "Sukhtala",
        "place": "hamlet",
        "source:name": "SOI"
      },
      "geometry": {
        "type": "Point",
        "coordinates": [
          92.8672814,
          24.5917537
        ]
      },
      "id": "node/12249059040"
    },
    {
      "type": "Feature",
      "properties": {
        "@id": "node/12249059041",
        "name": "Gangānagar",
        "name:en": "Ganganagar",
        "place": "hamlet",
        "source:name": "SOI"
      },
      "geometry": {
        "type": "Point",
        "coordinates": [
          92.9434025,
          24.6231435
        ]
      },
      "id": "node/12249059041"
    },
    {
      "type": "Feature",
      "properties": {
        "@id": "node/12249059042",
        "name": "Kānglabasti",
        "name:en": "Kanglabasti",
        "place": "hamlet",
        "source:name": "SOI"
      },
      "geometry": {
        "type": "Point",
        "coordinates": [
          92.9552042,
          24.627113
        ]
      },
      "id": "node/12249059042"
    },
    {
      "type": "Feature",
      "properties": {
        "@id": "node/12249059043",
        "name": "Rasunpur",
        "name:en": "Rasunpur",
        "place": "hamlet",
        "source:name": "SOI"
      },
      "geometry": {
        "type": "Point",
        "coordinates": [
          92.9548877,
          24.6357441
        ]
      },
      "id": "node/12249059043"
    },
    {
      "type": "Feature",
      "properties": {
        "@id": "node/12249059044",
        "name": "Harinabasti",
        "name:en": "Harinabasti",
        "place": "hamlet",
        "source:name": "SOI"
      },
      "geometry": {
        "type": "Point",
        "coordinates": [
          92.936815,
          24.6386892
        ]
      },
      "id": "node/12249059044"
    },
    {
      "type": "Feature",
      "properties": {
        "@id": "node/12249059045",
        "name": "Barmanbasti",
        "name:en": "DBarmanbasti",
        "place": "hamlet",
        "source:name": "SOI"
      },
      "geometry": {
        "type": "Point",
        "coordinates": [
          92.8895813,
          24.5756557
        ]
      },
      "id": "node/12249059045"
    },
    {
      "type": "Feature",
      "properties": {
        "@id": "node/12249059046",
        "name": "Sureshnagar",
        "name:en": "Sureshnagar",
        "place": "hamlet",
        "source:name": "SOI"
      },
      "geometry": {
        "type": "Point",
        "coordinates": [
          92.887162,
          24.5635468
        ]
      },
      "id": "node/12249059046"
    },
    {
      "type": "Feature",
      "properties": {
        "@id": "node/12249059047",
        "name": "Rāmmānikyapur",
        "name:en": "Rammanikyapur",
        "place": "hamlet",
        "source:name": "SOI"
      },
      "geometry": {
        "type": "Point",
        "coordinates": [
          92.9583263,
          24.5785145
        ]
      },
      "id": "node/12249059047"
    },
    {
      "type": "Feature",
      "properties": {
        "@id": "node/12249059048",
        "name": "Maniārkhāl",
        "name:en": "Maniarkhal",
        "place": "village",
        "source:name": "SOI"
      },
      "geometry": {
        "type": "Point",
        "coordinates": [
          92.9491532,
          24.5758216
        ]
      },
      "id": "node/12249059048"
    },
    {
      "type": "Feature",
      "properties": {
        "@id": "node/12249059049",
        "name": "Nutanbasti",
        "name:en": "Nutanbasti",
        "place": "hamlet",
        "source:name": "SOI"
      },
      "geometry": {
        "type": "Point",
        "coordinates": [
          92.9396903,
          24.5976557
        ]
      },
      "id": "node/12249059049"
    },
    {
      "type": "Feature",
      "properties": {
        "@id": "node/12249059050",
        "name": "Chandrapur",
        "name:en": "Chandrapur",
        "place": "hamlet",
        "source:name": "SOI"
      },
      "geometry": {
        "type": "Point",
        "coordinates": [
          92.9373515,
          24.590222
        ]
      },
      "id": "node/12249059050"
    },
    {
      "type": "Feature",
      "properties": {
        "@id": "node/12249059051",
        "name": "Pingthal",
        "name:en": "Pingthal",
        "place": "hamlet",
        "source:name": "SOI"
      },
      "geometry": {
        "type": "Point",
        "coordinates": [
          92.9097462,
          24.5904269
        ]
      },
      "id": "node/12249059051"
    },
    {
      "type": "Feature",
      "properties": {
        "@id": "node/12249059052",
        "name": "Bānglāti",
        "name:en": "Banglati",
        "place": "hamlet",
        "source:name": "SOI"
      },
      "geometry": {
        "type": "Point",
        "coordinates": [
          92.9421687,
          24.6123657
        ]
      },
      "id": "node/12249059052"
    },
    {
      "type": "Feature",
      "properties": {
        "@id": "node/12249059053",
        "name": "Tārāpur",
        "name:en": "Tarapur",
        "place": "hamlet",
        "source:name": "SOI"
      },
      "geometry": {
        "type": "Point",
        "coordinates": [
          92.9204428,
          24.6241481
        ]
      },
      "id": "node/12249059053"
    },
    {
      "type": "Feature",
      "properties": {
        "@id": "node/12249059054",
        "name": "Burunga",
        "name:en": "Burunga",
        "place": "hamlet",
        "source:name": "SOI"
      },
      "geometry": {
        "type": "Point",
        "coordinates": [
          92.9343045,
          24.6300389
        ]
      },
      "id": "node/12249059054"
    },
    {
      "type": "Feature",
      "properties": {
        "@id": "node/12249059055",
        "name": "Bantārāpur",
        "name:en": "Bantarapur",
        "place": "hamlet",
        "source:name": "SOI"
      },
      "geometry": {
        "type": "Point",
        "coordinates": [
          92.9179537,
          24.6329744
        ]
      },
      "id": "node/12249059055"
    },
    {
      "type": "Feature",
      "properties": {
        "@id": "node/12249059056",
        "name": "Sundri",
        "name:en": "Sundri",
        "place": "hamlet",
        "source:name": "SOI"
      },
      "geometry": {
        "type": "Point",
        "coordinates": [
          92.9019034,
          24.6436724
        ]
      },
      "id": "node/12249059056"
    },
    {
      "type": "Feature",
      "properties": {
        "@id": "node/12249059057",
        "name": "Sundri",
        "place": "hamlet",
        "source:name": "SOI"
      },
      "geometry": {
        "type": "Point",
        "coordinates": [
          92.8960884,
          24.6533359
        ]
      },
      "id": "node/12249059057"
    },
    {
      "type": "Feature",
      "properties": {
        "@id": "node/12249059058",
        "name": "Sundri",
        "name:en": "Sundri",
        "place": "hamlet",
        "source:name": "SOI"
      },
      "geometry": {
        "type": "Point",
        "coordinates": [
          92.8917646,
          24.6537747
        ]
      },
      "id": "node/12249059058"
    },
    {
      "type": "Feature",
      "properties": {
        "@id": "node/12249059059",
        "name": "Karimganj",
        "place": "hamlet",
        "source:name": "SOI"
      },
      "geometry": {
        "type": "Point",
        "coordinates": [
          92.8869581,
          24.6379578
        ]
      },
      "id": "node/12249059059"
    },
    {
      "type": "Feature",
      "properties": {
        "@id": "node/12249059060",
        "name": "Durugaon",
        "name:en": "Durugaon",
        "place": "hamlet",
        "source:name": "SOI"
      },
      "geometry": {
        "type": "Point",
        "coordinates": [
          92.8953266,
          24.6301754
        ]
      },
      "id": "node/12249059060"
    },
    {
      "type": "Feature",
      "properties": {
        "@id": "node/12249059061",
        "name": "Rukni",
        "name:en": "Rukni",
        "place": "hamlet",
        "source:name": "SOI"
      },
      "geometry": {
        "type": "Point",
        "coordinates": [
          92.8928214,
          24.6198176
        ]
      },
      "id": "node/12249059061"
    },
    {
      "type": "Feature",
      "properties": {
        "@id": "node/12264377968",
        "name": "Bekirpār",
        "name:en": "Bekirpar",
        "place": "hamlet",
        "source:name": "SOI"
      },
      "geometry": {
        "type": "Point",
        "coordinates": [
          92.8481841,
          24.6331695
        ]
      },
      "id": "node/12264377968"
    },
    {
      "type": "Feature",
      "properties": {
        "@id": "node/12264377969",
        "name": "Pānibhara",
        "name:en": "Panibhara",
        "place": "hamlet",
        "source:name": "SOI"
      },
      "geometry": {
        "type": "Point",
        "coordinates": [
          92.8419399,
          24.6380651
        ]
      },
      "id": "node/12264377969"
    },
    {
      "type": "Feature",
      "properties": {
        "@id": "node/12264399898",
        "name": "Nawābil",
        "name:en": "Nawabil",
        "place": "hamlet",
        "source:name": "SOI"
      },
      "geometry": {
        "type": "Point",
        "coordinates": [
          92.7529335,
          24.6657579
        ]
      },
      "id": "node/12264399898"
    },
    {
      "type": "Feature",
      "properties": {
        "@id": "node/12264399899",
        "name": "Allenpur",
        "name:en": "Allenpur",
        "place": "hamlet",
        "source:name": "SOI"
      },
      "geometry": {
        "type": "Point",
        "coordinates": [
          92.7531373,
          24.6356173
        ]
      },
      "id": "node/12264399899"
    },
    {
      "type": "Feature",
      "properties": {
        "@id": "node/12264399900",
        "name": "Allenpur",
        "name:en": "Allenpur",
        "place": "hamlet",
        "source:name": "SOI"
      },
      "geometry": {
        "type": "Point",
        "coordinates": [
          92.7552402,
          24.6527801
        ]
      },
      "id": "node/12264399900"
    },
    {
      "type": "Feature",
      "properties": {
        "@id": "node/12264408436",
        "name": "Borjalenga",
        "name:en": "Borjalenga",
        "place": "hamlet",
        "source:name": "Already existing health data (mini PHC addres)"
      },
      "geometry": {
        "type": "Point",
        "coordinates": [
          92.737087,
          24.6770088
        ]
      },
      "id": "node/12264408436"
    },
    {
      "type": "Feature",
      "properties": {
        "@id": "node/12264408438",
        "name": "Dargākona",
        "name:en": "Dargakona",
        "place": "village",
        "source:name": "SOI"
      },
      "geometry": {
        "type": "Point",
        "coordinates": [
          92.7531159,
          24.6943316
        ]
      },
      "id": "node/12264408438"
    },
    {
      "type": "Feature",
      "properties": {
        "@id": "node/12264415001",
        "name": "Pālai",
        "name:en": "Palai",
        "place": "hamlet",
        "source:name": "SOI"
      },
      "geometry": {
        "type": "Point",
        "coordinates": [
          92.8275311,
          24.6355783
        ]
      },
      "id": "node/12264415001"
    },
    {
      "type": "Feature",
      "properties": {
        "@id": "node/12264415002",
        "name": "Bāshkhāl",
        "name:en": "Bashkhal",
        "place": "hamlet",
        "source:name": "SOI"
      },
      "geometry": {
        "type": "Point",
        "coordinates": [
          92.835567,
          24.6465491
        ]
      },
      "id": "node/12264415002"
    },
    {
      "type": "Feature",
      "properties": {
        "@id": "node/12264415003",
        "name": "Sholanambar",
        "name:en": "Sholanambar",
        "place": "hamlet",
        "source:name": "SOI"
      },
      "geometry": {
        "type": "Point",
        "coordinates": [
          92.8420472,
          24.6563489
        ]
      },
      "id": "node/12264415003"
    },
    {
      "type": "Feature",
      "properties": {
        "@id": "node/12264415004",
        "name": "Bāshkhāl",
        "name:en": "Bashkhal",
        "place": "hamlet",
        "source:name": "SOI"
      },
      "geometry": {
        "type": "Point",
        "coordinates": [
          92.832005,
          24.654116
        ]
      },
      "id": "node/12264415004"
    },
    {
      "type": "Feature",
      "properties": {
        "@id": "node/12264415005",
        "name": "Puthikhāl",
        "name:en": "Puthikhal",
        "place": "hamlet",
        "source:name": "SOI"
      },
      "geometry": {
        "type": "Point",
        "coordinates": [
          92.8178215,
          24.6571874
        ]
      },
      "id": "node/12264415005"
    },
    {
      "type": "Feature",
      "properties": {
        "@id": "node/12264415006",
        "name": "Puthikhāl",
        "name:en": "Puthikhal",
        "place": "hamlet",
        "source:name": "SOI"
      },
      "geometry": {
        "type": "Point",
        "coordinates": [
          92.8121674,
          24.6651242
        ]
      },
      "id": "node/12264415006"
    },
    {
      "type": "Feature",
      "properties": {
        "@id": "node/12264415007",
        "name": "Jātinga",
        "name:en": "Jatinga",
        "place": "hamlet",
        "source:name": "SOI"
      },
      "geometry": {
        "type": "Point",
        "coordinates": [
          92.8084981,
          24.6695896
        ]
      },
      "id": "node/12264415007"
    },
    {
      "type": "Feature",
      "properties": {
        "@id": "node/12264415008",
        "name": "Jātinga",
        "name:en": "Jatinga",
        "place": "hamlet",
        "source:name": "SOI"
      },
      "geometry": {
        "type": "Point",
        "coordinates": [
          92.8120279,
          24.6789488
        ]
      },
      "id": "node/12264415008"
    },
    {
      "type": "Feature",
      "properties": {
        "@id": "node/12264415009",
        "name": "Derby T.E.",
        "place": "hamlet"
      },
      "geometry": {
        "type": "Point",
        "coordinates": [
          92.7938372,
          24.6658749
        ]
      },
      "id": "node/12264415009"
    },
    {
      "type": "Feature",
      "properties": {
        "@id": "node/12269405274",
        "name": "Narsingpur",
        "name:en": "Narsingpur",
        "place": "village",
        "source:name": "SOI;already existing health data (addess PHC)"
      },
      "geometry": {
        "type": "Point",
        "coordinates": [
          92.8443324,
          24.6842716
        ]
      },
      "id": "node/12269405274"
    },
    {
      "type": "Feature",
      "properties": {
        "@id": "node/12269405275",
        "name": "Āthāratila",
        "name:en": "Atharatila",
        "place": "hamlet",
        "source:name": "SOI"
      },
      "geometry": {
        "type": "Point",
        "coordinates": [
          92.8210401,
          24.6824779
        ]
      },
      "id": "node/12269405275"
    },
    {
      "type": "Feature",
      "properties": {
        "@id": "node/12269405276",
        "name": "Panibhara Part II",
        "name:en": "Panibhara part II",
        "place": "hamlet",
        "source:name": "SOI"
      },
      "geometry": {
        "type": "Point",
        "coordinates": [
          92.8084552,
          24.6845836
        ]
      },
      "id": "node/12269405276"
    },
    {
      "type": "Feature",
      "properties": {
        "@id": "node/12269405277",
        "name": "Panibhara Part I",
        "name:en": "Panibhara part I",
        "place": "hamlet",
        "source:name": "SOI"
      },
      "geometry": {
        "type": "Point",
        "coordinates": [
          92.8141308,
          24.6926843
        ]
      },
      "id": "node/12269405277"
    },
    {
      "type": "Feature",
      "properties": {
        "@id": "node/12269405278",
        "name": "Daramkhāl",
        "name:en": "Daramkhal",
        "place": "hamlet",
        "source:name": "SOI"
      },
      "geometry": {
        "type": "Point",
        "coordinates": [
          92.7943253,
          24.7049269
        ]
      },
      "id": "node/12269405278"
    },
    {
      "type": "Feature",
      "properties": {
        "@id": "node/12269523287",
        "name": "Chotojalenga iV",
        "place": "hamlet"
      },
      "geometry": {
        "type": "Point",
        "coordinates": [
          92.7318031,
          24.6139264
        ]
      },
      "id": "node/12269523287"
    },
    {
      "type": "Feature",
      "properties": {
        "@id": "node/12269558083",
        "name": "Lamargaon",
        "name:en": "Lamargaon",
        "place": "hamlet",
        "source:name": "SOI"
      },
      "geometry": {
        "type": "Point",
        "coordinates": [
          92.8519177,
          24.7167493
        ]
      },
      "id": "node/12269558083"
    },
    {
      "type": "Feature",
      "properties": {
        "@id": "node/12269558084",
        "name": "Kājidhar",
        "name:en": "Kajidhar",
        "place": "hamlet",
        "source:name": "SOI"
      },
      "geometry": {
        "type": "Point",
        "coordinates": [
          92.8674424,
          24.7108821
        ]
      },
      "id": "node/12269558084"
    },
    {
      "type": "Feature",
      "properties": {
        "@id": "node/12269573175",
        "name": "Sildubi",
        "name:en": "Sildubi",
        "place": "hamlet",
        "source:name": "SOI"
      },
      "geometry": {
        "type": "Point",
        "coordinates": [
          92.8231001,
          24.717987
        ]
      },
      "id": "node/12269573175"
    },
    {
      "type": "Feature",
      "properties": {
        "@id": "node/12269716839",
        "name": "Phāisen",
        "name:en": "Phaisen",
        "place": "hamlet",
        "source:name": "SOI"
      },
      "geometry": {
        "type": "Point",
        "coordinates": [
          92.6779014,
          24.3801551
        ]
      },
      "id": "node/12269716839"
    },
    {
      "type": "Feature",
      "properties": {
        "@id": "node/12269716840",
        "name": "Phāisen",
        "name:en": "Phaisen",
        "place": "hamlet",
        "source:name": "SOI"
      },
      "geometry": {
        "type": "Point",
        "coordinates": [
          92.6822573,
          24.3921401
        ]
      },
      "id": "node/12269716840"
    },
    {
      "type": "Feature",
      "properties": {
        "@id": "node/12269716841",
        "name": "Dhalchhara",
        "name:en": "Dhalchhara",
        "place": "hamlet",
        "source:name": "SOI"
      },
      "geometry": {
        "type": "Point",
        "coordinates": [
          92.7077436,
          24.4669358
        ]
      },
      "id": "node/12269716841"
    },
    {
      "type": "Feature",
      "properties": {
        "@id": "node/12269716842",
        "name": "Dhalchhara",
        "name:en": "Dhalchhara",
        "place": "hamlet",
        "source:name": "SOI"
      },
      "geometry": {
        "type": "Point",
        "coordinates": [
          92.7006626,
          24.4498257
        ]
      },
      "id": "node/12269716842"
    },
    {
      "type": "Feature",
      "properties": {
        "@id": "node/12269716843",
        "name": "Dhalchhara",
        "name:en": "Dhalchhara",
        "place": "hamlet",
        "source:name": "SOI"
      },
      "geometry": {
        "type": "Point",
        "coordinates": [
          92.692573,
          24.4312871
        ]
      },
      "id": "node/12269716843"
    },
    {
      "type": "Feature",
      "properties": {
        "@id": "node/12269716845",
        "name": "Vāirengti",
        "name:en": "Vairengti",
        "place": "hamlet",
        "source:name": "SOI"
      },
      "geometry": {
        "type": "Point",
        "coordinates": [
          92.770164,
          24.5063233
        ]
      },
      "id": "node/12269716845"
    },
    {
      "type": "Feature",
      "properties": {
        "@id": "node/12269716847",
        "name": "Barthal",
        "name:en": "Barthal",
        "place": "hamlet",
        "source:name": "SOI"
      },
      "geometry": {
        "type": "Point",
        "coordinates": [
          92.7166056,
          24.4981031
        ]
      },
      "id": "node/12269716847"
    },
    {
      "type": "Feature",
      "properties": {
        "@id": "node/12279517047",
        "name": "Srikona",
        "place": "village"
      },
      "geometry": {
        "type": "Point",
        "coordinates": [
          92.717456,
          24.8388178
        ]
      },
      "id": "node/12279517047"
    },
    {
      "type": "Feature",
      "properties": {
        "@id": "node/12279681717",
        "GNS:dsg_code": "PPL",
        "GNS:dsg_name": "populated place",
        "GNS:id": "11646854",
        "GNS:modify_date": "2012-11-08T00:00:00.000Z",
        "GNS:uni": "13984959",
        "name": "Rosekandi",
        "name:en": "Rosekandi",
        "place": "hamlet",
        "source": "geonames.mil (GNS) country file 20246378"
      },
      "geometry": {
        "type": "Point",
        "coordinates": [
          92.7150071,
          24.6953454
        ]
      },
      "id": "node/12279681717"
    },
    {
      "type": "Feature",
      "properties": {
        "@id": "node/12279681718",
        "GNS:dsg_code": "PPL",
        "GNS:dsg_name": "populated place",
        "GNS:id": "11646853",
        "GNS:modify_date": "2012-11-08T00:00:00.000Z",
        "GNS:uni": "13984958",
        "name": "Boālipār",
        "name:en": "Boalipar",
        "place": "hamlet",
        "source": "geonames.mil (GNS) country file 20246162"
      },
      "geometry": {
        "type": "Point",
        "coordinates": [
          92.5791317,
          24.7186789
        ]
      },
      "id": "node/12279681718"
    },
    {
      "type": "Feature",
      "properties": {
        "@id": "node/12279681719",
        "name": "Algāpur",
        "name:en": "Algapur",
        "place": "village",
        "source:name": "geonames.mil (GNS) country file 20245502"
      },
      "geometry": {
        "type": "Point",
        "coordinates": [
          92.591486,
          24.752005
        ]
      },
      "id": "node/12279681719"
    },
    {
      "type": "Feature",
      "properties": {
        "@id": "node/12279692856",
        "GNS:dsg_code": "PPL",
        "GNS:dsg_name": "populated place",
        "GNS:id": "-2093714",
        "GNS:modify_date": "2003-02-21T00:00:00.000Z",
        "GNS:uni": "-2907245",
        "name": "Craigpark",
        "name:en": "Craigpark",
        "place": "hamlet",
        "source": "geonames.mil (GNS) country file 20244965"
      },
      "geometry": {
        "type": "Point",
        "coordinates": [
          92.5333382,
          25.0000019
        ]
      },
      "id": "node/12279692856"
    },
    {
      "type": "Feature",
      "properties": {
        "@id": "node/12279692857",
        "name": "Gonirgram Part-IV",
        "place": "hamlet",
        "source:name": "already existing health date (address)"
      },
      "geometry": {
        "type": "Point",
        "coordinates": [
          92.6971885,
          24.8702437
        ]
      },
      "id": "node/12279692857"
    },
    {
      "type": "Feature",
      "properties": {
        "@id": "node/12279692858",
        "name": "Rajnagar",
        "place": "hamlet",
        "source:name": "already existing health date (address mini PHC)"
      },
      "geometry": {
        "type": "Point",
        "coordinates": [
          92.6980866,
          24.8610608
        ]
      },
      "id": "node/12279692858"
    },
    {
      "type": "Feature",
      "properties": {
        "@id": "node/12279694584",
        "GNS:dsg_code": "PPL",
        "GNS:dsg_name": "populated place",
        "GNS:id": "-2089162",
        "GNS:modify_date": "2003-02-21T00:00:00.000Z",
        "GNS:uni": "-2901153",
        "name": "Arunāchal",
        "name:en": "Arunachal",
        "note": "GNS location moved out of river",
        "place": "village",
        "source": "geonames.mil (GNS) country file 20245318"
      },
      "geometry": {
        "type": "Point",
        "coordinates": [
          92.7667954,
          24.8665733
        ]
      },
      "id": "node/12279694584"
    },
    {
      "type": "Feature",
      "properties": {
        "@id": "node/12279694586",
        "GNS:dsg_code": "PPL",
        "GNS:dsg_name": "populated place",
        "GNS:id": "11646849",
        "GNS:modify_date": "2012-11-08T00:00:00.000Z",
        "GNS:uni": "13984954",
        "name": "Rāmnagar",
        "name:en": "Ramnagar",
        "place": "hamlet",
        "source": "geonames.mil (GNS) country file 20246436"
      },
      "geometry": {
        "type": "Point",
        "coordinates": [
          92.7466554,
          24.8255169
        ]
      },
      "id": "node/12279694586"
    },
    {
      "type": "Feature",
      "properties": {
        "@id": "node/12282717373",
        "name": "Pratapi Para",
        "place": "hamlet"
      },
      "geometry": {
        "type": "Point",
        "coordinates": [
          92.7045625,
          24.9027035
        ]
      },
      "id": "node/12282717373"
    },
    {
      "type": "Feature",
      "properties": {
        "@id": "node/12282717374",
        "name": "Niz Fulabri Part-III",
        "place": "hamlet",
        "source:name": "already existing health date (address)"
      },
      "geometry": {
        "type": "Point",
        "coordinates": [
          92.6514172,
          24.8563883
        ]
      },
      "id": "node/12282717374"
    },
    {
      "type": "Feature",
      "properties": {
        "@id": "node/12282759798",
        "addr:district": "Cachar",
        "name": "Khunow",
        "place": "hamlet"
      },
      "geometry": {
        "type": "Point",
        "coordinates": [
          92.9640341,
          24.7943611
        ]
      },
      "id": "node/12282759798"
    },
    {
      "type": "Feature",
      "properties": {
        "@id": "node/12282759799",
        "addr:postcode": "788103",
        "name": "Tolengram",
        "place": "village"
      },
      "geometry": {
        "type": "Point",
        "coordinates": [
          92.9727673,
          24.7923449
        ]
      },
      "id": "node/12282759799"
    },
    {
      "type": "Feature",
      "properties": {
        "@id": "node/12282771682",
        "name": "Ainachera T.E.",
        "place": "hamlet"
      },
      "geometry": {
        "type": "Point",
        "coordinates": [
          93.0427408,
          24.9757299
        ]
      },
      "id": "node/12282771682"
    },
    {
      "type": "Feature",
      "properties": {
        "@id": "node/12282771683",
        "name": "Sonābārighāt",
        "name:en": "Sonabarighat",
        "place": "hamlet",
        "source:name": "SOI"
      },
      "geometry": {
        "type": "Point",
        "coordinates": [
          92.8474974,
          24.7454282
        ]
      },
      "id": "node/12282771683"
    },
    {
      "type": "Feature",
      "properties": {
        "@id": "node/12282771684",
        "GNS:dsg_code": "PPL",
        "GNS:dsg_name": "populated place",
        "GNS:id": "11646852",
        "GNS:modify_date": "2012-11-08T00:00:00.000Z",
        "GNS:uni": "13984957",
        "name": "Sonbāraghāt",
        "name:en": "Sonbaraghat",
        "note": "GNS location moved into residential area",
        "place": "hamlet",
        "source": "geonames.mil (GNS) country file 20246344"
      },
      "geometry": {
        "type": "Point",
        "coordinates": [
          92.8375518,
          24.7521707
        ]
      },
      "id": "node/12282771684"
    },
    {
      "type": "Feature",
      "properties": {
        "@id": "node/12288765921",
        "name": "Larāngerpār",
        "place": "hamlet",
        "source:name": "AMS-map NG46-16"
      },
      "geometry": {
        "type": "Point",
        "coordinates": [
          92.5005269,
          24.9595067
        ]
      },
      "id": "node/12288765921"
    },
    {
      "type": "Feature",
      "properties": {
        "@id": "node/12288765922",
        "name": "Sayedpur",
        "place": "hamlet",
        "source:name": "AMS-map NG46-16"
      },
      "geometry": {
        "type": "Point",
        "coordinates": [
          92.4920511,
          24.9442151
        ]
      },
      "id": "node/12288765922"
    },
    {
      "type": "Feature",
      "properties": {
        "@id": "node/12288765941",
        "name": "Chandipur",
        "place": "hamlet",
        "source": "AMS-Map_NG46-14"
      },
      "geometry": {
        "type": "Point",
        "coordinates": [
          92.5063419,
          24.9932153
        ]
      },
      "id": "node/12288765941"
    },
    {
      "type": "Feature",
      "properties": {
        "@id": "node/12288765942",
        "name": "Khelmapur",
        "place": "hamlet",
        "source": "AMS-Map_NG46-14"
      },
      "geometry": {
        "type": "Point",
        "coordinates": [
          92.531104,
          24.973921
        ]
      },
      "id": "node/12288765942"
    },
    {
      "type": "Feature",
      "properties": {
        "@id": "node/12288807058",
        "name": "Srigouri",
        "name:en": "Srigouri",
        "place": "hamlet",
        "source:name": "already existing health date (address CHC)"
      },
      "geometry": {
        "type": "Point",
        "coordinates": [
          92.5221133,
          24.8588902
        ]
      },
      "id": "node/12288807058"
    },
    {
      "type": "Feature",
      "properties": {
        "@id": "node/12288807059",
        "name": "Māhakāl",
        "name:en": "Mahakal",
        "place": "hamlet",
        "source:name": "AMS-map NG46-16"
      },
      "geometry": {
        "type": "Point",
        "coordinates": [
          92.4910211,
          24.8387376
        ]
      },
      "id": "node/12288807059"
    },
    {
      "type": "Feature",
      "properties": {
        "@id": "node/12288807060",
        "name": "Mahakal",
        "name:en": "Mahakal",
        "place": "hamlet",
        "source:name": "already existing health date (address mini PHC)"
      },
      "geometry": {
        "type": "Point",
        "coordinates": [
          92.4927807,
          24.8485806
        ]
      },
      "id": "node/12288807060"
    },
    {
      "type": "Feature",
      "properties": {
        "@id": "node/12288807061",
        "GNS:dsg_code": "PPL",
        "GNS:dsg_name": "populated place",
        "GNS:id": "-2091340",
        "GNS:modify_date": "2012-09-10T00:00:00.000Z",
        "GNS:uni": "-2903986",
        "name": "Bhānga",
        "name:en": "Bhanga",
        "place": "village",
        "source": "geonames.mil (GNS) country file 20245225"
      },
      "geometry": {
        "type": "Point",
        "coordinates": [
          92.4858391,
          24.8552396
        ]
      },
      "id": "node/12288807061"
    },
    {
      "type": "Feature",
      "properties": {
        "@id": "node/12288807062",
        "name": "Malua",
        "name:en": "Malua",
        "place": "hamlet",
        "source:name": "AMS-map NG46-16"
      },
      "geometry": {
        "type": "Point",
        "coordinates": [
          92.5121784,
          24.8591823
        ]
      },
      "id": "node/12288807062"
    },
    {
      "type": "Feature",
      "properties": {
        "@id": "node/12288807071",
        "name": "Rajatilla",
        "name:en": "Rajatilla",
        "place": "hamlet",
        "source:name": "est. from MDR road route (Assm Gazette no.391_e-1899067-33_dated_24-08-23)"
      },
      "geometry": {
        "type": "Point",
        "coordinates": [
          92.5120979,
          24.8825166
        ]
      },
      "id": "node/12288807071"
    },
    {
      "type": "Feature",
      "properties": {
        "@id": "node/12288807072",
        "name": "Harinagar",
        "name:en": "Harinagar",
        "place": "hamlet",
        "source:name": "AMS-map NG46-16"
      },
      "geometry": {
        "type": "Point",
        "coordinates": [
          92.5024527,
          24.8988936
        ]
      },
      "id": "node/12288807072"
    },
    {
      "type": "Feature",
      "properties": {
        "@id": "node/12288807073",
        "name": "Bhanga",
        "name:en": "Bhanga",
        "place": "hamlet",
        "source:name": "already existing health date (address mini PHC)"
      },
      "geometry": {
        "type": "Point",
        "coordinates": [
          92.4755716,
          24.8650327
        ]
      },
      "id": "node/12288807073"
    },
    {
      "type": "Feature",
      "properties": {
        "@id": "node/12290223359",
        "name": "Chutrasāngan",
        "name:en": "Chutrasangan",
        "place": "hamlet",
        "source:name": "AMS-map NG46-14"
      },
      "geometry": {
        "type": "Point",
        "coordinates": [
          92.721498,
          24.9192894
        ]
      },
      "id": "node/12290223359"
    },
    {
      "type": "Feature",
      "properties": {
        "@id": "node/12290223383",
        "name": "Kasipur",
        "name:en": "Kasipur",
        "place": "hamlet",
        "source:name": "AMS-map NG46-14"
      },
      "geometry": {
        "type": "Point",
        "coordinates": [
          92.7286809,
          24.9287769
        ]
      },
      "id": "node/12290223383"
    },
    {
      "type": "Feature",
      "properties": {
        "@id": "node/12290223384",
        "name": "Borkhola",
        "name:en": "Borkhola",
        "place": "hamlet",
        "source:alt_name": "already existing healthdata (address PHC)"
      },
      "geometry": {
        "type": "Point",
        "coordinates": [
          92.74773,
          24.9248986
        ]
      },
      "id": "node/12290223384"
    },
    {
      "type": "Feature",
      "properties": {
        "@id": "node/12290475825",
        "name": "Ratpur",
        "name:en": "Ratpur",
        "place": "hamlet",
        "source:name": "AMS-map NG46-14"
      },
      "geometry": {
        "type": "Point",
        "coordinates": [
          92.7180862,
          24.8471106
        ]
      },
      "id": "node/12290475825"
    },
    {
      "type": "Feature",
      "properties": {
        "@id": "node/12290475826",
        "name": "Kirishanpur",
        "name:en": "Kirishanpur",
        "place": "hamlet",
        "source:name": "AMS-map NG46-14"
      },
      "geometry": {
        "type": "Point",
        "coordinates": [
          92.709192,
          24.8958038
        ]
      },
      "id": "node/12290475826"
    },
    {
      "type": "Feature",
      "properties": {
        "@id": "node/12290475827",
        "name": "Peladahar",
        "place": "hamlet"
      },
      "geometry": {
        "type": "Point",
        "coordinates": [
          92.7155971,
          24.9008788
        ]
      },
      "id": "node/12290475827"
    },
    {
      "type": "Feature",
      "properties": {
        "@id": "node/12290531455",
        "name": "Dighāli",
        "name:en": "Dighali",
        "place": "hamlet",
        "source:name": "SOI"
      },
      "geometry": {
        "type": "Point",
        "coordinates": [
          92.8017282,
          24.8586468
        ]
      },
      "id": "node/12290531455"
    },
    {
      "type": "Feature",
      "properties": {
        "@id": "node/12290531458",
        "name": "Kharilpār",
        "name:en": "Kharilpar",
        "place": "hamlet",
        "source:name": "SOI"
      },
      "geometry": {
        "type": "Point",
        "coordinates": [
          92.7874616,
          24.8547261
        ]
      },
      "id": "node/12290531458"
    },
    {
      "type": "Feature",
      "properties": {
        "@id": "node/12290531498",
        "name": "Māchhughāt",
        "name:en": "Machhughat",
        "place": "hamlet",
        "source:name": "SOI"
      },
      "geometry": {
        "type": "Point",
        "coordinates": [
          92.7765155,
          24.8547626
        ]
      },
      "id": "node/12290531498"
    },
    {
      "type": "Feature",
      "properties": {
        "@id": "node/12290580085",
        "name": "Debpāra",
        "name:en": "Debpara",
        "place": "hamlet",
        "source:name": "SOI"
      },
      "geometry": {
        "type": "Point",
        "coordinates": [
          92.8420472,
          24.8616743
        ]
      },
      "id": "node/12290580085"
    },
    {
      "type": "Feature",
      "properties": {
        "@id": "node/12290580086",
        "name": "Dudhpatli",
        "name:en": "Dudhpatli",
        "place": "hamlet",
        "source:name": "SOI"
      },
      "geometry": {
        "type": "Point",
        "coordinates": [
          92.8212386,
          24.8700895
        ]
      },
      "id": "node/12290580086"
    },
    {
      "type": "Feature",
      "properties": {
        "@id": "node/12290580103",
        "name": "Khoril",
        "name:en": "Khoril",
        "place": "hamlet",
        "source:name": "SOI"
      },
      "geometry": {
        "type": "Point",
        "coordinates": [
          92.7692735,
          24.8987671
        ]
      },
      "id": "node/12290580103"
    },
    {
      "type": "Feature",
      "properties": {
        "@id": "node/12290580104",
        "name": "Badripāra",
        "name:en": "Badripara",
        "place": "hamlet",
        "source:name": "SOI"
      },
      "geometry": {
        "type": "Point",
        "coordinates": [
          92.7565277,
          24.8874779
        ]
      },
      "id": "node/12290580104"
    },
    {
      "type": "Feature",
      "properties": {
        "@id": "node/12290580105",
        "name": "Māsimpur",
        "name:en": "Masimpur",
        "place": "hamlet",
        "source:name": "SOI"
      },
      "geometry": {
        "type": "Point",
        "coordinates": [
          92.7698421,
          24.8796138
        ]
      },
      "id": "node/12290580105"
    },
    {
      "type": "Feature",
      "properties": {
        "@id": "node/12290580111",
        "name": "Kharil Bagicha",
        "place": "hamlet",
        "source:name": "PWD data (MDR roads pdf)"
      },
      "geometry": {
        "type": "Point",
        "coordinates": [
          92.7774435,
          24.9157233
        ]
      },
      "id": "node/12290580111"
    },
    {
      "type": "Feature",
      "properties": {
        "@id": "node/12290580210",
        "name": "Dalughāt",
        "name:en": "Dalughat",
        "place": "hamlet",
        "source:name": "SOI"
      },
      "geometry": {
        "type": "Point",
        "coordinates": [
          92.7783823,
          24.9248354
        ]
      },
      "id": "node/12290580210"
    },
    {
      "type": "Feature",
      "properties": {
        "@id": "node/12290580211",
        "name": "Dalu",
        "name:en": "Dalu",
        "place": "hamlet",
        "source:name": "SOI"
      },
      "geometry": {
        "type": "Point",
        "coordinates": [
          92.7863002,
          24.9326382
        ]
      },
      "id": "node/12290580211"
    },
    {
      "type": "Feature",
      "properties": {
        "@id": "node/12290596561",
        "name": "Gossaipur",
        "place": "hamlet",
        "source:name": "PWD data (MDR roads pdf)"
      },
      "geometry": {
        "type": "Point",
        "coordinates": [
          92.8197634,
          24.8769566
        ]
      },
      "id": "node/12290596561"
    },
    {
      "type": "Feature",
      "properties": {
        "@id": "node/12290596562",
        "name": "Jhāpirband",
        "name:en": "Jhapirband",
        "place": "village",
        "source:name": "SOI"
      },
      "geometry": {
        "type": "Point",
        "coordinates": [
          92.8658438,
          24.9122836
        ]
      },
      "id": "node/12290596562"
    },
    {
      "type": "Feature",
      "properties": {
        "@id": "node/12290596563",
        "name": "Garerband",
        "name:en": "Garerband",
        "place": "hamlet",
        "source:name": "SOI"
      },
      "geometry": {
        "type": "Point",
        "coordinates": [
          92.8268552,
          24.9097633
        ]
      },
      "id": "node/12290596563"
    },
    {
      "type": "Feature",
      "properties": {
        "@id": "node/12290596564",
        "name": "Leburband",
        "name:en": "Leburband",
        "place": "hamlet",
        "source:name": "SOI"
      },
      "geometry": {
        "type": "Point",
        "coordinates": [
          92.834816,
          24.9131788
        ]
      },
      "id": "node/12290596564"
    },
    {
      "type": "Feature",
      "properties": {
        "@id": "node/12290766905",
        "name": "Gumvom",
        "name:en": "Gumvom",
        "place": "hamlet",
        "population:tribe": "KŪKI",
        "source:name": "SOI",
        "source:population:tribe": "SOI"
      },
      "geometry": {
        "type": "Point",
        "coordinates": [
          93.1897634,
          25.1543554
        ]
      },
      "id": "node/12290766905"
    },
    {
      "type": "Feature",
      "properties": {
        "@id": "node/12290767150",
        "name": "Hedelogolo",
        "name:en": "Hedelogolo",
        "place": "hamlet",
        "population:tribe": "Nāga",
        "source:name": "SOI",
        "source:population:tribe": "SOI"
      },
      "geometry": {
        "type": "Point",
        "coordinates": [
          93.1374228,
          25.1785683
        ]
      },
      "id": "node/12290767150"
    },
    {
      "type": "Feature",
      "properties": {
        "@id": "node/12290767151",
        "name": "Longkai",
        "name:en": "Longkai",
        "place": "hamlet",
        "population:tribe": "Nāga",
        "source:name": "SOI",
        "source:population:tribe": "SOI"
      },
      "geometry": {
        "type": "Point",
        "coordinates": [
          93.1517351,
          25.1738349
        ]
      },
      "id": "node/12290767151"
    },
    {
      "type": "Feature",
      "properties": {
        "@id": "node/12290767152",
        "is_in": "Kuki",
        "name": "Nengte",
        "name:en": "Nengte",
        "note": "hamlet aligned into residentil area; Soi mor south",
        "place": "hamlet",
        "source:name": "SOI"
      },
      "geometry": {
        "type": "Point",
        "coordinates": [
          93.1304598,
          25.1322309
        ]
      },
      "id": "node/12290767152"
    },
    {
      "type": "Feature",
      "properties": {
        "@id": "node/12290767153",
        "name": "Pangmul",
        "name:en": "Pangmul",
        "place": "hamlet",
        "population:tribe": "KŪKI",
        "source:name": "SOI",
        "source:population:tribe": "SOI"
      },
      "geometry": {
        "type": "Point",
        "coordinates": [
          93.1593525,
          25.1703247
        ]
      },
      "id": "node/12290767153"
    },
    {
      "type": "Feature",
      "properties": {
        "@id": "node/12303142202",
        "name": "Rāngāmāti",
        "name:en": "Rangamati",
        "place": "hamlet",
        "source:name": "SOI"
      },
      "geometry": {
        "type": "Point",
        "coordinates": [
          92.2907781,
          24.2799856
        ]
      },
      "id": "node/12303142202"
    },
    {
      "type": "Feature",
      "properties": {
        "@id": "node/12303142203",
        "name": "Nīlkāntpur",
        "name:en": "Nilkantpur",
        "place": "hamlet",
        "source:name": "SOI"
      },
      "geometry": {
        "type": "Point",
        "coordinates": [
          92.2930956,
          24.2908408
        ]
      },
      "id": "node/12303142203"
    },
    {
      "type": "Feature",
      "properties": {
        "@id": "node/12303142204",
        "name": "Katanpur",
        "name:en": "Katanpur",
        "place": "hamlet",
        "source:name": "SOI"
      },
      "geometry": {
        "type": "Point",
        "coordinates": [
          92.3007345,
          24.3563431
        ]
      },
      "id": "node/12303142204"
    },
    {
      "type": "Feature",
      "properties": {
        "@id": "node/12303142205",
        "name": "Katāmani",
        "name:en": "Katamani",
        "place": "hamlet",
        "source:name": "SOI"
      },
      "geometry": {
        "type": "Point",
        "coordinates": [
          92.3009825,
          24.3739137
        ]
      },
      "id": "node/12303142205"
    },
    {
      "type": "Feature",
      "properties": {
        "@id": "node/12303142206",
        "name": "Isābil",
        "name:en": "Isabil",
        "place": "hamlet",
        "source:name": "SOI"
      },
      "geometry": {
        "type": "Point",
        "coordinates": [
          92.303986,
          24.4078265
        ]
      },
      "id": "node/12303142206"
    },
    {
      "type": "Feature",
      "properties": {
        "@id": "node/12303142207",
        "name": "East Kālāchhara",
        "name:en": "East Kalachhara",
        "place": "hamlet",
        "source:name": "SOI"
      },
      "geometry": {
        "type": "Point",
        "coordinates": [
          92.3228788,
          24.4221829
        ]
      },
      "id": "node/12303142207"
    },
    {
      "type": "Feature",
      "properties": {
        "@id": "node/12303142208",
        "name": "Kālāchhara",
        "name:en": "Kalachhara",
        "place": "hamlet",
        "source:name": "SOI"
      },
      "geometry": {
        "type": "Point",
        "coordinates": [
          92.3079014,
          24.4156571
        ]
      },
      "id": "node/12303142208"
    },
    {
      "type": "Feature",
      "properties": {
        "@id": "node/12303142209",
        "name": "Kālāchhara",
        "name:en": "Kalachhara",
        "place": "hamlet",
        "source:name": "SOI"
      },
      "geometry": {
        "type": "Point",
        "coordinates": [
          92.3112917,
          24.4307596
        ]
      },
      "id": "node/12303142209"
    },
    {
      "type": "Feature",
      "properties": {
        "@id": "node/12303142210",
        "name": "Shibergul",
        "name:en": "Shibergul",
        "place": "hamlet",
        "source:name": "SOI"
      },
      "geometry": {
        "type": "Point",
        "coordinates": [
          92.3138022,
          24.4425786
        ]
      },
      "id": "node/12303142210"
    },
    {
      "type": "Feature",
      "properties": {
        "@id": "node/12303142211",
        "name": "Shibergul",
        "name:en": "Shibergul",
        "place": "hamlet",
        "source:name": "SOI"
      },
      "geometry": {
        "type": "Point",
        "coordinates": [
          92.3175144,
          24.4542597
        ]
      },
      "id": "node/12303142211"
    },
    {
      "type": "Feature",
      "properties": {
        "@id": "node/12303142212",
        "alt_name": "Loirpowa",
        "alt_name:en": "Loirpowa",
        "name": "Lowairpoa",
        "name:en": "Lowairpoa",
        "name:hi": "लोवेर्पो",
        "place": "village",
        "source:alt_name": "SOI",
        "source:name": "PWRD data (road list)"
      },
      "geometry": {
        "type": "Point",
        "coordinates": [
          92.316463,
          24.4688498
        ]
      },
      "id": "node/12303142212"
    },
    {
      "type": "Feature",
      "properties": {
        "@id": "node/12308317669",
        "name": "Bānglātal",
        "name:en": "Banglatal",
        "place": "hamlet",
        "source:name": "SOI"
      },
      "geometry": {
        "type": "Point",
        "coordinates": [
          92.2504806,
          24.4454111
        ]
      },
      "id": "node/12308317669"
    },
    {
      "type": "Feature",
      "properties": {
        "@id": "node/12308351745",
        "name": "Hataiband",
        "name:en": "Hataiband",
        "place": "hamlet",
        "source:name": "SOI"
      },
      "geometry": {
        "type": "Point",
        "coordinates": [
          92.3224497,
          24.4708419
        ]
      },
      "id": "node/12308351745"
    },
    {
      "type": "Feature",
      "properties": {
        "@id": "node/12308501185",
        "name": "Bāzārghat",
        "name:en": "Bazarghat",
        "place": "hamlet",
        "source:name": "SOI"
      },
      "geometry": {
        "type": "Point",
        "coordinates": [
          92.2881412,
          24.3612887
        ]
      },
      "id": "node/12308501185"
    },
    {
      "type": "Feature",
      "properties": {
        "@id": "node/12308501186",
        "name": "Uttar Māgura",
        "name:en": "Uttar Magura",
        "place": "hamlet",
        "source:name": "SOI"
      },
      "geometry": {
        "type": "Point",
        "coordinates": [
          92.2860356,
          24.3660622
        ]
      },
      "id": "node/12308501186"
    },
    {
      "type": "Feature",
      "properties": {
        "@id": "node/12308501187",
        "name": "Jānpur",
        "name:en": "Janpur",
        "place": "hamlet",
        "source:name": "SOI"
      },
      "geometry": {
        "type": "Point",
        "coordinates": [
          92.2968749,
          24.3673046
        ]
      },
      "id": "node/12308501187"
    },
    {
      "type": "Feature",
      "properties": {
        "@id": "node/12308501188",
        "name": "Solāmana",
        "name:en": "Solamana",
        "place": "hamlet",
        "source:name": "SOI"
      },
      "geometry": {
        "type": "Point",
        "coordinates": [
          92.2963963,
          24.3760664
        ]
      },
      "id": "node/12308501188"
    },
    {
      "type": "Feature",
      "properties": {
        "@id": "node/12308501189",
        "name": "Rauarpār",
        "name:en": "Rauarpar",
        "place": "hamlet",
        "source:name": "SOI"
      },
      "geometry": {
        "type": "Point",
        "coordinates": [
          92.2909169,
          24.4000601
        ]
      },
      "id": "node/12308501189"
    },
    {
      "type": "Feature",
      "properties": {
        "@id": "node/12308501190",
        "name": "Uttar Solāmana",
        "name:en": "Uttar Solamana",
        "place": "hamlet",
        "source:name": "SOI"
      },
      "geometry": {
        "type": "Point",
        "coordinates": [
          92.2933934,
          24.3841629
        ]
      },
      "id": "node/12308501190"
    },
    {
      "type": "Feature",
      "properties": {
        "@id": "node/12308501472",
        "name": "Dakshin Māgura",
        "name:en": "Dakshin Magura",
        "place": "hamlet",
        "source:name": "SOI"
      },
      "geometry": {
        "type": "Point",
        "coordinates": [
          92.2965159,
          24.3473268
        ]
      },
      "id": "node/12308501472"
    },
    {
      "type": "Feature",
      "properties": {
        "@id": "node/12308501473",
        "name": "Dakshin Māgura",
        "name:en": "Dakshin Magura",
        "place": "hamlet",
        "source:name": "SOI"
      },
      "geometry": {
        "type": "Point",
        "coordinates": [
          92.2864663,
          24.3483514
        ]
      },
      "id": "node/12308501473"
    },
    {
      "type": "Feature",
      "properties": {
        "@id": "node/12308501474",
        "is_in:village": "Tipra",
        "name": "Māgurāpunji",
        "name:en": "Magurapunji",
        "place": "hamlet",
        "source:name": "SOI"
      },
      "geometry": {
        "type": "Point",
        "coordinates": [
          92.2880575,
          24.3568093
        ]
      },
      "id": "node/12308501474"
    },
    {
      "type": "Feature",
      "properties": {
        "@id": "node/12308501811",
        "name": "Karīmganjbil",
        "name:en": "Karimganjbil",
        "place": "hamlet",
        "source:name": "SOI"
      },
      "geometry": {
        "type": "Point",
        "coordinates": [
          92.3176471,
          24.380981
        ]
      },
      "id": "node/12308501811"
    },
    {
      "type": "Feature",
      "properties": {
        "@id": "node/12308501812",
        "name": "Basti No. 4",
        "name:en": "Baszi No. 4",
        "place": "hamlet",
        "source:name": "SOI"
      },
      "geometry": {
        "type": "Point",
        "coordinates": [
          92.3154907,
          24.3863858
        ]
      },
      "id": "node/12308501812"
    },
    {
      "type": "Feature",
      "properties": {
        "@id": "node/12309487497",
        "name": "Thamua",
        "name:en": "Thamua",
        "place": "hamlet",
        "source:name": "est. from PWRD road list (ARAMS, generate 2024-10)"
      },
      "geometry": {
        "type": "Point",
        "coordinates": [
          92.3912322,
          24.740264
        ]
      },
      "id": "node/12309487497"
    },
    {
      "type": "Feature",
      "properties": {
        "@id": "node/12309487499",
        "name": "Sagarpar",
        "name:en": "Sagarpar",
        "place": "hamlet",
        "source:name": "est. from PWRD road list (ARAMS, generate 2024-10)"
      },
      "geometry": {
        "type": "Point",
        "coordinates": [
          92.4330854,
          24.7465585
        ]
      },
      "id": "node/12309487499"
    },
    {
      "type": "Feature",
      "properties": {
        "@id": "node/12310303629",
        "fixme": "check exact location",
        "name": "Belala",
        "name:en": "Belala",
        "place": "hamlet",
        "source:name": "est. from PWRD road list (ARAMS, generate 2024-10)"
      },
      "geometry": {
        "type": "Point",
        "coordinates": [
          92.4617797,
          24.7334819
        ]
      },
      "id": "node/12310303629"
    },
    {
      "type": "Feature",
      "properties": {
        "@id": "node/12328405846",
        "name": "Bachla",
        "name:en": "Bachla",
        "place": "hamlet",
        "source:name": "AMS-map NG46-16"
      },
      "geometry": {
        "type": "Point",
        "coordinates": [
          92.4736833,
          24.8069541
        ]
      },
      "id": "node/12328405846"
    },
    {
      "type": "Feature",
      "properties": {
        "@id": "node/12328405847",
        "name": "Khola",
        "name:en": "Khola",
        "place": "hamlet",
        "source:name": "AMS-map NG46-16"
      },
      "geometry": {
        "type": "Point",
        "coordinates": [
          92.4530491,
          24.8078062
        ]
      },
      "id": "node/12328405847"
    },
    {
      "type": "Feature",
      "properties": {
        "@id": "node/12328405848",
        "name": "Mājātkāndi",
        "name:en": "Majatkandi",
        "place": "hamlet",
        "source:name": "AMS-map NG46-16"
      },
      "geometry": {
        "type": "Point",
        "coordinates": [
          92.4811822,
          24.8056735
        ]
      },
      "id": "node/12328405848"
    },
    {
      "type": "Feature",
      "properties": {
        "@id": "node/12328405849",
        "name": "Dattapur",
        "name:en": "Dattapur",
        "place": "hamlet",
        "source:name": "AMS-map NG46-16"
      },
      "geometry": {
        "type": "Point",
        "coordinates": [
          92.4800026,
          24.8184843
        ]
      },
      "id": "node/12328405849"
    },
    {
      "type": "Feature",
      "properties": {
        "@id": "node/12328405850",
        "name": "Nawājisnagar",
        "name:en": "Nawajisnagar",
        "place": "hamlet",
        "source:name": "AMS-map NG46-16"
      },
      "geometry": {
        "type": "Point",
        "coordinates": [
          92.4301672,
          24.8201982
        ]
      },
      "id": "node/12328405850"
    },
    {
      "type": "Feature",
      "properties": {
        "@id": "node/12328420099",
        "name": "Nandapur",
        "name:en": "nandapur",
        "place": "hamlet",
        "source:name": "AMS-map NG46-16"
      },
      "geometry": {
        "type": "Point",
        "coordinates": [
          92.4332141,
          24.831143
        ]
      },
      "id": "node/12328420099"
    },
    {
      "type": "Feature",
      "properties": {
        "@id": "node/12328420100",
        "name": "Nāirgram",
        "name:en": "Nairgram",
        "place": "hamlet",
        "source:name": "AMS-map NG46-16"
      },
      "geometry": {
        "type": "Point",
        "coordinates": [
          92.4278497,
          24.8375303
        ]
      },
      "id": "node/12328420100"
    },
    {
      "type": "Feature",
      "properties": {
        "@id": "node/12328834488",
        "name": "Kamarangi",
        "place": "hamlet",
        "source:name": "est. from PWRD road list (Karimganj) https://www.apwd.in/CITIZEN/ARAMS.jsp generated 2024-10-24"
      },
      "geometry": {
        "type": "Point",
        "coordinates": [
          92.4784469,
          24.8041005
        ]
      },
      "id": "node/12328834488"
    },
    {
      "type": "Feature",
      "properties": {
        "@id": "node/12328994049",
        "name": "Mokoi Bhanha",
        "name:en": "Mokoi Bhanga",
        "place": "hamlet"
      },
      "geometry": {
        "type": "Point",
        "coordinates": [
          92.490136,
          24.8575711
        ]
      },
      "id": "node/12328994049"
    },
    {
      "type": "Feature",
      "properties": {
        "@id": "node/12329000533",
        "name": "Anglabazar",
        "name:en": "Anglabazar",
        "place": "hamlet",
        "source:name": "est. from PWRD road list (Karimganj) https://www.apwd.in/CITIZEN/ARAMS.jsp generated 2024-10-24"
      },
      "geometry": {
        "type": "Point",
        "coordinates": [
          92.5226015,
          24.810684
        ]
      },
      "id": "node/12329000533"
    },
    {
      "type": "Feature",
      "properties": {
        "@id": "node/12338037033",
        "name": "Sonādāri",
        "name:en": "Sonadari",
        "place": "hamlet",
        "source:name": "AMS-map NG46-14"
      },
      "geometry": {
        "type": "Point",
        "coordinates": [
          92.2812509,
          24.8576636
        ]
      },
      "id": "node/12338037033"
    },
    {
      "type": "Feature",
      "properties": {
        "@id": "node/12338037034",
        "name": "Purāuri",
        "name:en": "Purauri",
        "place": "hamlet",
        "source:name": "AMS-map NG46-14"
      },
      "geometry": {
        "type": "Point",
        "coordinates": [
          92.2788906,
          24.8656849
        ]
      },
      "id": "node/12338037034"
    },
    {
      "type": "Feature",
      "properties": {
        "@id": "node/12338037035",
        "name": "Lautisi",
        "name:en": "Lautisi",
        "place": "hamlet",
        "source:name": "AMS-map NG46-14"
      },
      "geometry": {
        "type": "Point",
        "coordinates": [
          92.2611236,
          24.8731411
        ]
      },
      "id": "node/12338037035"
    },
    {
      "type": "Feature",
      "properties": {
        "@id": "node/12346963432",
        "name": "Bāzārghat",
        "name:en": "Bazarghat",
        "place": "hamlet",
        "source:name": "AMS-map NG46-14"
      },
      "geometry": {
        "type": "Point",
        "coordinates": [
          92.3932492,
          24.6027381
        ]
      },
      "id": "node/12346963432"
    },
    {
      "type": "Feature",
      "properties": {
        "@id": "node/12358670085",
        "name": "Singari",
        "name:en": "Singari",
        "place": "hamlet",
        "source:name": "AMS-map NG46-14"
      },
      "geometry": {
        "type": "Point",
        "coordinates": [
          92.3373413,
          24.5840855
        ]
      },
      "id": "node/12358670085"
    },
    {
      "type": "Feature",
      "properties": {
        "@id": "node/12367194791",
        "name": "Bhairab Nagar",
        "name:en": "Bhairab nagar",
        "place": "hamlet",
        "source:name": "est. from PWRD road list (ARAMS, generate 2024-10)"
      },
      "geometry": {
        "type": "Point",
        "coordinates": [
          92.490702,
          24.7015715
        ]
      },
      "id": "node/12367194791"
    },
    {
      "type": "Feature",
      "properties": {
        "@id": "node/12372494831",
        "name": "Gamāri",
        "name:en": "Gamari",
        "place": "hamlet",
        "source:name": "AMS-map NG46-14"
      },
      "geometry": {
        "type": "Point",
        "coordinates": [
          92.481687,
          24.6506056
        ]
      },
      "id": "node/12372494831"
    },
    {
      "type": "Feature",
      "properties": {
        "@id": "node/12372494832",
        "name": "Golerband",
        "name:en": "Golerband",
        "place": "hamlet",
        "source:name": "AMS-map NG46-14"
      },
      "geometry": {
        "type": "Point",
        "coordinates": [
          92.4886822,
          24.6299706
        ]
      },
      "id": "node/12372494832"
    },
    {
      "type": "Feature",
      "properties": {
        "@id": "node/12372494833",
        "name": "Chāmāla",
        "name:en": "Chamala",
        "place": "hamlet",
        "source:name": "AMS-map NG46-14"
      },
      "geometry": {
        "type": "Point",
        "coordinates": [
          92.4717521,
          24.6075959
        ]
      },
      "id": "node/12372494833"
    },
    {
      "type": "Feature",
      "properties": {
        "@id": "node/12372494834",
        "name": "Tingārgul",
        "name:en": "Tingargul",
        "place": "hamlet",
        "source:name": "AMS-map NG46-14"
      },
      "geometry": {
        "type": "Point",
        "coordinates": [
          92.464199,
          24.5985239
        ]
      },
      "id": "node/12372494834"
    },
    {
      "type": "Feature",
      "properties": {
        "@id": "node/12372494835",
        "name": "Kālinagar",
        "name:en": "Kalinagar",
        "place": "hamlet",
        "source:name": "AMS-map NG46-14"
      },
      "geometry": {
        "type": "Point",
        "coordinates": [
          92.465229,
          24.5805146
        ]
      },
      "id": "node/12372494835"
    },
    {
      "type": "Feature",
      "properties": {
        "@id": "node/12372494889",
        "name": "Dalurpār",
        "name:en": "Dalurpar",
        "place": "hamlet",
        "source:name": "AMS-map NG46-14"
      },
      "geometry": {
        "type": "Point",
        "coordinates": [
          92.4547362,
          24.6031868
        ]
      },
      "id": "node/12372494889"
    },
    {
      "type": "Feature",
      "properties": {
        "@id": "node/12373756571",
        "name": "Alambag",
        "place": "village"
      },
      "geometry": {
        "type": "Point",
        "coordinates": [
          92.6841259,
          24.7912678
        ]
      },
      "id": "node/12373756571"
    },
    {
      "type": "Feature",
      "properties": {
        "@id": "node/12373756572",
        "name": "Madhcherra",
        "place": "village"
      },
      "geometry": {
        "type": "Point",
        "coordinates": [
          92.6669926,
          24.6718405
        ]
      },
      "id": "node/12373756572"
    },
    {
      "type": "Feature",
      "properties": {
        "@id": "node/12373756573",
        "name": "Mesipur",
        "place": "village"
      },
      "geometry": {
        "type": "Point",
        "coordinates": [
          92.6661847,
          24.6735397
        ]
      },
      "id": "node/12373756573"
    },
    {
      "type": "Feature",
      "properties": {
        "@id": "node/12373756574",
        "name": "Paglanala",
        "place": "village"
      },
      "geometry": {
        "type": "Point",
        "coordinates": [
          92.6875023,
          24.5931326
        ]
      },
      "id": "node/12373756574"
    },
    {
      "type": "Feature",
      "properties": {
        "@id": "node/12373756575",
        "name": "Aulicherra",
        "place": "village"
      },
      "geometry": {
        "type": "Point",
        "coordinates": [
          92.6747625,
          24.5830978
        ]
      },
      "id": "node/12373756575"
    },
    {
      "type": "Feature",
      "properties": {
        "@id": "node/12373756576",
        "name": "Munchicherra",
        "place": "village"
      },
      "geometry": {
        "type": "Point",
        "coordinates": [
          92.7077949,
          24.572994
        ]
      },
      "id": "node/12373756576"
    },
    {
      "type": "Feature",
      "properties": {
        "@id": "node/12373756577",
        "name": "Nagathal",
        "place": "village"
      },
      "geometry": {
        "type": "Point",
        "coordinates": [
          92.7372095,
          24.5886437
        ]
      },
      "id": "node/12373756577"
    },
    {
      "type": "Feature",
      "properties": {
        "@id": "node/12373756578",
        "name": "Dholaikhal",
        "place": "village"
      },
      "geometry": {
        "type": "Point",
        "coordinates": [
          92.811565,
          24.4249107
        ]
      },
      "id": "node/12373756578"
    },
    {
      "type": "Feature",
      "properties": {
        "@id": "node/12375834697",
        "name": "Indranagar",
        "place": "village"
      },
      "geometry": {
        "type": "Point",
        "coordinates": [
          92.8642689,
          24.9866558
        ]
      },
      "id": "node/12375834697"
    },
    {
      "type": "Feature",
      "properties": {
        "@id": "node/12375834698",
        "name": "Tibong Cherra",
        "place": "village"
      },
      "geometry": {
        "type": "Point",
        "coordinates": [
          92.7442843,
          25.005913
        ]
      },
      "id": "node/12375834698"
    },
    {
      "type": "Feature",
      "properties": {
        "@id": "node/12375834699",
        "name": "Harinagar",
        "place": "village"
      },
      "geometry": {
        "type": "Point",
        "coordinates": [
          93.1254131,
          24.9209711
        ]
      },
      "id": "node/12375834699"
    },
    {
      "type": "Feature",
      "properties": {
        "@id": "node/12375834700",
        "name": "Digli",
        "place": "village"
      },
      "geometry": {
        "type": "Point",
        "coordinates": [
          93.1240982,
          24.8658492
        ]
      },
      "id": "node/12375834700"
    },
    {
      "type": "Feature",
      "properties": {
        "@id": "node/12375838501",
        "name": "Bhuban Hills",
        "place": "village"
      },
      "geometry": {
        "type": "Point",
        "coordinates": [
          92.9185421,
          24.6990442
        ]
      },
      "id": "node/12375838501"
    },
    {
      "type": "Feature",
      "properties": {
        "@id": "node/12375838502",
        "name": "Hadama",
        "place": "village"
      },
      "geometry": {
        "type": "Point",
        "coordinates": [
          92.8061555,
          24.4887414
        ]
      },
      "id": "node/12375838502"
    },
    {
      "type": "Feature",
      "properties": {
        "@id": "node/12377093745",
        "alt_name": "Kanaibazar",
        "alt_name:en": "Kanaibazar",
        "name": "Asimganj",
        "name:en": "Asimganj",
        "place": "hamlet"
      },
      "geometry": {
        "type": "Point",
        "coordinates": [
          92.3245203,
          24.6424437
        ]
      },
      "id": "node/12377093745"
    },
    {
      "type": "Feature",
      "properties": {
        "@id": "node/12386956769",
        "name": "Bagarsangan",
        "name:en": "Bagarsangan",
        "place": "hamlet",
        "source:name": "est. from PWRD road list MDR14 (ARAMS, generate 2024-10)"
      },
      "geometry": {
        "type": "Point",
        "coordinates": [
          92.2970572,
          24.9037447
        ]
      },
      "id": "node/12386956769"
    },
    {
      "type": "Feature",
      "properties": {
        "@id": "node/12386956771",
        "alt_name": "Fakir Bāzār",
        "alt_name:en": "Fakir bazar",
        "name": "Fakira Bazar",
        "name:en": "Fakira Bazar",
        "place": "hamlet",
        "source:alt_name": "AMS-map NG46-14",
        "source:name": "https://pwdroads.assam.gov.in/frontimpotentdata/major-district-roads (retreived 2024-11-16) (MDR3)"
      },
      "geometry": {
        "type": "Point",
        "coordinates": [
          92.2886967,
          24.8642101
        ]
      },
      "id": "node/12386956771"
    },
    {
      "type": "Feature",
      "properties": {
        "@id": "node/12386956772",
        "name": "Naldari",
        "name:en": "Naldari",
        "place": "hamlet",
        "source:name": "AMS-map NG46-14"
      },
      "geometry": {
        "type": "Point",
        "coordinates": [
          92.2692561,
          24.903117
        ]
      },
      "id": "node/12386956772"
    },
    {
      "type": "Feature",
      "properties": {
        "@id": "node/12386956773",
        "name": "Pānighat",
        "name:en": "Panighat",
        "place": "hamlet",
        "source:name": "AMS-map NG46-14"
      },
      "geometry": {
        "type": "Point",
        "coordinates": [
          92.2968614,
          24.8963001
        ]
      },
      "id": "node/12386956773"
    },
    {
      "type": "Feature",
      "properties": {
        "@id": "node/12386970008",
        "name": "Suterkandi",
        "name:en": "Suterkandi",
        "place": "hamlet",
        "source:name": "est. from PWRD road list MDR14 (ARAMS, generate 2024-10)"
      },
      "geometry": {
        "type": "Point",
        "coordinates": [
          92.2542894,
          24.8734817
        ]
      },
      "id": "node/12386970008"
    },
    {
      "type": "Feature",
      "properties": {
        "@id": "node/12434159470",
        "name": "Khelma",
        "name:en": "Khelma",
        "place": "hamlet",
        "source:name": "SOI"
      },
      "geometry": {
        "type": "Point",
        "coordinates": [
          92.7545857,
          24.8351935
        ]
      },
      "id": "node/12434159470"
    },
    {
      "type": "Feature",
      "properties": {
        "@id": "node/12434159471",
        "name": "Rāmnagar",
        "name:en": "Ramnagar",
        "place": "hamlet",
        "source:name": "SOI"
      },
      "geometry": {
        "type": "Point",
        "coordinates": [
          92.7665698,
          24.8357972
        ]
      },
      "id": "node/12434159471"
    },
    {
      "type": "Feature",
      "properties": {
        "@id": "node/12434159472",
        "name": "Khelma",
        "name:en": "Khelma",
        "place": "hamlet",
        "source:name": "SOI"
      },
      "geometry": {
        "type": "Point",
        "coordinates": [
          92.7608943,
          24.8304127
        ]
      },
      "id": "node/12434159472"
    },
    {
      "type": "Feature",
      "properties": {
        "@id": "node/12434521790",
        "name": "Bhubirband",
        "name:en": "Bhubirband",
        "place": "hamlet",
        "source:name": "SOI"
      },
      "geometry": {
        "type": "Point",
        "coordinates": [
          92.3918438,
          24.2810223
        ]
      },
      "id": "node/12434521790"
    },
    {
      "type": "Feature",
      "properties": {
        "@id": "node/12434521791",
        "name": "Chhota Bhubirband",
        "name:en": "Chhota Bhubirband",
        "place": "hamlet",
        "source:name": "SOI"
      },
      "geometry": {
        "type": "Point",
        "coordinates": [
          92.3872733,
          24.2658138
        ]
      },
      "id": "node/12434521791"
    },
    {
      "type": "Feature",
      "properties": {
        "@id": "node/12434535898",
        "name": "Cherāgi",
        "name:en": "Cheragi",
        "place": "village",
        "source:name": "SOI"
      },
      "geometry": {
        "type": "Point",
        "coordinates": [
          92.3929703,
          24.3534989
        ]
      },
      "id": "node/12434535898"
    },
    {
      "type": "Feature",
      "properties": {
        "@id": "node/12434558313",
        "name": "Wāngirband",
        "name:en": "Wangirband",
        "place": "hamlet",
        "source:name": "SOI"
      },
      "geometry": {
        "type": "Point",
        "coordinates": [
          92.4113917,
          24.4117688
        ]
      },
      "id": "node/12434558313"
    },
    {
      "type": "Feature",
      "properties": {
        "@id": "node/12434558314",
        "name": "Nibiāchhara",
        "name:en": "Nibiachhara",
        "place": "hamlet",
        "source:name": "SOI"
      },
      "geometry": {
        "type": "Point",
        "coordinates": [
          92.4171209,
          24.4054575
        ]
      },
      "id": "node/12434558314"
    },
    {
      "type": "Feature",
      "properties": {
        "@id": "node/12434558315",
        "name": "Lāchhara",
        "name:en": "Lachhara",
        "place": "hamlet",
        "source:name": "SOI"
      },
      "geometry": {
        "type": "Point",
        "coordinates": [
          92.4384928,
          24.4555098
        ]
      },
      "id": "node/12434558315"
    },
    {
      "type": "Feature",
      "properties": {
        "@id": "node/12434558316",
        "name": "Murliband",
        "name:en": "Murliband",
        "place": "hamlet",
        "source:name": "SOI"
      },
      "geometry": {
        "type": "Point",
        "coordinates": [
          92.4326134,
          24.425133
        ]
      },
      "id": "node/12434558316"
    },
    {
      "type": "Feature",
      "properties": {
        "@id": "node/12434558317",
        "name": "Gambhira",
        "name:en": "Gambhira",
        "place": "hamlet",
        "source:name": "SOI"
      },
      "geometry": {
        "type": "Point",
        "coordinates": [
          92.4335789,
          24.4186074
        ]
      },
      "id": "node/12434558317"
    },
    {
      "type": "Feature",
      "properties": {
        "@id": "node/12434558318",
        "name": "Gambhīrābasti",
        "name:en": "Gambhirabsti",
        "place": "hamlet",
        "source:name": "SOI"
      },
      "geometry": {
        "type": "Point",
        "coordinates": [
          92.444458,
          24.4215577
        ]
      },
      "id": "node/12434558318"
    },
    {
      "type": "Feature",
      "properties": {
        "@id": "node/12434558319",
        "name": "Wāngirband",
        "name:en": "Wangirband",
        "place": "hamlet",
        "source:name": "SOI"
      },
      "geometry": {
        "type": "Point",
        "coordinates": [
          92.4237299,
          24.4257387
        ]
      },
      "id": "node/12434558319"
    },
    {
      "type": "Feature",
      "properties": {
        "@id": "node/12434558320",
        "name": "Wāngirband",
        "name:en": "Wangirband",
        "place": "hamlet",
        "source:name": "SOI"
      },
      "geometry": {
        "type": "Point",
        "coordinates": [
          92.4273133,
          24.4334361
        ]
      },
      "id": "node/12434558320"
    },
    {
      "type": "Feature",
      "properties": {
        "@id": "node/12434558321",
        "name": "Gambhira",
        "name:en": "Gambhira",
        "place": "hamlet",
        "source:name": "SOI"
      },
      "geometry": {
        "type": "Point",
        "coordinates": [
          92.428987,
          24.4259341
        ]
      },
      "id": "node/12434558321"
    },
    {
      "type": "Feature",
      "properties": {
        "@id": "node/12444448687",
        "name": "Lakhipur",
        "name:en": "Lakhipur",
        "place": "hamlet",
        "source:name": "est. from PWRD road list (ARAMS, generate 2024-10)"
      },
      "geometry": {
        "type": "Point",
        "coordinates": [
          92.2764659,
          24.6444428
        ]
      },
      "id": "node/12444448687"
    },
    {
      "type": "Feature",
      "properties": {
        "@id": "node/12444581567",
        "name": "Billibari",
        "name:en": "Bilbari",
        "place": "hamlet",
        "source:name": "est. from PWRD road list (ARAMS, generate 2024-10)"
      },
      "geometry": {
        "type": "Point",
        "coordinates": [
          92.3004663,
          24.7131335
        ]
      },
      "id": "node/12444581567"
    },
    {
      "type": "Feature",
      "properties": {
        "@id": "node/12444581568",
        "name": "Bilbari",
        "name:en": "Bilbari",
        "place": "hamlet"
      },
      "geometry": {
        "type": "Point",
        "coordinates": [
          92.307888,
          24.7088938
        ]
      },
      "id": "node/12444581568"
    },
    {
      "type": "Feature",
      "properties": {
        "@id": "node/12444670991",
        "name": "Longai",
        "name:en": "Longai",
        "place": "hamlet"
      },
      "geometry": {
        "type": "Point",
        "coordinates": [
          92.3440468,
          24.8537404
        ]
      },
      "id": "node/12444670991"
    },
    {
      "type": "Feature",
      "properties": {
        "@id": "node/12444996278",
        "name": "Balia",
        "name:en": "Balia",
        "place": "hamlet"
      },
      "geometry": {
        "type": "Point",
        "coordinates": [
          92.3256442,
          24.7714338
        ]
      },
      "id": "node/12444996278"
    },
    {
      "type": "Feature",
      "properties": {
        "@id": "node/12444999579",
        "name": "Isaganj",
        "name:en": "Isaganj",
        "place": "hamlet",
        "source:name": "est. from PWRD road list (ARAMS, generate 2024-10)"
      },
      "geometry": {
        "type": "Point",
        "coordinates": [
          92.316978,
          24.6885048
        ]
      },
      "id": "node/12444999579"
    },
    {
      "type": "Feature",
      "properties": {
        "@id": "node/12451156095",
        "name": "Raghurtuk",
        "name:en": "Raghurtuk",
        "place": "hamlet",
        "source:name": "est. from PWRD road list (ARAMS, generated 2024-10)"
      },
      "geometry": {
        "type": "Point",
        "coordinates": [
          92.2985351,
          24.6913439
        ]
      },
      "id": "node/12451156095"
    },
    {
      "type": "Feature",
      "properties": {
        "@id": "node/12451156096",
        "name": "Billbari",
        "name:en": "Billbari",
        "place": "hamlet",
        "source:name": "est. from PWRD road list (ARAMS, generated 2024-10)"
      },
      "geometry": {
        "type": "Point",
        "coordinates": [
          92.294147,
          24.7040789
        ]
      },
      "id": "node/12451156096"
    },
    {
      "type": "Feature",
      "properties": {
        "@id": "node/12451159815",
        "name": "Tukerbazar",
        "place": "hamlet"
      },
      "geometry": {
        "type": "Point",
        "coordinates": [
          92.307432,
          24.6688583
        ]
      },
      "id": "node/12451159815"
    },
    {
      "type": "Feature",
      "properties": {
        "@id": "node/12451419216",
        "name": "Sonatola",
        "place": "hamlet"
      },
      "geometry": {
        "type": "Point",
        "coordinates": [
          92.2826377,
          24.6732115
        ]
      },
      "id": "node/12451419216"
    },
    {
      "type": "Feature",
      "properties": {
        "@id": "node/12451667772",
        "name": "Kabairbond",
        "place": "hamlet"
      },
      "geometry": {
        "type": "Point",
        "coordinates": [
          92.3136413,
          24.6070106
        ]
      },
      "id": "node/12451667772"
    },
    {
      "type": "Feature",
      "properties": {
        "@id": "node/12453547638",
        "name": "Malua",
        "name:en": "Malua",
        "place": "hamlet",
        "source:name": "est. from MDR road route (PWRD road list (Karimganj) https://www.apwd.in/CITIZEN/ARAMS.jsp generated 2024-10-24)"
      },
      "geometry": {
        "type": "Point",
        "coordinates": [
          92.5109392,
          24.8714133
        ]
      },
      "id": "node/12453547638"
    },
    {
      "type": "Feature",
      "properties": {
        "@id": "node/12453654371",
        "name": "Buranga",
        "place": "hamlet"
      },
      "geometry": {
        "type": "Point",
        "coordinates": [
          92.4026209,
          24.7593268
        ]
      },
      "id": "node/12453654371"
    },
    {
      "type": "Feature",
      "properties": {
        "@id": "node/12453654372",
        "name": "Thamua",
        "name:en": "Thamua",
        "place": "hamlet",
        "source:name": "est. from MDR road route (PWRD road list (Karimganj) https://www.apwd.in/CITIZEN/ARAMS.jsp generated 2024-10-24)"
      },
      "geometry": {
        "type": "Point",
        "coordinates": [
          92.3907173,
          24.7428851
        ]
      },
      "id": "node/12453654372"
    },
    {
      "type": "Feature",
      "properties": {
        "@id": "node/12498305920",
        "name": "Namsa",
        "place": "town"
      },
      "geometry": {
        "type": "Point",
        "coordinates": [
          95.0567472,
          26.9443184
        ]
      },
      "id": "node/12498305920"
    },
    {
      "type": "Feature",
      "properties": {
        "@id": "node/12508542092",
        "name": "Amguri Bali",
        "place": "village"
      },
      "geometry": {
        "type": "Point",
        "coordinates": [
          94.7329012,
          27.4549471
        ]
      },
      "id": "node/12508542092"
    },
    {
      "type": "Feature",
      "properties": {
        "@id": "node/12513977050",
        "name": "Old Khubing",
        "name:en": "Old Khubing",
        "place": "hamlet",
        "population:tribe": "NĀGA",
        "source:name": "SOI",
        "source:population:tribe": "SOI"
      },
      "geometry": {
        "type": "Point",
        "coordinates": [
          92.9628003,
          25.174233
        ]
      },
      "id": "node/12513977050"
    },
    {
      "type": "Feature",
      "properties": {
        "@id": "node/12513977201",
        "name": "Khubing",
        "name:en": "Khubing",
        "place": "hamlet",
        "population:tribe": "NĀGA",
        "source:name": "SOI",
        "source:population:tribe": "SOI"
      },
      "geometry": {
        "type": "Point",
        "coordinates": [
          92.9628968,
          25.1866512
        ]
      },
      "id": "node/12513977201"
    },
    {
      "type": "Feature",
      "properties": {
        "@id": "node/12513977203",
        "name": "Michidui",
        "name:en": "Michidui",
        "place": "hamlet",
        "population:tribe": "NĀGA",
        "source:name": "SOI",
        "source:population:tribe": "SOI"
      },
      "geometry": {
        "type": "Point",
        "coordinates": [
          92.9576397,
          25.2181133
        ]
      },
      "id": "node/12513977203"
    },
    {
      "type": "Feature",
      "properties": {
        "@id": "node/12513977730",
        "name": "Christian Kampāi",
        "name:en": "Christian Kampai",
        "place": "hamlet",
        "population:tribe": "NĀGA",
        "source": "Esri world imagery (retreived 02/2025)",
        "source:name": "SOI",
        "source:population:tribe": "SOI"
      },
      "geometry": {
        "type": "Point",
        "coordinates": [
          92.9319334,
          25.2428619
        ]
      },
      "id": "node/12513977730"
    },
    {
      "type": "Feature",
      "properties": {
        "@id": "node/12513977731",
        "name": "Nchubung",
        "name:en": "Nchubung",
        "place": "hamlet",
        "source": "Esri world imagery (retreived 02/2025)",
        "source:name": "SOI",
        "source:population:tribe": "SOI",
        "tribe": "NĀGA"
      },
      "geometry": {
        "type": "Point",
        "coordinates": [
          92.9215264,
          25.2344673
        ]
      },
      "id": "node/12513977731"
    },
    {
      "type": "Feature",
      "properties": {
        "@id": "node/12516605363",
        "name": "Gurbāri",
        "name:en": "Gurbari",
        "place": "hamlet",
        "source:name": "SOI"
      },
      "geometry": {
        "type": "Point",
        "coordinates": [
          93.0210256,
          25.2485776
        ]
      },
      "id": "node/12516605363"
    },
    {
      "type": "Feature",
      "properties": {
        "@id": "node/12516605365",
        "name": "Borodisa",
        "name:en": "Borodisa",
        "place": "hamlet",
        "population:tribe": "KACHĀRI",
        "source:name": "SOI",
        "source:population:tribe": "SOI"
      },
      "geometry": {
        "type": "Point",
        "coordinates": [
          92.9651928,
          25.3096189
        ]
      },
      "id": "node/12516605365"
    },
    {
      "type": "Feature",
      "properties": {
        "@id": "node/12516605367",
        "alt_name": "KACHĀRI",
        "name": "Longren",
        "name:en": "Longren",
        "place": "hamlet",
        "source:name": "SOI"
      },
      "geometry": {
        "type": "Point",
        "coordinates": [
          92.9631543,
          25.293246
        ]
      },
      "id": "node/12516605367"
    },
    {
      "type": "Feature",
      "properties": {
        "@id": "node/12516605368",
        "name": "Thangpui",
        "name:en": "Thangpui",
        "place": "hamlet",
        "source:name": "SOI",
        "source:population:tribe": "SOI",
        "tribe": "KACHĀRI"
      },
      "geometry": {
        "type": "Point",
        "coordinates": [
          92.8921281,
          25.2967453
        ]
      },
      "id": "node/12516605368"
    },
    {
      "type": "Feature",
      "properties": {
        "@id": "node/12516605370",
        "name": "Laskar",
        "name:en": "Laskar",
        "place": "hamlet",
        "population:tribe": "KACHĀRI",
        "source": "Esri world imagery (retreived 02/2025)",
        "source:name": "SOI",
        "source:population:tribe": "SOI"
      },
      "geometry": {
        "type": "Point",
        "coordinates": [
          92.9439067,
          25.2563404
        ]
      },
      "id": "node/12516605370"
    },
    {
      "type": "Feature",
      "properties": {
        "@id": "node/12516605371",
        "name": "Nimkai",
        "name:en": "Nimkai",
        "place": "hamlet",
        "source:name": "SOI"
      },
      "geometry": {
        "type": "Point",
        "coordinates": [
          92.9658365,
          25.2477236
        ]
      },
      "id": "node/12516605371"
    },
    {
      "type": "Feature",
      "properties": {
        "@id": "node/12516605372",
        "name": "Ningal",
        "name:en": "Ningal",
        "place": "hamlet",
        "population:tribe": "KACHĀRI",
        "source:name": "SOI",
        "source:population:tribe": "SOI"
      },
      "geometry": {
        "type": "Point",
        "coordinates": [
          92.971672,
          25.247779
        ]
      },
      "id": "node/12516605372"
    },
    {
      "type": "Feature",
      "properties": {
        "@id": "node/12516605373",
        "name": "Jiri",
        "name:en": "Jiri",
        "place": "hamlet",
        "population:tribe": "KACHĀRI",
        "source:name": "SOI",
        "source:population:tribe": "SOI"
      },
      "geometry": {
        "type": "Point",
        "coordinates": [
          92.9706323,
          25.2668874
        ]
      },
      "id": "node/12516605373"
    },
    {
      "type": "Feature",
      "properties": {
        "@id": "node/12516605374",
        "name": "Pāija",
        "name:en": "Paija",
        "place": "hamlet",
        "population:tribe": "KACHĀRI",
        "source:name": "SOI",
        "source:population:tribe": "SOI"
      },
      "geometry": {
        "type": "Point",
        "coordinates": [
          92.9540884,
          25.2753767
        ]
      },
      "id": "node/12516605374"
    },
    {
      "type": "Feature",
      "properties": {
        "@id": "node/12516605375",
        "name": "Chaptuk",
        "name:en": "Chaptuk",
        "place": "hamlet",
        "population:tribe": "KACHĀRI",
        "source:name": "SOI",
        "source:population:tribe": "SOI"
      },
      "geometry": {
        "type": "Point",
        "coordinates": [
          92.9354632,
          25.3117624
        ]
      },
      "id": "node/12516605375"
    },
    {
      "type": "Feature",
      "properties": {
        "@id": "node/12516661901",
        "name": "Bongong",
        "name:en": "Bongong",
        "place": "hamlet",
        "population:tribe": "KACHĀRI",
        "source:name": "SOI",
        "source:population:tribe": "SOI"
      },
      "geometry": {
        "type": "Point",
        "coordinates": [
          92.9306245,
          25.2948174
        ]
      },
      "id": "node/12516661901"
    },
    {
      "type": "Feature",
      "properties": {
        "@id": "node/12516662203",
        "name": "Kajion",
        "name:en": "Kajion",
        "place": "hamlet",
        "population:tribe": "KACHĀRI",
        "source": "Esri world imagery (retreived 02/2025)",
        "source:name": "SOI",
        "source:population:tribe": "SOI"
      },
      "geometry": {
        "type": "Point",
        "coordinates": [
          92.9986238,
          25.2672076
        ]
      },
      "id": "node/12516662203"
    },
    {
      "type": "Feature",
      "properties": {
        "@id": "node/12516736178",
        "name": "Hokāi",
        "name:en": "Hokai",
        "place": "hamlet",
        "source:name": "SOI"
      },
      "geometry": {
        "type": "Point",
        "coordinates": [
          92.9854488,
          25.1641829
        ]
      },
      "id": "node/12516736178"
    },
    {
      "type": "Feature",
      "properties": {
        "@id": "node/12516771087",
        "name": "Bora Robi",
        "name:en": "Bora Robi",
        "place": "hamlet",
        "population:tribe": "NĀGA",
        "source:name": "SOI",
        "source:population:tribe": "SOI"
      },
      "geometry": {
        "type": "Point",
        "coordinates": [
          93.0055547,
          25.1488781
        ]
      },
      "id": "node/12516771087"
    },
    {
      "type": "Feature",
      "properties": {
        "@id": "node/12516771088",
        "name": "Rāwtilla",
        "name:en": "Rawtilla",
        "place": "hamlet",
        "population:tribe": "HRĀNGKHWAL",
        "source:name": "SOI",
        "source:population:tribe": "SOI"
      },
      "geometry": {
        "type": "Point",
        "coordinates": [
          92.9946327,
          25.1483148
        ]
      },
      "id": "node/12516771088"
    },
    {
      "type": "Feature",
      "properties": {
        "@id": "node/12516771090",
        "name": "Christian Hokāi",
        "name:en": "Christian Hokai",
        "place": "hamlet",
        "source:name": "SOI"
      },
      "geometry": {
        "type": "Point",
        "coordinates": [
          92.9908132,
          25.1535591
        ]
      },
      "id": "node/12516771090"
    },
    {
      "type": "Feature",
      "properties": {
        "@id": "node/12516786918",
        "name": "Dayuring",
        "name:en": "Dayuring",
        "place": "hamlet",
        "population:tribe": "NĀGA",
        "source:name": "SOI",
        "source:population:tribe": "SOI"
      },
      "geometry": {
        "type": "Point",
        "coordinates": [
          92.9704928,
          25.1541029
        ]
      },
      "id": "node/12516786918"
    },
    {
      "type": "Feature",
      "properties": {
        "@id": "node/12516786919",
        "name": "Old Dayuring",
        "name:en": "Old Dayuring",
        "place": "hamlet",
        "population:tribe": "NĀGA",
        "source:name": "SOI",
        "source:population:tribe": "SOI"
      },
      "geometry": {
        "type": "Point",
        "coordinates": [
          92.9607725,
          25.1461976
        ]
      },
      "id": "node/12516786919"
    },
    {
      "type": "Feature",
      "properties": {
        "@id": "node/12516786939",
        "alt_name:en": "Zaikangram",
        "name": "No. 5 village",
        "name:en": "No. 5 village",
        "place": "hamlet",
        "population:tribe": "NĀGA",
        "source:name": "SOI",
        "source:population:tribe": "SOI"
      },
      "geometry": {
        "type": "Point",
        "coordinates": [
          92.978239,
          25.1328137
        ]
      },
      "id": "node/12516786939"
    },
    {
      "type": "Feature",
      "properties": {
        "@id": "node/12516786954",
        "alt_name": "Jatinga Gurkhali Basti",
        "name": "Jātinga",
        "name:as": "জাতিঙ্গা",
        "name:en": "Jatinga",
        "name:hi": "जातिंगा",
        "place": "hamlet",
        "source:name": "SOI"
      },
      "geometry": {
        "type": "Point",
        "coordinates": [
          93.005619,
          25.1315121
        ]
      },
      "id": "node/12516786954"
    },
    {
      "type": "Feature",
      "properties": {
        "@id": "node/12516787722",
        "name": "Sampāridisa",
        "name:en": "Samparidisa",
        "place": "hamlet",
        "source:name": "SOI"
      },
      "geometry": {
        "type": "Point",
        "coordinates": [
          93.0060267,
          25.239805
        ]
      },
      "id": "node/12516787722"
    },
    {
      "type": "Feature",
      "properties": {
        "@id": "node/12517047788",
        "name": "Lower Hirāklio",
        "name:en": "Lower Hiraklio",
        "place": "hamlet",
        "source:name": "SOI"
      },
      "geometry": {
        "type": "Point",
        "coordinates": [
          92.9306888,
          25.198573
        ]
      },
      "id": "node/12517047788"
    },
    {
      "type": "Feature",
      "properties": {
        "@id": "node/12517047789",
        "name": "Hirāklio",
        "name:en": "Hiraklio",
        "place": "hamlet",
        "source:name": "SOI"
      },
      "geometry": {
        "type": "Point",
        "coordinates": [
          92.9244017,
          25.2034851
        ]
      },
      "id": "node/12517047789"
    },
    {
      "type": "Feature",
      "properties": {
        "@id": "node/12527575495",
        "name": "Jorāi",
        "name:en": "Jorai",
        "place": "hamlet",
        "source:name": "SOI"
      },
      "geometry": {
        "type": "Point",
        "coordinates": [
          93.002572,
          25.215017
        ]
      },
      "id": "node/12527575495"
    },
    {
      "type": "Feature",
      "properties": {
        "@id": "node/12527884851",
        "name": "Bongledīsa",
        "name:en": "Bongledisa",
        "place": "hamlet",
        "source:name": "SOI"
      },
      "geometry": {
        "type": "Point",
        "coordinates": [
          93.1773997,
          25.381899
        ]
      },
      "id": "node/12527884851"
    },
    {
      "type": "Feature",
      "properties": {
        "@id": "node/12527884852",
        "name": "Nūtan Hājong",
        "name:en": "Nutan Hajong",
        "place": "hamlet",
        "source:name": "SOI"
      },
      "geometry": {
        "type": "Point",
        "coordinates": [
          93.1973435,
          25.3828884
        ]
      },
      "id": "node/12527884852"
    },
    {
      "type": "Feature",
      "properties": {
        "@id": "node/12527884853",
        "name": "Nūtan Bātāri",
        "name:en": "Nutan Batari",
        "place": "hamlet",
        "source:name": "SOI"
      },
      "geometry": {
        "type": "Point",
        "coordinates": [
          93.1793372,
          25.366429
        ]
      },
      "id": "node/12527884853"
    },
    {
      "type": "Feature",
      "properties": {
        "@id": "node/12527884854",
        "name": "Mupa Nāiding",
        "name:en": "Mupa Naiding",
        "place": "hamlet",
        "source:name": "SOI"
      },
      "geometry": {
        "type": "Point",
        "coordinates": [
          93.1535598,
          25.3448857
        ]
      },
      "id": "node/12527884854"
    },
    {
      "type": "Feature",
      "properties": {
        "@id": "node/12527884855",
        "name": "Mupa Hojāi",
        "name:en": "Mupa Hojai",
        "place": "hamlet",
        "source:name": "SOI"
      },
      "geometry": {
        "type": "Point",
        "coordinates": [
          93.1378701,
          25.3589501
        ]
      },
      "id": "node/12527884855"
    },
    {
      "type": "Feature",
      "properties": {
        "@id": "node/12527884857",
        "name": "Didāokha",
        "name:en": "Didaokha",
        "place": "hamlet",
        "source:name": "SOI"
      },
      "geometry": {
        "type": "Point",
        "coordinates": [
          93.1302043,
          25.3752203
        ]
      },
      "id": "node/12527884857"
    },
    {
      "type": "Feature",
      "properties": {
        "@id": "node/12527885695",
        "name": "Wādrengdīsa",
        "name:en": "Wadrengdisa",
        "place": "hamlet",
        "source:name": "SOI"
      },
      "geometry": {
        "type": "Point",
        "coordinates": [
          93.1857815,
          25.3430775
        ]
      },
      "id": "node/12527885695"
    },
    {
      "type": "Feature",
      "properties": {
        "@id": "node/12527887447",
        "name": "Nūtan Dukhāling",
        "name:en": "Nutan Dukhaling",
        "place": "hamlet",
        "source:name": "SOI"
      },
      "geometry": {
        "type": "Point",
        "coordinates": [
          93.1796531,
          25.2928385
        ]
      },
      "id": "node/12527887447"
    },
    {
      "type": "Feature",
      "properties": {
        "@id": "node/12527887448",
        "name": "Singphalangdīsa",
        "name:en": "Singphalangdisa",
        "place": "hamlet",
        "source:name": "SOI"
      },
      "geometry": {
        "type": "Point",
        "coordinates": [
          93.1482316,
          25.314334
        ]
      },
      "id": "node/12527887448"
    },
    {
      "type": "Feature",
      "properties": {
        "@id": "node/12527887449",
        "name": "Nūtan Gālāphang",
        "name:en": "Nutan Galaphang",
        "place": "hamlet",
        "source:name": "SOI"
      },
      "geometry": {
        "type": "Point",
        "coordinates": [
          93.1767889,
          25.3027966
        ]
      },
      "id": "node/12527887449"
    },
    {
      "type": "Feature",
      "properties": {
        "@id": "node/12527887450",
        "name": "Jāgdi",
        "name:en": "Jagdi",
        "place": "hamlet",
        "source:name": "SOI"
      },
      "geometry": {
        "type": "Point",
        "coordinates": [
          93.2084631,
          25.3084703
        ]
      },
      "id": "node/12527887450"
    },
    {
      "type": "Feature",
      "properties": {
        "@id": "node/12527887451",
        "name": "Mupānābdi",
        "name:en": "Mupanabdi",
        "place": "hamlet",
        "source:name": "SOI"
      },
      "geometry": {
        "type": "Point",
        "coordinates": [
          93.1947531,
          25.3264795
        ]
      },
      "id": "node/12527887451"
    },
    {
      "type": "Feature",
      "properties": {
        "@id": "node/12527887452",
        "name": "Purāna Gālāphang",
        "name:en": "Purana Galaphang",
        "place": "hamlet",
        "source:name": "SOI"
      },
      "geometry": {
        "type": "Point",
        "coordinates": [
          93.1736299,
          25.3262701
        ]
      },
      "id": "node/12527887452"
    },
    {
      "type": "Feature",
      "properties": {
        "@id": "node/12541240028",
        "name": "Saringyim",
        "place": "village"
      },
      "geometry": {
        "type": "Point",
        "coordinates": [
          94.4568092,
          26.6468893
        ]
      },
      "id": "node/12541240028"
    },
    {
      "type": "Feature",
      "properties": {
        "@id": "node/12580150772",
        "alt_name": "KŪKI",
        "name": "Old Kalimābung",
        "name:en": "Old Kalimabung",
        "place": "hamlet",
        "source:name": "SOI"
      },
      "geometry": {
        "type": "Point",
        "coordinates": [
          92.9273629,
          25.1727279
        ]
      },
      "id": "node/12580150772"
    },
    {
      "type": "Feature",
      "properties": {
        "@id": "node/12612911550",
        "name": "Lānglāi",
        "name:en": "Langlai",
        "place": "hamlet",
        "population:tribe": "Kachāri",
        "source:name": "estd. from SOI",
        "source:population:tribe": "SOI"
      },
      "geometry": {
        "type": "Point",
        "coordinates": [
          92.9635834,
          25.4442628
        ]
      },
      "id": "node/12612911550"
    },
    {
      "type": "Feature",
      "properties": {
        "@id": "node/12616073555",
        "name": "Chanam",
        "name:en": "Chanam",
        "place": "hamlet",
        "population:tribe": "NĀGA",
        "source": "Esri world imagery (retreived 02/2025)",
        "source:name": "SOI",
        "source:population:tribe": "SOI"
      },
      "geometry": {
        "type": "Point",
        "coordinates": [
          92.8926551,
          25.280373
        ]
      },
      "id": "node/12616073555"
    },
    {
      "type": "Feature",
      "properties": {
        "@id": "node/12616088536",
        "name": "Purāna Kampāi",
        "name:en": "Purana Kampai",
        "place": "hamlet",
        "source": "Esri world imagery (retreived 02/2025)",
        "source:name": "estd. from SOI",
        "tribe": "NĀGA"
      },
      "geometry": {
        "type": "Point",
        "coordinates": [
          92.9233396,
          25.260503
        ]
      },
      "id": "node/12616088536"
    },
    {
      "type": "Feature",
      "properties": {
        "@id": "node/12626084545",
        "name": "Motibra",
        "name:en": "Motibra",
        "place": "hamlet",
        "source:name": "SOI"
      },
      "geometry": {
        "type": "Point",
        "coordinates": [
          93.0719232,
          25.3583368
        ]
      },
      "id": "node/12626084545"
    },
    {
      "type": "Feature",
      "properties": {
        "@id": "node/12626084558",
        "name": "Themdoling",
        "name:en": "Themdoling",
        "place": "hamlet",
        "source:name": "SOI"
      },
      "geometry": {
        "type": "Point",
        "coordinates": [
          93.0110853,
          25.3619918
        ]
      },
      "id": "node/12626084558"
    },
    {
      "type": "Feature",
      "properties": {
        "@id": "node/12626093175",
        "name": "Āmlangbra",
        "name:en": "Amlangbra",
        "place": "hamlet",
        "source:name": "SOI"
      },
      "geometry": {
        "type": "Point",
        "coordinates": [
          93.0097818,
          25.3826109
        ]
      },
      "id": "node/12626093175"
    },
    {
      "type": "Feature",
      "properties": {
        "@id": "node/12626094059",
        "name": "Dimrābasti",
        "name:en": "Dimrabasti",
        "place": "hamlet",
        "source:name": "SOI"
      },
      "geometry": {
        "type": "Point",
        "coordinates": [
          93.0504226,
          25.4070739
        ]
      },
      "id": "node/12626094059"
    },
    {
      "type": "Feature",
      "properties": {
        "@id": "node/12626231496",
        "name": "Natunwāri",
        "name:en": "Natunwari",
        "place": "hamlet",
        "population:tribe": "KACHĀRI",
        "source:name": "SOI",
        "source:population:tribe": "SOI"
      },
      "geometry": {
        "type": "Point",
        "coordinates": [
          93.0479658,
          25.2142502
        ]
      },
      "id": "node/12626231496"
    },
    {
      "type": "Feature",
      "properties": {
        "@id": "node/12626231498",
        "name": "Jorāi Bātāri",
        "name:en": "Jorai Batari",
        "place": "hamlet",
        "population:tribe": "KACHĀRI",
        "source:name": "SOI",
        "source:population:tribe": "SOI",
        "survey:date": "2023-07-31"
      },
      "geometry": {
        "type": "Point",
        "coordinates": [
          93.0803239,
          25.1896997
        ]
      },
      "id": "node/12626231498"
    },
    {
      "type": "Feature",
      "properties": {
        "@id": "node/12626231500",
        "name": "Lailong",
        "name:en": "Lailong",
        "place": "hamlet",
        "population:tribe": "KACHĀRI",
        "source:name": "SOI",
        "source:population:tribe": "SOI"
      },
      "geometry": {
        "type": "Point",
        "coordinates": [
          93.1117487,
          25.2233643
        ]
      },
      "id": "node/12626231500"
    },
    {
      "type": "Feature",
      "properties": {
        "@id": "node/12626237101",
        "name": "Hāgjer",
        "name:en": "Hagjer",
        "place": "hamlet",
        "source:name": "estd. from SOI"
      },
      "geometry": {
        "type": "Point",
        "coordinates": [
          93.0481052,
          25.2593096
        ]
      },
      "id": "node/12626237101"
    },
    {
      "type": "Feature",
      "properties": {
        "@id": "node/12626237104",
        "name": "Riāb",
        "name:en": "Riab",
        "place": "hamlet",
        "source:name": "SOI"
      },
      "geometry": {
        "type": "Point",
        "coordinates": [
          93.0397689,
          25.2319246
        ]
      },
      "id": "node/12626237104"
    },
    {
      "type": "Feature",
      "properties": {
        "@id": "node/12626237123",
        "name": "Riām Bātāri",
        "name:en": "Riam Batari",
        "place": "hamlet",
        "population:tribe": "KACHĀRI",
        "source:name": "SOI",
        "source:population:tribe": "SOI"
      },
      "geometry": {
        "type": "Point",
        "coordinates": [
          93.0616343,
          25.2275475
        ]
      },
      "id": "node/12626237123"
    },
    {
      "type": "Feature",
      "properties": {
        "@id": "node/12626237124",
        "name": "Motihojāi",
        "name:en": "Motihojai",
        "place": "hamlet",
        "population:tribe": "KACHĀRI",
        "source:name": "SOI",
        "source:population:tribe": "SOI"
      },
      "geometry": {
        "type": "Point",
        "coordinates": [
          93.0704212,
          25.2338753
        ]
      },
      "id": "node/12626237124"
    },
    {
      "type": "Feature",
      "properties": {
        "@id": "node/12626237125",
        "name": "Lāmphu",
        "name:en": "Lamphu",
        "place": "hamlet",
        "population:tribe": "KACHĀRI",
        "source:name": "SOI",
        "source:population:tribe": "SOI"
      },
      "geometry": {
        "type": "Point",
        "coordinates": [
          93.0711078,
          25.2498003
        ]
      },
      "id": "node/12626237125"
    },
    {
      "type": "Feature",
      "properties": {
        "@id": "node/12626237126",
        "alt_name": "Relāi",
        "alt_name:en": "Relai",
        "name": "Rilai",
        "name:en": "Rilai",
        "place": "hamlet",
        "population:tribe": "KACHĀRI",
        "source:name": "SOI",
        "source:population:tribe": "SOI"
      },
      "geometry": {
        "type": "Point",
        "coordinates": [
          93.0963206,
          25.2503049
        ]
      },
      "id": "node/12626237126"
    },
    {
      "type": "Feature",
      "properties": {
        "@id": "node/12626237127",
        "name": "Dījāmdolia",
        "name:en": "Dijamdolia",
        "place": "hamlet",
        "source:name": "estd. from SOI"
      },
      "geometry": {
        "type": "Point",
        "coordinates": [
          93.1160188,
          25.2565539
        ]
      },
      "id": "node/12626237127"
    },
    {
      "type": "Feature",
      "properties": {
        "@id": "node/12626237128",
        "name": "Dījāmbra",
        "name:en": "Dijambra",
        "place": "hamlet",
        "source:name": "estd. from SOI"
      },
      "geometry": {
        "type": "Point",
        "coordinates": [
          93.1030369,
          25.2753379
        ]
      },
      "id": "node/12626237128"
    },
    {
      "type": "Feature",
      "properties": {
        "@id": "node/12626237129",
        "name": "Nūtan Disāo",
        "name:en": "Nutan Disao",
        "place": "hamlet",
        "source:name": "estd. from SOI"
      },
      "geometry": {
        "type": "Point",
        "coordinates": [
          93.078146,
          25.2961754
        ]
      },
      "id": "node/12626237129"
    },
    {
      "type": "Feature",
      "properties": {
        "@id": "node/12626237130",
        "name": "Chhota Bātāri",
        "name:en": "Chhota Batari",
        "place": "hamlet",
        "source:name": "estd. from SOI"
      },
      "geometry": {
        "type": "Point",
        "coordinates": [
          93.0747985,
          25.2838945
        ]
      },
      "id": "node/12626237130"
    },
    {
      "type": "Feature",
      "properties": {
        "@id": "node/12626237131",
        "name": "Phonglo",
        "name:en": "Phonglo",
        "place": "hamlet",
        "source:name": "estd. from SOI"
      },
      "geometry": {
        "type": "Point",
        "coordinates": [
          93.0482769,
          25.28696
        ]
      },
      "id": "node/12626237131"
    },
    {
      "type": "Feature",
      "properties": {
        "@id": "node/12626237132",
        "name": "Waiongdīsa",
        "name:en": "Waiongdisa",
        "place": "hamlet",
        "source:name": "estd. from SOI"
      },
      "geometry": {
        "type": "Point",
        "coordinates": [
          93.0254245,
          25.2874644
        ]
      },
      "id": "node/12626237132"
    },
    {
      "type": "Feature",
      "properties": {
        "@id": "node/12626237134",
        "name": "Disāgutu",
        "name:en": "Disagutu",
        "place": "hamlet",
        "source:name": "estd. from SOI"
      },
      "geometry": {
        "type": "Point",
        "coordinates": [
          93.0139875,
          25.2751827
        ]
      },
      "id": "node/12626237134"
    },
    {
      "type": "Feature",
      "properties": {
        "@id": "node/12626237136",
        "name": "Chhota Wāpu",
        "name:en": "Chhota Wapu",
        "place": "hamlet",
        "source:name": "SOI"
      },
      "geometry": {
        "type": "Point",
        "coordinates": [
          93.0301881,
          25.2666448
        ]
      },
      "id": "node/12626237136"
    },
    {
      "type": "Feature",
      "properties": {
        "@id": "node/12626237141",
        "name": "Thāīzupang",
        "name:en": "Thaizupang",
        "place": "hamlet",
        "population:tribe": "KACHĀRI",
        "source:name": "estd. from SOI",
        "source:population:tribe": "SOI"
      },
      "geometry": {
        "type": "Point",
        "coordinates": [
          92.9884046,
          25.3979977
        ]
      },
      "id": "node/12626237141"
    },
    {
      "type": "Feature",
      "properties": {
        "@id": "node/12626237144",
        "name": "Bigaon",
        "name:en": "Bigaon",
        "place": "hamlet",
        "population:tribe": "Khelma",
        "source:name": "estd. from SOI",
        "source:population:tribe": "SOI"
      },
      "geometry": {
        "type": "Point",
        "coordinates": [
          92.877506,
          25.4174236
        ]
      },
      "id": "node/12626237144"
    },
    {
      "type": "Feature",
      "properties": {
        "@id": "node/12626237146",
        "name": "Goīdisa",
        "name:en": "Goidisa",
        "place": "hamlet",
        "population:tribe": "KACHĀRI",
        "source:name": "SOI",
        "source:population:tribe": "SOI"
      },
      "geometry": {
        "type": "Point",
        "coordinates": [
          92.9572535,
          25.3720061
        ]
      },
      "id": "node/12626237146"
    },
    {
      "type": "Feature",
      "properties": {
        "@id": "node/12626237147",
        "name": "Dimāino",
        "name:en": "Dimaino",
        "place": "hamlet",
        "population:tribe": "KACHĀRI",
        "source:name": "estd. from SOI",
        "source:population:tribe": "SOI"
      },
      "geometry": {
        "type": "Point",
        "coordinates": [
          92.9224705,
          25.3495528
        ]
      },
      "id": "node/12626237147"
    },
    {
      "type": "Feature",
      "properties": {
        "@id": "node/12626237151",
        "name": "Nāīdingpur",
        "name:en": "Naidingpur",
        "place": "hamlet",
        "population:tribe": "KACHĀRI",
        "source:name": "SOI",
        "source:population:tribe": "SOI"
      },
      "geometry": {
        "type": "Point",
        "coordinates": [
          92.9536853,
          25.3456114
        ]
      },
      "id": "node/12626237151"
    },
    {
      "type": "Feature",
      "properties": {
        "@id": "node/12626237152",
        "name": "Hojaīdobolin",
        "name:en": "Hojaidobolin",
        "place": "hamlet",
        "source:name": "SOI"
      },
      "geometry": {
        "type": "Point",
        "coordinates": [
          92.9490995,
          25.358046
        ]
      },
      "id": "node/12626237152"
    },
    {
      "type": "Feature",
      "properties": {
        "@id": "node/12626237153",
        "name": "Thānālambra",
        "name:en": "Thanalambra",
        "place": "hamlet",
        "population:tribe": "KACHĀRI",
        "source:name": "SOI",
        "source:population:tribe": "SOI"
      },
      "geometry": {
        "type": "Point",
        "coordinates": [
          92.9812217,
          25.3590446
        ]
      },
      "id": "node/12626237153"
    },
    {
      "type": "Feature",
      "properties": {
        "@id": "node/12626237154",
        "name": "Lāmādisa",
        "name:en": "Lamadisa",
        "place": "hamlet",
        "population:tribe": "KACHĀRI",
        "source:name": "SOI",
        "source:population:tribe": "SOI"
      },
      "geometry": {
        "type": "Point",
        "coordinates": [
          92.9836035,
          25.3465373
        ]
      },
      "id": "node/12626237154"
    },
    {
      "type": "Feature",
      "properties": {
        "@id": "node/12626237155",
        "name": "Laiya",
        "name:en": "Laiya",
        "place": "hamlet",
        "population:tribe": "KACHĀRI",
        "source:name": "SOI",
        "source:population:tribe": "SOI"
      },
      "geometry": {
        "type": "Point",
        "coordinates": [
          92.9877877,
          25.3320118
        ]
      },
      "id": "node/12626237155"
    },
    {
      "type": "Feature",
      "properties": {
        "@id": "node/12626329430",
        "name": "Goliābra",
        "name:en": "Goliabra",
        "place": "hamlet",
        "source": "Esri world imagery (retreived 02/2025)",
        "source:name": "SOI"
      },
      "geometry": {
        "type": "Point",
        "coordinates": [
          93.0168199,
          25.2993958
        ]
      },
      "id": "node/12626329430"
    },
    {
      "type": "Feature",
      "properties": {
        "@id": "node/12626600248",
        "name": "Thaishalinghawer",
        "name:en": "Thaishalinghawer",
        "place": "hamlet",
        "source:abandoned:place": "Esri world imagery (retreived 02/2025)",
        "source:name": "estd. from SOI"
      },
      "geometry": {
        "type": "Point",
        "coordinates": [
          93.0104327,
          25.4275149
        ]
      },
      "id": "node/12626600248"
    },
    {
      "type": "Feature",
      "properties": {
        "@id": "node/12646600801",
        "name": "Chhota Lāngklam",
        "name:en": "Chhota Langklam",
        "place": "hamlet",
        "source:name": "est. from SOI"
      },
      "geometry": {
        "type": "Point",
        "coordinates": [
          92.8923225,
          25.595047
        ]
      },
      "id": "node/12646600801"
    },
    {
      "type": "Feature",
      "properties": {
        "@id": "node/12646601777",
        "name": "Trilāngso",
        "name:en": "Trilangso",
        "place": "hamlet",
        "source:name": "SOI"
      },
      "geometry": {
        "type": "Point",
        "coordinates": [
          92.9515886,
          25.6886886
        ]
      },
      "id": "node/12646601777"
    },
    {
      "type": "Feature",
      "properties": {
        "@id": "node/12646601778",
        "name": "Hāzāwāri",
        "name:en": "Hazawari",
        "place": "hamlet",
        "source:name": "SOI"
      },
      "geometry": {
        "type": "Point",
        "coordinates": [
          92.9337037,
          25.7163468
        ]
      },
      "id": "node/12646601778"
    },
    {
      "type": "Feature",
      "properties": {
        "@id": "node/12646601779",
        "name": "Phonglodisa",
        "name:en": "Phonglodisa",
        "place": "hamlet",
        "source:name": "SOI"
      },
      "geometry": {
        "type": "Point",
        "coordinates": [
          92.9230016,
          25.7232386
        ]
      },
      "id": "node/12646601779"
    },
    {
      "type": "Feature",
      "properties": {
        "@id": "node/12646601780",
        "name": "Bara Lāngphār",
        "name:en": "Bara Langphar",
        "place": "hamlet",
        "source:name": "SOI"
      },
      "geometry": {
        "type": "Point",
        "coordinates": [
          92.9032016,
          25.7578461
        ]
      },
      "id": "node/12646601780"
    },
    {
      "type": "Feature",
      "properties": {
        "@id": "node/12646601781",
        "name": "Lāngphār",
        "name:en": "Langphar",
        "place": "hamlet",
        "source:name": "SOI"
      },
      "geometry": {
        "type": "Point",
        "coordinates": [
          92.8920436,
          25.7528987
        ]
      },
      "id": "node/12646601781"
    },
    {
      "type": "Feature",
      "properties": {
        "@id": "node/12646603118",
        "name": "Phānglāngsu",
        "name:en": "Phanglangsu",
        "place": "hamlet",
        "source:name": "SOI"
      },
      "geometry": {
        "type": "Point",
        "coordinates": [
          92.9362249,
          25.7599139
        ]
      },
      "id": "node/12646603118"
    },
    {
      "type": "Feature",
      "properties": {
        "@id": "node/12646603119",
        "name": "Chhota Wāshling No. 1",
        "name:en": "Chhota Washling No. 1",
        "place": "hamlet",
        "source:name": "SOI"
      },
      "geometry": {
        "type": "Point",
        "coordinates": [
          92.933135,
          25.7535364
        ]
      },
      "id": "node/12646603119"
    },
    {
      "type": "Feature",
      "properties": {
        "@id": "node/12646603120",
        "name": "Chhota Wāshling No. 2",
        "name:en": "Chhota Washling No. 2",
        "place": "hamlet",
        "source:name": "SOI"
      },
      "geometry": {
        "type": "Point",
        "coordinates": [
          92.9273844,
          25.7524928
        ]
      },
      "id": "node/12646603120"
    },
    {
      "type": "Feature",
      "properties": {
        "@id": "node/12646603121",
        "name": "Chhota Wāshling",
        "name:en": "Chhota Washling",
        "place": "hamlet",
        "source:name": "SOI"
      },
      "geometry": {
        "type": "Point",
        "coordinates": [
          92.9273307,
          25.7629576
        ]
      },
      "id": "node/12646603121"
    },
    {
      "type": "Feature",
      "properties": {
        "@id": "node/12677024698",
        "name": "Dismai Basti",
        "name:en": "Dismai Basti",
        "place": "hamlet",
        "source:name": "SOI"
      },
      "geometry": {
        "type": "Point",
        "coordinates": [
          92.8422189,
          25.5667462
        ]
      },
      "id": "node/12677024698"
    },
    {
      "type": "Feature",
      "properties": {
        "@id": "node/12677041735",
        "name": "Dikārbi",
        "name:en": "Dikarbi",
        "place": "hamlet",
        "source:name": "SOI"
      },
      "geometry": {
        "type": "Point",
        "coordinates": [
          92.8764224,
          25.5487529
        ]
      },
      "id": "node/12677041735"
    },
    {
      "type": "Feature",
      "properties": {
        "@id": "node/12677770178",
        "fixme": "check name",
        "name": "Gāngdāngkro",
        "name:en": "Gangdangkro",
        "place": "hamlet",
        "source:name": "est. from SOI"
      },
      "geometry": {
        "type": "Point",
        "coordinates": [
          93.1540042,
          25.5037287
        ]
      },
      "id": "node/12677770178"
    },
    {
      "type": "Feature",
      "properties": {
        "@id": "node/12677770179",
        "fixme": "check name",
        "name": "Dijāo",
        "name:en": "Dijao",
        "place": "hamlet",
        "source:name": "est. from SOI"
      },
      "geometry": {
        "type": "Point",
        "coordinates": [
          93.1391823,
          25.5343775
        ]
      },
      "id": "node/12677770179"
    },
    {
      "type": "Feature",
      "properties": {
        "@id": "node/12677778177",
        "name": "Gireso",
        "name:en": "Gireso",
        "place": "hamlet",
        "source:name": "SOI"
      },
      "geometry": {
        "type": "Point",
        "coordinates": [
          93.0769443,
          25.5419091
        ]
      },
      "id": "node/12677778177"
    },
    {
      "type": "Feature",
      "properties": {
        "@id": "node/12677779563",
        "name": "Gāngdāngbra",
        "name:en": "Gangdangbra",
        "place": "hamlet",
        "source:abandoned": "Esri world imagery (retreived 03/2025)",
        "source:name": "SOI"
      },
      "geometry": {
        "type": "Point",
        "coordinates": [
          93.1173706,
          25.4987804
        ]
      },
      "id": "node/12677779563"
    },
    {
      "type": "Feature",
      "properties": {
        "@id": "node/12677779564",
        "name": "Jumkantol",
        "name:en": "Jumkantol",
        "place": "hamlet",
        "source:abandoned": "Esri world imagery (retreived 03/2025)",
        "source:name": "SOI"
      },
      "geometry": {
        "type": "Point",
        "coordinates": [
          93.1168127,
          25.5029201
        ]
      },
      "id": "node/12677779564"
    },
    {
      "type": "Feature",
      "properties": {
        "@id": "node/12677779565",
        "name": "Natun Dilokthai",
        "name:en": "Natun Dilokthai",
        "place": "hamlet",
        "source:abandoned": "Esri world imagery (retreived 03/2025)",
        "source:name": "SOI"
      },
      "geometry": {
        "type": "Point",
        "coordinates": [
          93.1034016,
          25.5024941
        ]
      },
      "id": "node/12677779565"
    },
    {
      "type": "Feature",
      "properties": {
        "@id": "node/12677779570",
        "name": "Purānā Thangew Leikai",
        "name:en": "Purana Thangew Leikai",
        "place": "hamlet",
        "source:name": "SOI"
      },
      "geometry": {
        "type": "Point",
        "coordinates": [
          93.0926943,
          25.5706658
        ]
      },
      "id": "node/12677779570"
    },
    {
      "type": "Feature",
      "properties": {
        "@id": "node/12677779571",
        "name": "Māngādi",
        "name:en": "Mangadi",
        "place": "hamlet",
        "source:name": "SOI"
      },
      "geometry": {
        "type": "Point",
        "coordinates": [
          92.9768872,
          25.5757563
        ]
      },
      "id": "node/12677779571"
    },
    {
      "type": "Feature",
      "properties": {
        "@id": "node/12677779572",
        "name": "Rangphangdīsa",
        "name:en": "Rangphangdisa",
        "place": "hamlet",
        "source:name": "SOI"
      },
      "geometry": {
        "type": "Point",
        "coordinates": [
          93.0464101,
          25.5859367
        ]
      },
      "id": "node/12677779572"
    },
    {
      "type": "Feature",
      "properties": {
        "@id": "node/12677779573",
        "name": "Daopher",
        "name:en": "Daopher",
        "place": "hamlet",
        "source:name": "SOI"
      },
      "geometry": {
        "type": "Point",
        "coordinates": [
          93.0418396,
          25.5872334
        ]
      },
      "id": "node/12677779573"
    },
    {
      "type": "Feature",
      "properties": {
        "@id": "node/12677783074",
        "name": "Thaidiphang",
        "name:en": "Thaidiphang",
        "place": "hamlet",
        "source:name": "est. from SOI"
      },
      "geometry": {
        "type": "Point",
        "coordinates": [
          93.0868578,
          25.532393
        ]
      },
      "id": "node/12677783074"
    },
    {
      "type": "Feature",
      "properties": {
        "@id": "node/12677783415",
        "name": "Thaopung Dīsa",
        "name:en": "Thaopung Disa",
        "place": "hamlet",
        "source:name": "SOI"
      },
      "geometry": {
        "type": "Point",
        "coordinates": [
          93.0823946,
          25.5055056
        ]
      },
      "id": "node/12677783415"
    },
    {
      "type": "Feature",
      "properties": {
        "@id": "node/12688661382",
        "name": "Dāodungkhor",
        "name:en": "Daodungkhor",
        "place": "hamlet",
        "source:name": "SOI"
      },
      "geometry": {
        "type": "Point",
        "coordinates": [
          93.0165146,
          25.5197181
        ]
      },
      "id": "node/12688661382"
    },
    {
      "type": "Feature",
      "properties": {
        "@id": "node/12762993670",
        "name": "Thumjāng",
        "name:en": "Thumjang",
        "place": "hamlet",
        "population:tribe": "KŪKI",
        "source:name": "SOI",
        "source:population:tribe": "SOI"
      },
      "geometry": {
        "type": "Point",
        "coordinates": [
          93.2218909,
          25.1794858
        ]
      },
      "id": "node/12762993670"
    },
    {
      "type": "Feature",
      "properties": {
        "@id": "node/12762993671",
        "name": "Nāga Tolpui",
        "name:en": "Naga Tolpui",
        "place": "hamlet",
        "source:name": "SOI"
      },
      "geometry": {
        "type": "Point",
        "coordinates": [
          93.2673812,
          25.2017183
        ]
      },
      "id": "node/12762993671"
    },
    {
      "type": "Feature",
      "properties": {
        "@id": "node/12762993672",
        "name": "Boljāng",
        "name:en": "Boljang",
        "place": "hamlet",
        "population:tribe": "KŪKI",
        "source:name": "SOI",
        "source:population:tribe": "SOI"
      },
      "geometry": {
        "type": "Point",
        "coordinates": [
          93.2408809,
          25.1976604
        ]
      },
      "id": "node/12762993672"
    },
    {
      "type": "Feature",
      "properties": {
        "@id": "node/12762993673",
        "name": "Purāna Laikul",
        "name:en": "Purana Leikul",
        "place": "hamlet",
        "population:tribe": "KŪKI",
        "source:name": "SOI",
        "source:population:tribe": "SOI"
      },
      "geometry": {
        "type": "Point",
        "coordinates": [
          93.2133937,
          25.196845
        ]
      },
      "id": "node/12762993673"
    },
    {
      "type": "Feature",
      "properties": {
        "@id": "node/12763020954",
        "name": "Yāh",
        "name:en": "Yah",
        "place": "hamlet",
        "source:name": "SOI"
      },
      "geometry": {
        "type": "Point",
        "coordinates": [
          93.2104754,
          25.2515857
        ]
      },
      "id": "node/12763020954"
    },
    {
      "type": "Feature",
      "properties": {
        "@id": "node/12763020955",
        "name": "Ebra",
        "name:en": "Ebra",
        "place": "hamlet",
        "source:name": "SOI"
      },
      "geometry": {
        "type": "Point",
        "coordinates": [
          93.1717765,
          25.2495577
        ]
      },
      "id": "node/12763020955"
    },
    {
      "type": "Feature",
      "properties": {
        "@id": "node/12763020956",
        "name": "Thāpa",
        "name:en": "Thapa",
        "place": "hamlet",
        "source:name": "SOI"
      },
      "geometry": {
        "type": "Point",
        "coordinates": [
          93.1879127,
          25.2486455
        ]
      },
      "id": "node/12763020956"
    },
    {
      "type": "Feature",
      "properties": {
        "@id": "node/12763020957",
        "name": "Chhota Laisong",
        "name:en": "Chhota Laisong",
        "place": "hamlet",
        "source:name": "estd. from SOI"
      },
      "geometry": {
        "type": "Point",
        "coordinates": [
          93.2748699,
          25.241872
        ]
      },
      "id": "node/12763020957"
    },
    {
      "type": "Feature",
      "properties": {
        "@id": "node/12763020958",
        "name": "Hegokulwa",
        "name:en": "Hegokulwa",
        "place": "hamlet",
        "source:name": "estd. from SOI"
      },
      "geometry": {
        "type": "Point",
        "coordinates": [
          93.2853734,
          25.2439002
        ]
      },
      "id": "node/12763020958"
    },
    {
      "type": "Feature",
      "properties": {
        "@id": "node/12763020959",
        "name": "Hegokulwa",
        "name:en": "Hegokulwa",
        "place": "hamlet",
        "source:name": "SOI"
      },
      "geometry": {
        "type": "Point",
        "coordinates": [
          93.2826778,
          25.2461758
        ]
      },
      "id": "node/12763020959"
    },
    {
      "type": "Feature",
      "properties": {
        "@id": "node/12763020960",
        "name": "Chhota Laisong",
        "name:en": "Chhota Laisong",
        "place": "hamlet",
        "source:name": "SOI"
      },
      "geometry": {
        "type": "Point",
        "coordinates": [
          93.2703852,
          25.2420758
        ]
      },
      "id": "node/12763020960"
    },
    {
      "type": "Feature",
      "properties": {
        "@id": "node/12763020961",
        "name": "Kapilo",
        "name:en": "Kapilo",
        "place": "hamlet",
        "source:name": "SOI"
      },
      "geometry": {
        "type": "Point",
        "coordinates": [
          93.3406162,
          25.2323128
        ]
      },
      "id": "node/12763020961"
    },
    {
      "type": "Feature",
      "properties": {
        "@id": "node/12763035018",
        "name": "Sulpīdong",
        "name:en": "Sulpidong",
        "place": "hamlet",
        "population:tribe": "KŪKI",
        "source:name": "SOI",
        "source:population:tribe": "SOI"
      },
      "geometry": {
        "type": "Point",
        "coordinates": [
          93.3942711,
          25.3464792
        ]
      },
      "id": "node/12763035018"
    },
    {
      "type": "Feature",
      "properties": {
        "@id": "node/12763035019",
        "name": "Thlungjang",
        "name:en": "Thlungjang",
        "place": "hamlet",
        "population:tribe": "KŪKI",
        "source:name": "estd. from SOI",
        "source:population:tribe": "SOI"
      },
      "geometry": {
        "type": "Point",
        "coordinates": [
          93.4147095,
          25.367857
        ]
      },
      "id": "node/12763035019"
    },
    {
      "type": "Feature",
      "properties": {
        "@id": "node/12763035022",
        "name": "Thingvom",
        "name:en": "Thingvom",
        "place": "hamlet",
        "population:tribe": "KŪKI",
        "source:name": "SOI",
        "source:population:tribe": "SOI"
      },
      "geometry": {
        "type": "Point",
        "coordinates": [
          93.3963847,
          25.3758206
        ]
      },
      "id": "node/12763035022"
    },
    {
      "type": "Feature",
      "properties": {
        "@id": "node/12763035023",
        "name": "Mongjang",
        "name:en": "Mongjang",
        "place": "hamlet",
        "population:tribe": "KŪKI",
        "source:name": "SOI",
        "source:population:tribe": "SOI"
      },
      "geometry": {
        "type": "Point",
        "coordinates": [
          93.4173489,
          25.3908304
        ]
      },
      "id": "node/12763035023"
    },
    {
      "type": "Feature",
      "properties": {
        "@id": "node/12763035024",
        "name": "Tongikro",
        "name:en": "Tongikro",
        "place": "hamlet",
        "population:tribe": "Kachāri",
        "source:name": "SOI",
        "source:population:tribe": "SOI"
      },
      "geometry": {
        "type": "Point",
        "coordinates": [
          93.3822441,
          25.4026934
        ]
      },
      "id": "node/12763035024"
    },
    {
      "type": "Feature",
      "properties": {
        "@id": "node/12763035026",
        "name": "Kepre",
        "name:en": "Kepre",
        "place": "hamlet",
        "population:tribe": "Kachāri",
        "source:name": "SOI",
        "source:population:tribe": "SOI"
      },
      "geometry": {
        "type": "Point",
        "coordinates": [
          93.3637905,
          25.4301173
        ]
      },
      "id": "node/12763035026"
    },
    {
      "type": "Feature",
      "properties": {
        "@id": "node/12763035027",
        "name": "Kepre",
        "name:en": "Kepre",
        "place": "hamlet",
        "population:tribe": "Kachāri",
        "source:name": "SOI",
        "source:population:tribe": "SOI"
      },
      "geometry": {
        "type": "Point",
        "coordinates": [
          93.3597779,
          25.4408913
        ]
      },
      "id": "node/12763035027"
    },
    {
      "type": "Feature",
      "properties": {
        "@id": "node/12763035028",
        "name": "Kolādīsa",
        "name:en": "Koladisa",
        "place": "hamlet",
        "population:tribe": "Kachāri",
        "source:name": "SOI",
        "source:population:tribe": "SOI"
      },
      "geometry": {
        "type": "Point",
        "coordinates": [
          93.379476,
          25.4734595
        ]
      },
      "id": "node/12763035028"
    },
    {
      "type": "Feature",
      "properties": {
        "@id": "node/12763035029",
        "name": "Dāoblibdīsa",
        "name:en": "Daoblibdisa",
        "place": "hamlet",
        "population:tribe": "Kachāri",
        "source:name": "SOI",
        "source:population:tribe": "SOI"
      },
      "geometry": {
        "type": "Point",
        "coordinates": [
          93.3986592,
          25.4317451
        ]
      },
      "id": "node/12763035029"
    },
    {
      "type": "Feature",
      "properties": {
        "@id": "node/12763035030",
        "name": "Prāsadimdik",
        "name:en": "Prasadimdik",
        "place": "hamlet",
        "population:tribe": "Kachāri",
        "source:name": "SOI",
        "source:population:tribe": "SOI"
      },
      "geometry": {
        "type": "Point",
        "coordinates": [
          93.4173488,
          25.4445341
        ]
      },
      "id": "node/12763035030"
    },
    {
      "type": "Feature",
      "properties": {
        "@id": "node/12763035031",
        "name": "Bongkhai",
        "name:en": "Bongkhai",
        "place": "hamlet",
        "population:tribe": "Kachāri",
        "source:name": "SOI",
        "source:population:tribe": "SOI"
      },
      "geometry": {
        "type": "Point",
        "coordinates": [
          93.4349549,
          25.4340317
        ]
      },
      "id": "node/12763035031"
    },
    {
      "type": "Feature",
      "properties": {
        "@id": "node/12763154830",
        "fixme": "check name",
        "name": "Didāodip",
        "name:en": "Didaodip",
        "place": "hamlet",
        "source:name": "estd. from SOI"
      },
      "geometry": {
        "type": "Point",
        "coordinates": [
          93.1455445,
          25.2536235
        ]
      },
      "id": "node/12763154830"
    },
    {
      "type": "Feature",
      "properties": {
        "@id": "node/12763154832",
        "name": "Mādāi Rāja Hājong",
        "name:en": "Madai Raja Hajong",
        "place": "hamlet",
        "source:name": "SOI"
      },
      "geometry": {
        "type": "Point",
        "coordinates": [
          93.0803347,
          25.3232161
        ]
      },
      "id": "node/12763154832"
    },
    {
      "type": "Feature",
      "properties": {
        "@id": "node/12763154833",
        "name": "Jāmbirling",
        "name:en": "Jambirling",
        "place": "hamlet",
        "source:name": "SOI"
      },
      "geometry": {
        "type": "Point",
        "coordinates": [
          93.0789184,
          25.3214026
        ]
      },
      "id": "node/12763154833"
    },
    {
      "type": "Feature",
      "properties": {
        "@id": "node/12763154834",
        "name": "Nātudīsa",
        "name:en": "Natudisa",
        "place": "hamlet",
        "source:name": "SOI"
      },
      "geometry": {
        "type": "Point",
        "coordinates": [
          93.0621064,
          25.3186677
        ]
      },
      "id": "node/12763154834"
    },
    {
      "type": "Feature",
      "properties": {
        "@id": "node/12763154835",
        "fixme": "check name",
        "name": "Nābīn",
        "name:en": "Naibin",
        "place": "hamlet",
        "source:name": "estd. from SOI"
      },
      "geometry": {
        "type": "Point",
        "coordinates": [
          93.0384922,
          25.3343876
        ]
      },
      "id": "node/12763154835"
    },
    {
      "type": "Feature",
      "properties": {
        "@id": "node/12763154836",
        "fixme": "check name",
        "name": "Longmalai",
        "name:en": "Longmalai",
        "place": "hamlet",
        "source:name": "estd. from SOI"
      },
      "geometry": {
        "type": "Point",
        "coordinates": [
          93.0329346,
          25.3393718
        ]
      },
      "id": "node/12763154836"
    },
    {
      "type": "Feature",
      "properties": {
        "@id": "node/12763154837",
        "fixme": "check name",
        "name": "Āsrang",
        "name:en": "Asrang",
        "place": "hamlet",
        "source:name": "estd. from SOI"
      },
      "geometry": {
        "type": "Point",
        "coordinates": [
          93.0020893,
          25.3345815
        ]
      },
      "id": "node/12763154837"
    },
    {
      "type": "Feature",
      "properties": {
        "@id": "node/12763154838",
        "name": "Longjai",
        "name:en": "Longjai",
        "place": "hamlet",
        "source:name": "SOI"
      },
      "geometry": {
        "type": "Point",
        "coordinates": [
          93.0855489,
          25.3338446
        ]
      },
      "id": "node/12763154838"
    },
    {
      "type": "Feature",
      "properties": {
        "@id": "node/12763154839",
        "name": "Krāmtondolia",
        "name:en": "Kramtongdolia",
        "place": "hamlet",
        "source:name": "SOI"
      },
      "geometry": {
        "type": "Point",
        "coordinates": [
          93.0998611,
          25.345209
        ]
      },
      "id": "node/12763154839"
    },
    {
      "type": "Feature",
      "properties": {
        "@id": "node/12763154840",
        "name": "Kimkridīsa",
        "name:en": "Kimkridisa",
        "place": "hamlet",
        "source:name": "SOI"
      },
      "geometry": {
        "type": "Point",
        "coordinates": [
          93.1062984,
          25.3425716
        ]
      },
      "id": "node/12763154840"
    },
    {
      "type": "Feature",
      "properties": {
        "@id": "node/12763154841",
        "name": "Mahurpurna",
        "name:en": "Mahurpurna",
        "place": "hamlet",
        "source:name": "SOI"
      },
      "geometry": {
        "type": "Point",
        "coordinates": [
          93.1069207,
          25.3391391
        ]
      },
      "id": "node/12763154841"
    },
    {
      "type": "Feature",
      "properties": {
        "@id": "node/12763154842",
        "name": "Mahurwāpu",
        "name:en": "Mahurwapu",
        "place": "hamlet",
        "source:name": "SOI"
      },
      "geometry": {
        "type": "Point",
        "coordinates": [
          93.1098819,
          25.3366179
        ]
      },
      "id": "node/12763154842"
    },
    {
      "type": "Feature",
      "properties": {
        "@id": "node/12763154843",
        "name": "Salikāntapur",
        "name:en": "Salikantapur",
        "place": "hamlet",
        "source:name": "SOI"
      },
      "geometry": {
        "type": "Point",
        "coordinates": [
          93.1205249,
          25.3295681
        ]
      },
      "id": "node/12763154843"
    },
    {
      "type": "Feature",
      "properties": {
        "@id": "node/12763154844",
        "name": "Dīsagisim",
        "name:en": "Disagisim",
        "place": "hamlet",
        "source:name": "SOI"
      },
      "geometry": {
        "type": "Point",
        "coordinates": [
          93.1035733,
          25.3262419
        ]
      },
      "id": "node/12763154844"
    },
    {
      "type": "Feature",
      "properties": {
        "@id": "node/12763155668",
        "alt_name": "Nūtan Lāmpoo",
        "alt_name:en": "Nutan Lampoo",
        "name": "Khāuthāmdīsa",
        "name:en": "Khauthamdisa",
        "place": "hamlet",
        "source:name": "SOI"
      },
      "geometry": {
        "type": "Point",
        "coordinates": [
          93.1252455,
          25.3117915
        ]
      },
      "id": "node/12763155668"
    },
    {
      "type": "Feature",
      "properties": {
        "@id": "node/12763155669",
        "name": "Dāmsodāingphai",
        "name:en": "Damsodaingphai",
        "place": "hamlet",
        "source:name": "SOI"
      },
      "geometry": {
        "type": "Point",
        "coordinates": [
          93.1277132,
          25.2846512
        ]
      },
      "id": "node/12763155669"
    },
    {
      "type": "Feature",
      "properties": {
        "@id": "node/12763155670",
        "name": "Lungkhor",
        "name:en": "Lungkhor",
        "place": "hamlet",
        "source:name": "SOI"
      },
      "geometry": {
        "type": "Point",
        "coordinates": [
          93.1354379,
          25.2751633
        ]
      },
      "id": "node/12763155670"
    },
    {
      "type": "Feature",
      "properties": {
        "@id": "node/12763155671",
        "name": "Khāilimdīsa",
        "name:en": "Khailimdisa",
        "place": "hamlet",
        "source:name": "SOI"
      },
      "geometry": {
        "type": "Point",
        "coordinates": [
          93.1603288,
          25.2681972
        ]
      },
      "id": "node/12763155671"
    },
    {
      "type": "Feature",
      "properties": {
        "@id": "node/12763155672",
        "name": "Nūtan Wādrengdīsa",
        "name:en": "Nutan Wadrengdisa",
        "place": "hamlet",
        "source:name": "SOI"
      },
      "geometry": {
        "type": "Point",
        "coordinates": [
          93.1704783,
          25.2741155
        ]
      },
      "id": "node/12763155672"
    },
    {
      "type": "Feature",
      "properties": {
        "@id": "node/12763155673",
        "name": "Mosāibāri",
        "name:en": "Mosaibari",
        "place": "hamlet",
        "source:name": "SOI"
      },
      "geometry": {
        "type": "Point",
        "coordinates": [
          93.1886959,
          25.280761
        ]
      },
      "id": "node/12763155673"
    },
    {
      "type": "Feature",
      "properties": {
        "@id": "node/12763155674",
        "name": "Purāna Dukhāling",
        "name:en": "Purana Dukhaling",
        "place": "hamlet",
        "source:name": "SOI"
      },
      "geometry": {
        "type": "Point",
        "coordinates": [
          93.2016456,
          25.2833318
        ]
      },
      "id": "node/12763155674"
    },
    {
      "type": "Feature",
      "properties": {
        "@id": "node/12763155675",
        "name": "Guilung",
        "name:en": "Guilung",
        "place": "hamlet",
        "population:tribe": "Nāga",
        "source:name": "SOI",
        "source:population:tribe": "SOI"
      },
      "geometry": {
        "type": "Point",
        "coordinates": [
          93.2457089,
          25.2879495
        ]
      },
      "id": "node/12763155675"
    },
    {
      "type": "Feature",
      "properties": {
        "@id": "node/12763155676",
        "name": "Semkhor",
        "name:en": "Semkhor",
        "place": "hamlet",
        "population:tribe": "KACHĀRI",
        "source:name": "SOI",
        "source:population:tribe": "SOI"
      },
      "geometry": {
        "type": "Point",
        "coordinates": [
          93.2990634,
          25.2785782
        ]
      },
      "id": "node/12763155676"
    },
    {
      "type": "Feature",
      "properties": {
        "@id": "node/12772101647",
        "name": "Phura",
        "name:en": "Phura",
        "place": "hamlet",
        "population:tribe": "KACHĀRI",
        "source:name": "SOI",
        "source:population:tribe": "SOI"
      },
      "geometry": {
        "type": "Point",
        "coordinates": [
          93.0657434,
          25.1612891
        ]
      },
      "id": "node/12772101647"
    },
    {
      "type": "Feature",
      "properties": {
        "@id": "node/12772101648",
        "name": "Longma",
        "name:en": "Longma",
        "place": "hamlet",
        "population:tribe": "KACHĀRI",
        "source:name": "SOI",
        "source:population:tribe": "SOI"
      },
      "geometry": {
        "type": "Point",
        "coordinates": [
          93.0653787,
          25.1484701
        ]
      },
      "id": "node/12772101648"
    },
    {
      "type": "Feature",
      "properties": {
        "@id": "node/12772101649",
        "name": "Hange",
        "name:en": "Hange",
        "place": "hamlet",
        "population:tribe": "KŪKI",
        "source:name": "SOI",
        "source:population:tribe": "SOI"
      },
      "geometry": {
        "type": "Point",
        "coordinates": [
          93.1167,
          25.1622699
        ]
      },
      "id": "node/12772101649"
    },
    {
      "type": "Feature",
      "properties": {
        "@id": "node/12772101650",
        "name": "Nomjāng",
        "name:en": "Nomjang",
        "place": "hamlet",
        "population:tribe": "KŪKI",
        "source:name": "SOI",
        "source:population:tribe": "SOI"
      },
      "geometry": {
        "type": "Point",
        "coordinates": [
          93.1017601,
          25.1579583
        ]
      },
      "id": "node/12772101650"
    },
    {
      "type": "Feature",
      "properties": {
        "@id": "node/12772142993",
        "name": "Nutan Kāpurchhara",
        "name:en": "Nutan Kapurchhara",
        "place": "hamlet",
        "source:name": "SOI"
      },
      "geometry": {
        "type": "Point",
        "coordinates": [
          92.9196274,
          25.1164363
        ]
      },
      "id": "node/12772142993"
    },
    {
      "type": "Feature",
      "properties": {
        "@id": "node/12772142994",
        "name": "Māilongdisa",
        "name:en": "Mailingdisa",
        "place": "hamlet",
        "source:name": "estd. from SOI"
      },
      "geometry": {
        "type": "Point",
        "coordinates": [
          92.9181254,
          25.1220996
        ]
      },
      "id": "node/12772142994"
    },
    {
      "type": "Feature",
      "properties": {
        "@id": "node/12772142995",
        "name": "Lālābasti",
        "name:en": "Lalabasti",
        "place": "hamlet",
        "source:name": "SOI"
      },
      "geometry": {
        "type": "Point",
        "coordinates": [
          92.9000795,
          25.1177963
        ]
      },
      "id": "node/12772142995"
    },
    {
      "type": "Feature",
      "properties": {
        "@id": "node/12772142996",
        "name": "Mahaārājpur",
        "name:en": "Maharajpur",
        "place": "hamlet",
        "source:name": "SOI"
      },
      "geometry": {
        "type": "Point",
        "coordinates": [
          92.8712404,
          25.1203414
        ]
      },
      "id": "node/12772142996"
    },
    {
      "type": "Feature",
      "properties": {
        "@id": "node/12772142997",
        "name": "Mahaārājpur",
        "name:en": "Maharajpur",
        "place": "hamlet",
        "source:name": "SOI"
      },
      "geometry": {
        "type": "Point",
        "coordinates": [
          92.8748774,
          25.1233819
        ]
      },
      "id": "node/12772142997"
    },
    {
      "type": "Feature",
      "properties": {
        "@id": "node/12772143969",
        "name": "Chhota Hāflong",
        "name:en": "Chhota Haflong",
        "place": "hamlet",
        "population:tribe": "NĀGA",
        "source:name": "estd. from SOI",
        "source:population:tribe": "SOI"
      },
      "geometry": {
        "type": "Point",
        "coordinates": [
          92.9994821,
          25.1363103
        ]
      },
      "id": "node/12772143969"
    },
    {
      "type": "Feature",
      "properties": {
        "@id": "node/12772143971",
        "name": "Chāikam",
        "name:en": "Chaikambao",
        "place": "hamlet",
        "population:tribe": "NĀGA",
        "source:name": "SOI",
        "source:population:tribe": "SOI"
      },
      "geometry": {
        "type": "Point",
        "coordinates": [
          92.9838127,
          25.2006796
        ]
      },
      "id": "node/12772143971"
    },
    {
      "type": "Feature",
      "properties": {
        "@id": "node/12772143974",
        "name": "Mahādeo",
        "name:en": "Mahadeo",
        "place": "hamlet",
        "population:tribe": "NEPALI",
        "source:name": "SOI",
        "source:population:tribe": "SOI"
      },
      "geometry": {
        "type": "Point",
        "coordinates": [
          93.0062413,
          25.1573901
        ]
      },
      "id": "node/12772143974"
    },
    {
      "type": "Feature",
      "properties": {
        "@id": "node/12772143975",
        "name": "Hokāi",
        "name:en": "Hokai",
        "place": "hamlet",
        "source:name": "SOI"
      },
      "geometry": {
        "type": "Point",
        "coordinates": [
          92.981962,
          25.1684652
        ]
      },
      "id": "node/12772143975"
    },
    {
      "type": "Feature",
      "properties": {
        "@id": "node/12772143976",
        "name": "Kelelo",
        "name:en": "Kelelo",
        "place": "hamlet",
        "population:tribe": "NĀGA",
        "source:name": "SOI",
        "source:population:tribe": "SOI"
      },
      "geometry": {
        "type": "Point",
        "coordinates": [
          93.0429178,
          25.1352516
        ]
      },
      "id": "node/12772143976"
    },
    {
      "type": "Feature",
      "properties": {
        "@id": "node/12772143977",
        "name": "Nutan Laikul",
        "name:en": "Nutan Laikul",
        "place": "hamlet",
        "population:tribe": "KŪKI",
        "source:name": "SOI",
        "source:population:tribe": "SOI"
      },
      "geometry": {
        "type": "Point",
        "coordinates": [
          93.0483413,
          25.1320172
        ]
      },
      "id": "node/12772143977"
    },
    {
      "type": "Feature",
      "properties": {
        "@id": "node/12772151787",
        "name": "Bara Mulkai",
        "name:en": "Bara Mulkai",
        "place": "hamlet",
        "source:name": "SOI"
      },
      "geometry": {
        "type": "Point",
        "coordinates": [
          92.8953588,
          25.1083536
        ]
      },
      "id": "node/12772151787"
    },
    {
      "type": "Feature",
      "properties": {
        "@id": "node/12772151788",
        "name": "Rekha",
        "name:en": "Rekha",
        "place": "hamlet",
        "source:name": "SOI"
      },
      "geometry": {
        "type": "Point",
        "coordinates": [
          92.8835142,
          25.1101703
        ]
      },
      "id": "node/12772151788"
    },
    {
      "type": "Feature",
      "properties": {
        "@id": "node/12772151789",
        "name": "Rekha",
        "name:en": "Rekha",
        "place": "hamlet",
        "source:name": "SOI"
      },
      "geometry": {
        "type": "Point",
        "coordinates": [
          92.878198,
          25.1104181
        ]
      },
      "id": "node/12772151789"
    },
    {
      "type": "Feature",
      "properties": {
        "@id": "node/12772151790",
        "name": "Doloichunga",
        "name:en": "Doloichunga",
        "place": "hamlet",
        "source:name": "SOI"
      },
      "geometry": {
        "type": "Point",
        "coordinates": [
          92.8651571,
          25.1041081
        ]
      },
      "id": "node/12772151790"
    },
    {
      "type": "Feature",
      "properties": {
        "@id": "node/12772151791",
        "name": "Chhota Mulkai",
        "name:en": "Chhota Mulkai",
        "place": "hamlet",
        "source:name": "SOI"
      },
      "geometry": {
        "type": "Point",
        "coordinates": [
          92.882629,
          25.098303
        ]
      },
      "id": "node/12772151791"
    },
    {
      "type": "Feature",
      "properties": {
        "@id": "node/12772151792",
        "name": "Chhota Kāpurchhara",
        "name:en": "Chhota Kapurchhara",
        "place": "hamlet",
        "source:name": "SOI"
      },
      "geometry": {
        "type": "Point",
        "coordinates": [
          92.9219985,
          25.1043315
        ]
      },
      "id": "node/12772151792"
    },
    {
      "type": "Feature",
      "properties": {
        "@id": "node/12772151793",
        "name": "Kāpurchhara",
        "name:en": "Kapurchhara",
        "place": "hamlet",
        "source:name": "SOI"
      },
      "geometry": {
        "type": "Point",
        "coordinates": [
          92.9157436,
          25.1099663
        ]
      },
      "id": "node/12772151793"
    },
    {
      "type": "Feature",
      "properties": {
        "@id": "node/12772151794",
        "name": "Miyungkro",
        "name:en": "Miyungkro",
        "place": "hamlet",
        "source:name": "SOI"
      },
      "geometry": {
        "type": "Point",
        "coordinates": [
          92.9437351,
          25.1110738
        ]
      },
      "id": "node/12772151794"
    },
    {
      "type": "Feature",
      "properties": {
        "@id": "node/12772151795",
        "name": "Lāmpu",
        "name:en": "Lampu",
        "place": "hamlet",
        "source:name": "SOI"
      },
      "geometry": {
        "type": "Point",
        "coordinates": [
          92.9620975,
          25.1162274
        ]
      },
      "id": "node/12772151795"
    },
    {
      "type": "Feature",
      "properties": {
        "@id": "node/12772151796",
        "name": "Retzol",
        "name:en": "Retzol",
        "place": "hamlet",
        "source:name": "SOI"
      },
      "geometry": {
        "type": "Point",
        "coordinates": [
          92.9793227,
          25.1073724
        ]
      },
      "id": "node/12772151796"
    },
    {
      "type": "Feature",
      "properties": {
        "@id": "node/12772646080",
        "name": "Kāokang",
        "name:en": "Kaokang",
        "place": "hamlet",
        "source:name": "SOI"
      },
      "geometry": {
        "type": "Point",
        "coordinates": [
          93.175596,
          25.1761652
        ]
      },
      "id": "node/12772646080"
    },
    {
      "type": "Feature",
      "properties": {
        "@id": "node/12772646081",
        "name": "Kāokang",
        "name:en": "Kaokang",
        "place": "hamlet",
        "source:name": "SOI"
      },
      "geometry": {
        "type": "Point",
        "coordinates": [
          93.1766903,
          25.1790295
        ]
      },
      "id": "node/12772646081"
    },
    {
      "type": "Feature",
      "properties": {
        "@id": "node/12772647111",
        "name": "Longkhāo",
        "name:en": "Longkhao",
        "place": "hamlet",
        "population:tribe": "RANGKHOL",
        "source:name": "SOI",
        "source:population:tribe": "SOI"
      },
      "geometry": {
        "type": "Point",
        "coordinates": [
          93.0021429,
          25.2023007
        ]
      },
      "id": "node/12772647111"
    },
    {
      "type": "Feature",
      "properties": {
        "@id": "node/12772647112",
        "name": "Bethel",
        "name:en": "Bethel",
        "place": "hamlet",
        "population:tribe": "RANGKHOL",
        "source:name": "SOI",
        "source:population:tribe": "SOI"
      },
      "geometry": {
        "type": "Point",
        "coordinates": [
          93.0037737,
          25.2006213
        ]
      },
      "id": "node/12772647112"
    },
    {
      "type": "Feature",
      "properties": {
        "@id": "node/12772647113",
        "name": "Zion",
        "name:en": "Zion",
        "place": "hamlet",
        "population:tribe": "RANGKHOL",
        "source:name": "SOI",
        "source:population:tribe": "SOI"
      },
      "geometry": {
        "type": "Point",
        "coordinates": [
          93.0017996,
          25.1979225
        ]
      },
      "id": "node/12772647113"
    },
    {
      "type": "Feature",
      "properties": {
        "@id": "node/12772647121",
        "name": "Honbheng",
        "name:en": "Honbheng",
        "place": "hamlet",
        "population:tribe": "HMĀR",
        "source:name": "SOI",
        "source:population:tribe": "SOI"
      },
      "geometry": {
        "type": "Point",
        "coordinates": [
          93.0252528,
          25.1733785
        ]
      },
      "id": "node/12772647121"
    },
    {
      "type": "Feature",
      "properties": {
        "@id": "node/12772647127",
        "name": "Semdhikar",
        "name:en": "Semdhikar",
        "place": "hamlet",
        "population:tribe": "KACHĀRI",
        "source:name": "SOI",
        "source:population:tribe": "SOI"
      },
      "geometry": {
        "type": "Point",
        "coordinates": [
          93.1132078,
          25.1891754
        ]
      },
      "id": "node/12772647127"
    },
    {
      "type": "Feature",
      "properties": {
        "@id": "node/12772647128",
        "name": "Khanunum",
        "name:en": "Khanunum",
        "place": "hamlet",
        "population:tribe": "KŪKI",
        "source:name": "SOI",
        "source:population:tribe": "SOI"
      },
      "geometry": {
        "type": "Point",
        "coordinates": [
          93.1010198,
          25.1924569
        ]
      },
      "id": "node/12772647128"
    },
    {
      "type": "Feature",
      "properties": {
        "@id": "node/12772647129",
        "name": "Chhota Rongmalāi",
        "name:en": "Chhota Rongmalai",
        "place": "hamlet",
        "population:tribe": "NEPALI",
        "source:name": "SOI",
        "source:population:tribe": "SOI"
      },
      "geometry": {
        "type": "Point",
        "coordinates": [
          93.1010842,
          25.1839521
        ]
      },
      "id": "node/12772647129"
    },
    {
      "type": "Feature",
      "properties": {
        "@id": "node/12772647130",
        "name": "Wāphu",
        "name:en": "Waphu",
        "place": "hamlet",
        "source:name": "SOI"
      },
      "geometry": {
        "type": "Point",
        "coordinates": [
          93.0780601,
          25.1731843
        ]
      },
      "id": "node/12772647130"
    },
    {
      "type": "Feature",
      "properties": {
        "@id": "node/12772647132",
        "name": "Hange",
        "name:en": "Hange",
        "place": "hamlet",
        "population:tribe": "KŪKI & NĀGA",
        "source:name": "SOI",
        "source:population:tribe": "SOI"
      },
      "geometry": {
        "type": "Point",
        "coordinates": [
          93.1146723,
          25.1665814
        ]
      },
      "id": "node/12772647132"
    },
    {
      "type": "Feature",
      "properties": {
        "@id": "node/12777284295",
        "name": "New Zoār",
        "name:en": "New Zoar",
        "place": "hamlet",
        "population:tribe": "HMĀR",
        "source:name": "SOI",
        "source:population:tribe": "SOI"
      },
      "geometry": {
        "type": "Point",
        "coordinates": [
          93.1171332,
          25.2111404
        ]
      },
      "id": "node/12777284295"
    },
    {
      "type": "Feature",
      "properties": {
        "@id": "node/12777303817",
        "fixme": "chack name",
        "name": "Jembāi",
        "name:en": "Jembai",
        "place": "hamlet",
        "population:tribe": "KACHĀRI",
        "source:name": "estd. from SOI",
        "source:population:tribe": "SOI"
      },
      "geometry": {
        "type": "Point",
        "coordinates": [
          93.0836284,
          25.2041937
        ]
      },
      "id": "node/12777303817"
    },
    {
      "type": "Feature",
      "properties": {
        "@id": "node/12778196578",
        "name": "Samserpur",
        "name:en": "Samserpur",
        "place": "hamlet",
        "source:name": "SOI"
      },
      "geometry": {
        "type": "Point",
        "coordinates": [
          93.1595778,
          25.222122
        ]
      },
      "id": "node/12778196578"
    },
    {
      "type": "Feature",
      "properties": {
        "@id": "node/12778201165",
        "name": "Thoi",
        "name:en": "Thoi",
        "place": "hamlet",
        "source:name": "SOI"
      },
      "geometry": {
        "type": "Point",
        "coordinates": [
          93.146553,
          25.2036695
        ]
      },
      "id": "node/12778201165"
    },
    {
      "type": "Feature",
      "properties": {
        "@id": "node/12784837283",
        "name": "Naithāng Punji",
        "name:en": "Naithang Punji",
        "place": "hamlet",
        "source:name": "SOI"
      },
      "geometry": {
        "type": "Point",
        "coordinates": [
          93.1762075,
          24.9334165
        ]
      },
      "id": "node/12784837283"
    },
    {
      "type": "Feature",
      "properties": {
        "@id": "node/12785501082",
        "name": "Tatephāi",
        "name:en": "Tatephai",
        "place": "hamlet",
        "source:name": "SOI"
      },
      "geometry": {
        "type": "Point",
        "coordinates": [
          93.2386172,
          24.9892088
        ]
      },
      "id": "node/12785501082"
    },
    {
      "type": "Feature",
      "properties": {
        "@id": "node/12810534491",
        "name": "Phaipi",
        "name:en": "Phaipi",
        "place": "hamlet",
        "population:tribe": "HMĀR",
        "source:name": "SOI",
        "source:population:tribe": "SOI"
      },
      "geometry": {
        "type": "Point",
        "coordinates": [
          93.2261395,
          25.025048
        ]
      },
      "id": "node/12810534491"
    },
    {
      "type": "Feature",
      "properties": {
        "@id": "node/12810534492",
        "name": "Nenthe",
        "name:en": "Nenthe",
        "place": "hamlet",
        "source:name": "SOI"
      },
      "geometry": {
        "type": "Point",
        "coordinates": [
          93.1830311,
          24.9911829
        ]
      },
      "id": "node/12810534492"
    },
    {
      "type": "Feature",
      "properties": {
        "@id": "node/12810561848",
        "name": "Rāmbhom",
        "name:en": "Rambhom",
        "place": "hamlet",
        "source:name": "SOI"
      },
      "geometry": {
        "type": "Point",
        "coordinates": [
          93.2074526,
          24.9956487
        ]
      },
      "id": "node/12810561848"
    },
    {
      "type": "Feature",
      "properties": {
        "@id": "node/12810563320",
        "name": "Mauchār",
        "name:en": "Mauchar",
        "place": "hamlet",
        "population:tribe": "HMĀR",
        "source:name": "SOI",
        "source:population:tribe": "SOI"
      },
      "geometry": {
        "type": "Point",
        "coordinates": [
          93.1974024,
          25.0218739
        ]
      },
      "id": "node/12810563320"
    },
    {
      "type": "Feature",
      "properties": {
        "@id": "node/12810564149",
        "name": "Bara Ārkāp",
        "name:en": "Bora Arkap",
        "place": "hamlet",
        "source:name": "SOI"
      },
      "geometry": {
        "type": "Point",
        "coordinates": [
          93.1930947,
          25.0320182
        ]
      },
      "id": "node/12810564149"
    },
    {
      "type": "Feature",
      "properties": {
        "@id": "node/12832452124",
        "name": "Phāth",
        "name:en": "Phath",
        "place": "hamlet",
        "population:tribe": "KACHĀRI",
        "source:name": "SOI",
        "source:population:tribe": "SOI"
      },
      "geometry": {
        "type": "Point",
        "coordinates": [
          93.3370757,
          25.3908207
        ]
      },
      "id": "node/12832452124"
    },
    {
      "type": "Feature",
      "properties": {
        "@id": "node/12832452738",
        "fixme": "check name",
        "name": "Dārangbra",
        "name:en": "Darangbra",
        "place": "hamlet",
        "population:tribe": "KACHĀRI",
        "source:name": "SOI",
        "source:population:tribe": "SOI"
      },
      "geometry": {
        "type": "Point",
        "coordinates": [
          93.2799232,
          25.3355318
        ]
      },
      "id": "node/12832452738"
    },
    {
      "type": "Feature",
      "properties": {
        "@id": "node/12832452739",
        "name": "Dārangbra",
        "name:en": "Darangbra",
        "place": "hamlet",
        "population:tribe": "KACHĀRI",
        "source:name": "SOI",
        "source:population:tribe": "SOI"
      },
      "geometry": {
        "type": "Point",
        "coordinates": [
          93.2830882,
          25.3318082
        ]
      },
      "id": "node/12832452739"
    },
    {
      "type": "Feature",
      "properties": {
        "@id": "node/12832452740",
        "name": "Dārangibra",
        "name:en": "Darangibra",
        "place": "hamlet",
        "population:tribe": "KACHĀRI",
        "source:name": "SOI",
        "source:population:tribe": "SOI"
      },
      "geometry": {
        "type": "Point",
        "coordinates": [
          93.293066,
          25.4280243
        ]
      },
      "id": "node/12832452740"
    },
    {
      "type": "Feature",
      "properties": {
        "@id": "node/12832452741",
        "name": "Dārangbra",
        "name:en": "Darangbra",
        "place": "hamlet",
        "population:tribe": "KACHĀRI",
        "source:name": "SOI",
        "source:population:tribe": "SOI"
      },
      "geometry": {
        "type": "Point",
        "coordinates": [
          93.2763505,
          25.4210283
        ]
      },
      "id": "node/12832452741"
    },
    {
      "type": "Feature",
      "properties": {
        "@id": "node/12832452742",
        "name": "Nobdi Langting",
        "name:en": "Nobdi Langting",
        "place": "hamlet",
        "population:tribe": "KACHĀRI",
        "source:name": "SOI",
        "source:population:tribe": "SOI"
      },
      "geometry": {
        "type": "Point",
        "coordinates": [
          93.2903838,
          25.4024414
        ]
      },
      "id": "node/12832452742"
    },
    {
      "type": "Feature",
      "properties": {
        "@id": "node/12832452743",
        "name": "Dīdāmbra",
        "name:en": "Didambra",
        "place": "hamlet",
        "population:tribe": "KACHĀRI",
        "source:name": "SOI",
        "source:population:tribe": "SOI"
      },
      "geometry": {
        "type": "Point",
        "coordinates": [
          93.2837963,
          25.3531208
        ]
      },
      "id": "node/12832452743"
    },
    {
      "type": "Feature",
      "properties": {
        "@id": "node/12832452744",
        "name": "Dīdam Kharo",
        "name:en": "Didam Kharo",
        "place": "hamlet",
        "population:tribe": "KACHĀRI",
        "source:name": "SOI",
        "source:population:tribe": "SOI"
      },
      "geometry": {
        "type": "Point",
        "coordinates": [
          93.2946646,
          25.3409329
        ]
      },
      "id": "node/12832452744"
    },
    {
      "type": "Feature",
      "properties": {
        "@id": "node/12832452745",
        "name": "Dārangi",
        "name:en": "Darangi",
        "place": "hamlet",
        "population:tribe": "KACHĀRI",
        "source:name": "SOI",
        "source:population:tribe": "SOI"
      },
      "geometry": {
        "type": "Point",
        "coordinates": [
          93.3178925,
          25.3635139
        ]
      },
      "id": "node/12832452745"
    },
    {
      "type": "Feature",
      "properties": {
        "@id": "node/12832452746",
        "name": "Hājādīsa",
        "name:en": "Hajadisa",
        "place": "village",
        "population:tribe": "KACHĀRI",
        "source:name": "SOI",
        "source:population:tribe": "SOI"
      },
      "geometry": {
        "type": "Point",
        "coordinates": [
          93.2950187,
          25.3812538
        ]
      },
      "id": "node/12832452746"
    },
    {
      "type": "Feature",
      "properties": {
        "@id": "node/12832452747",
        "name": "Nablaidisa",
        "name:en": "Nablaidisa",
        "place": "hamlet",
        "population:tribe": "KACHĀRI",
        "source:name": "SOI",
        "source:population:tribe": "SOI"
      },
      "geometry": {
        "type": "Point",
        "coordinates": [
          93.2654071,
          25.3801488
        ]
      },
      "id": "node/12832452747"
    },
    {
      "type": "Feature",
      "properties": {
        "@id": "node/12832453658",
        "fixme": "check name",
        "name": "Purānā Hājong",
        "name:en": "Purana Hajong",
        "place": "hamlet",
        "source:name": "SOI"
      },
      "geometry": {
        "type": "Point",
        "coordinates": [
          93.2097995,
          25.3662381
        ]
      },
      "id": "node/12832453658"
    },
    {
      "type": "Feature",
      "properties": {
        "@id": "node/12837597586",
        "name": "Hajāiluwa",
        "name:en": "Hajailuwa",
        "place": "hamlet",
        "source:name": "SOI"
      },
      "geometry": {
        "type": "Point",
        "coordinates": [
          93.3268297,
          25.2026211
        ]
      },
      "id": "node/12837597586"
    },
    {
      "type": "Feature",
      "properties": {
        "@id": "node/12837608126",
        "name": "Bara Nenglo",
        "name:en": "Bara Nenglo",
        "place": "hamlet",
        "source:name": "SOI"
      },
      "geometry": {
        "type": "Point",
        "coordinates": [
          93.3223718,
          25.1923986
        ]
      },
      "id": "node/12837608126"
    },
    {
      "type": "Feature",
      "properties": {
        "@id": "node/12900355553",
        "name": "Asālu",
        "name:en": "Asalu",
        "place": "hamlet",
        "population:tribe": "NĀGA",
        "source:name": "SOI",
        "source:population:tribe": "SOI"
      },
      "geometry": {
        "type": "Point",
        "coordinates": [
          93.178246,
          25.1862919
        ]
      },
      "id": "node/12900355553"
    },
    {
      "type": "Feature",
      "properties": {
        "@id": "node/12900355554",
        "name": "Imphoi",
        "name:en": "Imphoi",
        "place": "hamlet",
        "population:tribe": "NĀGA",
        "source:name": "SOI",
        "source:population:tribe": "SOI"
      },
      "geometry": {
        "type": "Point",
        "coordinates": [
          93.1975794,
          25.1830006
        ]
      },
      "id": "node/12900355554"
    },
    {
      "type": "Feature",
      "properties": {
        "@id": "node/12900355594",
        "name": "Ngālsung",
        "name:en": "Ngalsung",
        "place": "hamlet",
        "population:tribe": "HMĀR & KŪKI",
        "source:name": "SOI",
        "source:population:tribe": "SOI"
      },
      "geometry": {
        "type": "Point",
        "coordinates": [
          93.203558,
          25.1393455
        ]
      },
      "id": "node/12900355594"
    },
    {
      "type": "Feature",
      "properties": {
        "@id": "node/12900355595",
        "name": "Chhota Leikek",
        "name:en": "Chhota Leikek",
        "place": "hamlet",
        "population:tribe": "HMĀR & KŪKI",
        "source:name": "SOI",
        "source:population:tribe": "SOI"
      },
      "geometry": {
        "type": "Point",
        "coordinates": [
          93.2201743,
          25.1340253
        ]
      },
      "id": "node/12900355595"
    },
    {
      "type": "Feature",
      "properties": {
        "@id": "node/12900355596",
        "name": "Bara Leikek",
        "name:en": "Bara Leikek",
        "place": "hamlet",
        "population:tribe": "HMĀR",
        "source:name": "SOI",
        "source:population:tribe": "SOI"
      },
      "geometry": {
        "type": "Point",
        "coordinates": [
          93.2068062,
          25.1221773
        ]
      },
      "id": "node/12900355596"
    },
    {
      "type": "Feature",
      "properties": {
        "@id": "node/13063074494",
        "loc_name": "হাঁহচৰা",
        "name": "Hanhchara",
        "place": "village"
      },
      "geometry": {
        "type": "Point",
        "coordinates": [
          94.4769755,
          26.8397327
        ]
      },
      "id": "node/13063074494"
    },
    {
      "type": "Feature",
      "properties": {
        "@id": "node/13157898887",
        "name": "塔索",
        "name:en": "Taraso",
        "place": "village"
      },
      "geometry": {
        "type": "Point",
        "coordinates": [
          93.400461,
          26.9496031
        ]
      },
      "id": "node/13157898887"
    },
    {
      "type": "Feature",
      "properties": {
        "@id": "node/13174545278",
        "name": "Rongmala",
        "place": "village",
        "postal_code": "782446"
      },
      "geometry": {
        "type": "Point",
        "coordinates": [
          92.9539784,
          25.9357919
        ]
      },
      "id": "node/13174545278"
    },
    {
      "type": "Feature",
      "properties": {
        "@id": "node/13174553597",
        "name": "Dhal Pukhuri",
        "place": "village",
        "population": "1055",
        "postal_code": "782446"
      },
      "geometry": {
        "type": "Point",
        "coordinates": [
          92.9062937,
          25.9560655
        ]
      },
      "id": "node/13174553597"
    },
    {
      "type": "Feature",
      "properties": {
        "@id": "node/13260133588",
        "place": "hamlet"
      },
      "geometry": {
        "type": "Point",
        "coordinates": [
          92.4514317,
          24.2845429
        ]
      },
      "id": "node/13260133588"
    },
    {
      "type": "Feature",
      "properties": {
        "@id": "node/13260135133",
        "place": "village"
      },
      "geometry": {
        "type": "Point",
        "coordinates": [
          92.4219435,
          24.2456586
        ]
      },
      "id": "node/13260135133"
    },
    {
      "type": "Feature",
      "properties": {
        "@id": "node/13260144627",
        "place": "hamlet"
      },
      "geometry": {
        "type": "Point",
        "coordinates": [
          92.5146673,
          24.2228586
        ]
      },
      "id": "node/13260144627"
    },
    {
      "type": "Feature",
      "properties": {
        "@id": "node/13260144628",
        "place": "hamlet"
      },
      "geometry": {
        "type": "Point",
        "coordinates": [
          92.4729536,
          24.2186318
        ]
      },
      "id": "node/13260144628"
    },
    {
      "type": "Feature",
      "properties": {
        "@id": "node/13260144629",
        "place": "hamlet"
      },
      "geometry": {
        "type": "Point",
        "coordinates": [
          92.4914931,
          24.1696213
        ]
      },
      "id": "node/13260144629"
    },
    {
      "type": "Feature",
      "properties": {
        "@id": "node/13260144630",
        "place": "hamlet"
      },
      "geometry": {
        "type": "Point",
        "coordinates": [
          92.4782751,
          24.1844987
        ]
      },
      "id": "node/13260144630"
    },
    {
      "type": "Feature",
      "properties": {
        "@id": "node/13270195093",
        "name": "Alni",
        "place": "village"
      },
      "geometry": {
        "type": "Point",
        "coordinates": [
          93.0440078,
          24.7329595
        ]
      },
      "id": "node/13270195093"
    },
    {
      "type": "Feature",
      "properties": {
        "@id": "node/13303052230",
        "name": "Nakapur",
        "name:zh": "纳加布尔",
        "place": "village"
      },
      "geometry": {
        "type": "Point",
        "coordinates": [
          95.186892,
          27.5494505
        ]
      },
      "id": "node/13303052230"
    },
    {
      "type": "Feature",
      "properties": {
        "@id": "node/13322541951",
        "name": "Chandrapur",
        "place": "village"
      },
      "geometry": {
        "type": "Point",
        "coordinates": [
          92.9252995,
          24.8110087
        ]
      },
      "id": "node/13322541951"
    },
    {
      "type": "Feature",
      "properties": {
        "@id": "node/13366626514",
        "name": "Bhalukmari",
        "place": "village",
        "population": "1873",
        "postal_code": "782446"
      },
      "geometry": {
        "type": "Point",
        "coordinates": [
          92.9550185,
          25.9442065
        ]
      },
      "id": "node/13366626514"
    }
  ]
}